run_id,implementation,library_version,recipe_key,recipe_id,common_intersection,selected_pairwise_path,throughput_median_images_s,gpu_memory_median_mib,recipe_stages_json,cell_id_137,completed_images_137,duration_seconds_137,throughput_images_s_137,gpu_memory_peak_mib_137,gpu_memory_poll_ms_137,cell_id_138,completed_images_138,duration_seconds_138,throughput_images_s_138,gpu_memory_peak_mib_138,gpu_memory_poll_ms_138,cell_id_139,completed_images_139,duration_seconds_139,throughput_images_s_139,gpu_memory_peak_mib_139,gpu_memory_poll_ms_139
3f8e2e315710528399b8e82e2359ab85c58c809644595b68a92fb9d83492cc8c,albumentationsx_cpu,2.4.2,R01,Resize224+Normalize+ToTensor,True,False,4751.482153573984,1852.0,"[{""operation_id"":""Resize"",""parameters"":{""target_size"":224,""interpolation"":""bilinear""},""stochastic"":false,""randomness_scope"":""deterministic""},{""operation_id"":""Normalize"",""parameters"":{""mean"":[0.485,0.456,0.406],""std"":[0.229,0.224,0.225]},""stochastic"":false,""randomness_scope"":""deterministic""},{""operation_id"":""ToTensor"",""parameters"":{""layout"":""CHW"",""dtype"":""float16""},""stochastic"":false,""randomness_scope"":""deterministic""}]",0c307db06bd63c62d1f8b116030fcae7dd807c91af1e852428a1e3c4ea5c5555,8192,1.0557812120000563,7759.183348679976,1852.0,50,b5479350d5fc3021f71bb999d15b3da47c8d40c7324558774eda7bec084c165c,8192,1.7240936059999967,4751.482153573984,1852.0,50,f1615b52d4bbba60babfc227b609a35ac58713326e92aa688b5f0eeaa4a91ac8,8192,2.2910085260000415,3575.717814679076,1852.0,50
3f8e2e315710528399b8e82e2359ab85c58c809644595b68a92fb9d83492cc8c,albumentationsx_cpu,2.4.2,R02,RandomCrop224+Normalize+ToTensor,True,False,4740.040043223871,1852.0,"[{""operation_id"":""RandomCrop224"",""parameters"":{""height"":224,""width"":224},""stochastic"":true,""randomness_scope"":""per-image""},{""operation_id"":""Normalize"",""parameters"":{""mean"":[0.485,0.456,0.406],""std"":[0.229,0.224,0.225]},""stochastic"":false,""randomness_scope"":""deterministic""},{""operation_id"":""ToTensor"",""parameters"":{""layout"":""CHW"",""dtype"":""float16""},""stochastic"":false,""randomness_scope"":""deterministic""}]",24310b8e87299eb168b5f76c854a374d80b66425c485a8378bb34b1c7c7f6ebc,8192,1.7037495140000374,4808.218539570964,1852.0,50,be47cb67c44c66703fafee1bd99db9cf677148126c07652b99485e7e5ef8af78,8192,1.7282554420000906,4740.040043223871,1852.0,50,074eee734f7bd0cfea91207ba473f2f67b6edd4714fcbc9dc2738c603bd9b082,8192,1.825448594999898,4487.664030879192,1852.0,50
3f8e2e315710528399b8e82e2359ab85c58c809644595b68a92fb9d83492cc8c,albumentationsx_cpu,2.4.2,R03,RandomResizedCrop+Normalize+ToTensor,True,False,4785.4001134399605,1852.0,"[{""operation_id"":""RandomResizedCrop"",""parameters"":{""size"":[224,224],""width"":224,""scale"":[0.08,1.0],""ratio"":[0.75,1.3333333333333333],""interpolation"":""bilinear""},""stochastic"":true,""randomness_scope"":""per-image""},{""operation_id"":""Normalize"",""parameters"":{""mean"":[0.485,0.456,0.406],""std"":[0.229,0.224,0.225]},""stochastic"":false,""randomness_scope"":""deterministic""},{""operation_id"":""ToTensor"",""parameters"":{""layout"":""CHW"",""dtype"":""float16""},""stochastic"":false,""randomness_scope"":""deterministic""}]",27f77f2174bb591b5bdfa70022bbed16f2d27732b7b7a337bd0ea6c30ec6eba6,8192,1.7432142349998685,4699.365020961189,1852.0,50,cce28a7ee9ec5ac461a561f48ff0edd4a7fd22dcfb45f3dbcc65ec4e408c8b1a,8192,1.6707376790000126,4903.223350360519,1852.0,50,b8750a1f9e40a2d6daef0f5d280dfb861a368e4e3679be051fca44bc74e11139,8192,1.711873575000027,4785.4001134399605,1852.0,50
3f8e2e315710528399b8e82e2359ab85c58c809644595b68a92fb9d83492cc8c,albumentationsx_cpu,2.4.2,R04,RandomCrop224+HorizontalFlip+Normalize+ToTensor,True,False,4723.311832149731,1852.0,"[{""operation_id"":""RandomCrop224"",""parameters"":{""height"":224,""width"":224},""stochastic"":true,""randomness_scope"":""per-image""},{""operation_id"":""HorizontalFlip"",""parameters"":{},""stochastic"":false,""randomness_scope"":""deterministic""},{""operation_id"":""Normalize"",""parameters"":{""mean"":[0.485,0.456,0.406],""std"":[0.229,0.224,0.225]},""stochastic"":false,""randomness_scope"":""deterministic""},{""operation_id"":""ToTensor"",""parameters"":{""layout"":""CHW"",""dtype"":""float16""},""stochastic"":false,""randomness_scope"":""deterministic""}]",9d8868b5a31560505ceae4fa70239882248efe2451890f00950c97fd7d6623b4,8192,1.734376278999889,4723.311832149731,1852.0,50,f9b1ea40b711c4bc51e8465585f77ed3b569562f8b92ee4d14870e2202a28224,8192,1.6586384950001047,4938.990638824816,1852.0,50,e8753ff859e938d52d8af6db0040007fc193069dc61f70952288e8264b6eab0a,8192,1.765344235000157,4640.454726949768,1852.0,50
3f8e2e315710528399b8e82e2359ab85c58c809644595b68a92fb9d83492cc8c,albumentationsx_cpu,2.4.2,R05,RandomCrop224+VerticalFlip+Normalize+ToTensor,True,False,4907.187832249696,1852.0,"[{""operation_id"":""RandomCrop224"",""parameters"":{""height"":224,""width"":224},""stochastic"":true,""randomness_scope"":""per-image""},{""operation_id"":""VerticalFlip"",""parameters"":{},""stochastic"":false,""randomness_scope"":""deterministic""},{""operation_id"":""Normalize"",""parameters"":{""mean"":[0.485,0.456,0.406],""std"":[0.229,0.224,0.225]},""stochastic"":false,""randomness_scope"":""deterministic""},{""operation_id"":""ToTensor"",""parameters"":{""layout"":""CHW"",""dtype"":""float16""},""stochastic"":false,""randomness_scope"":""deterministic""}]",f92833c5791803ccf0e8a9efd042acaf3722804b155c2c55c61ea1ebedd13eb1,8192,1.6190902370001368,5059.631521945437,1852.0,50,1638ebe9c8cb6e22f8f4fadc4d32e7ed9d345bc845257d247454f3fa9b5817ce,8192,1.6693879020001532,4907.187832249696,1852.0,50,17ce2f161b2ba64790017ad34612b0ce14e911ae6d99a8a71cef211e985f9afd,8192,1.6860335530000157,4858.7407916193015,1852.0,50
3f8e2e315710528399b8e82e2359ab85c58c809644595b68a92fb9d83492cc8c,albumentationsx_cpu,2.4.2,R06,Pad+RandomCrop224+Normalize+ToTensor,False,False,4397.23057437174,1852.0,"[{""operation_id"":""Pad"",""parameters"":{""padding"":10,""fill"":0,""border_mode"":""constant""},""stochastic"":false,""randomness_scope"":""deterministic""},{""operation_id"":""RandomCrop224"",""parameters"":{""height"":224,""width"":224},""stochastic"":true,""randomness_scope"":""per-image""},{""operation_id"":""Normalize"",""parameters"":{""mean"":[0.485,0.456,0.406],""std"":[0.229,0.224,0.225]},""stochastic"":false,""randomness_scope"":""deterministic""},{""operation_id"":""ToTensor"",""parameters"":{""layout"":""CHW"",""dtype"":""float16""},""stochastic"":false,""randomness_scope"":""deterministic""}]",7aff43bd2e6a6c6cb8db65a7683c1d876de186e878db04241dff7d28d8549bf6,8192,1.7676003149999815,4634.531873796416,1852.0,50,3358a5e04f286ba6edf290df410e7f2e809ac239233799eba1ec4d7308d3023f,8192,1.8635234349999337,4395.973694852028,1852.0,50,76cffcd88ccae07f8878368c3362d6236305f23d4e4f4bf3a84ea8dc055c6a33,8192,1.8629907760000606,4397.23057437174,1852.0,50
3f8e2e315710528399b8e82e2359ab85c58c809644595b68a92fb9d83492cc8c,albumentationsx_cpu,2.4.2,R07,RandomCrop224+Rotate+Normalize+ToTensor,True,False,3351.746570998569,1852.0,"[{""operation_id"":""RandomCrop224"",""parameters"":{""height"":224,""width"":224},""stochastic"":true,""randomness_scope"":""per-image""},{""operation_id"":""Rotate"",""parameters"":{""angle_range"":[-45,45],""interpolation"":""nearest"",""mode"":""constant"",""fill"":0},""stochastic"":true,""randomness_scope"":""per-image""},{""operation_id"":""Normalize"",""parameters"":{""mean"":[0.485,0.456,0.406],""std"":[0.229,0.224,0.225]},""stochastic"":false,""randomness_scope"":""deterministic""},{""operation_id"":""ToTensor"",""parameters"":{""layout"":""CHW"",""dtype"":""float16""},""stochastic"":false,""randomness_scope"":""deterministic""}]",112514d0116690735a33c5126605ca86f16fb211dd26e3f1c01ae7eb65019580,8192,2.4440988679998554,3351.746570998569,1852.0,50,e1fbf24c968a94d7f87e810844582da122fea23af51cef0782ee1779941fc7b7,8192,2.365805610000052,3462.6682620808474,1852.0,50,b68422a9b2882b99fde81de30f81fb41a7956148f79bae6fe661506e9d3b2453,8192,2.4757967849998295,3308.8337660154784,1852.0,50
3f8e2e315710528399b8e82e2359ab85c58c809644595b68a92fb9d83492cc8c,albumentationsx_cpu,2.4.2,R08,RandomCrop224+Affine+Normalize+ToTensor,True,False,3049.2300529593617,1852.0,"[{""operation_id"":""RandomCrop224"",""parameters"":{""height"":224,""width"":224},""stochastic"":true,""randomness_scope"":""per-image""},{""operation_id"":""Affine"",""parameters"":{""angle"":25.0,""shift"":[20,20],""scale"":2.0,""shear"":[10.0,15.0],""interpolation"":""bilinear"",""mode"":""constant"",""fill"":0,""reference_size"":512},""stochastic"":true,""randomness_scope"":""per-image""},{""operation_id"":""Normalize"",""parameters"":{""mean"":[0.485,0.456,0.406],""std"":[0.229,0.224,0.225]},""stochastic"":false,""randomness_scope"":""deterministic""},{""operation_id"":""ToTensor"",""parameters"":{""layout"":""CHW"",""dtype"":""float16""},""stochastic"":false,""randomness_scope"":""deterministic""}]",5809fd2e3a9df7b2ebbf3de8891735dc32718642523167dfc535211e4a1c83f6,8192,3.0702082110001356,2668.2229467855586,1852.0,50,2af1018c86f360b2baec1f8ae22ae447a043e4f7fc9868ca09b907e698705896,8192,2.686579844000107,3049.2300529593617,1852.0,50,3b09a274434cfe9928e886b6d40a539ab1979fd3d5de59363e188b61b1518507,8192,2.5487585480000234,3214.1137913703724,1852.0,50
3f8e2e315710528399b8e82e2359ab85c58c809644595b68a92fb9d83492cc8c,albumentationsx_cpu,2.4.2,R09,RandomCrop224+Perspective+Normalize+ToTensor,False,False,2878.7097586879113,1852.0,"[{""operation_id"":""RandomCrop224"",""parameters"":{""height"":224,""width"":224},""stochastic"":true,""randomness_scope"":""per-image""},{""operation_id"":""Perspective"",""parameters"":{""scale"":[0.05,0.1],""interpolation"":""bilinear"",""fill"":0},""stochastic"":true,""randomness_scope"":""per-image""},{""operation_id"":""Normalize"",""parameters"":{""mean"":[0.485,0.456,0.406],""std"":[0.229,0.224,0.225]},""stochastic"":false,""randomness_scope"":""deterministic""},{""operation_id"":""ToTensor"",""parameters"":{""layout"":""CHW"",""dtype"":""float16""},""stochastic"":false,""randomness_scope"":""deterministic""}]",262a9d0062cf9725db7bf70c187b8f8b799a321118ea0139ac8e61492ce6d9a0,8192,2.845719327999859,2878.7097586879113,1852.0,50,fecd3e39f922d68b2e4360c174345f82aa1d23828d0c1f2dc6cd98d59b722ce0,8192,2.885591025000167,2838.9331436874445,1852.0,50,8c6a752674d79d18b3058552934aa9e3008339a68ec4ee4e278fe4ecff036a60,8192,2.7212071179999384,3010.4286975484038,1852.0,50
3f8e2e315710528399b8e82e2359ab85c58c809644595b68a92fb9d83492cc8c,albumentationsx_cpu,2.4.2,R10,RandomCrop224+Elastic+Normalize+ToTensor,False,False,1989.5649731255846,1852.0,"[{""operation_id"":""RandomCrop224"",""parameters"":{""height"":224,""width"":224},""stochastic"":true,""randomness_scope"":""per-image""},{""operation_id"":""Elastic"",""parameters"":{""alpha"":50.0,""sigma"":5.0,""interpolation"":""bilinear"",""approximate"":false,""same_dxdy"":true},""stochastic"":true,""randomness_scope"":""per-image""},{""operation_id"":""Normalize"",""parameters"":{""mean"":[0.485,0.456,0.406],""std"":[0.229,0.224,0.225]},""stochastic"":false,""randomness_scope"":""deterministic""},{""operation_id"":""ToTensor"",""parameters"":{""layout"":""CHW"",""dtype"":""float16""},""stochastic"":false,""randomness_scope"":""deterministic""}]",4d219137b3e180b81ef6f4b91f1359272d41e4eddb279757d15a8f139e041e70,8192,3.7015632069999356,2213.119036981,1852.0,50,dd0322700a3d2c70f8f187e79b31822e57bd56106355dc8ce9067751da7fa68b,8192,4.117483022999977,1989.5649731255846,1852.0,50,cd16e6818200ab009e97a462a0c50c3fb356cea1e2e10b2f9841c4efed1b71e4,8192,4.335167824999871,1889.6615611415789,1852.0,50
3f8e2e315710528399b8e82e2359ab85c58c809644595b68a92fb9d83492cc8c,albumentationsx_cpu,2.4.2,R11,RandomCrop224+ColorJitter+Normalize+ToTensor,False,False,3522.837298940201,1852.0,"[{""operation_id"":""RandomCrop224"",""parameters"":{""height"":224,""width"":224},""stochastic"":true,""randomness_scope"":""per-image""},{""operation_id"":""ColorJitter"",""parameters"":{""brightness"":0.5,""contrast"":1.5,""saturation"":1.5,""hue"":0.5},""stochastic"":true,""randomness_scope"":""per-image""},{""operation_id"":""Normalize"",""parameters"":{""mean"":[0.485,0.456,0.406],""std"":[0.229,0.224,0.225]},""stochastic"":false,""randomness_scope"":""deterministic""},{""operation_id"":""ToTensor"",""parameters"":{""layout"":""CHW"",""dtype"":""float16""},""stochastic"":false,""randomness_scope"":""deterministic""}]",b085baf6f3b4f066ef7291401fb47b10b4f9712f6df32f684f29e1bee44f3ad7,8192,2.3253983380000136,3522.837298940201,1852.0,50,7469ac219e6c20b0b60d7cb0175f0635a68d5c7f21407d35ac6674fe0a4da932,8192,2.262868669999989,3620.183578749199,1852.0,50,04c5f75efeb78c1a9c197b6655655f95b77d857e9f34b23077c7522181f207de,8192,2.3556158940000387,3477.6467678222693,1852.0,50
3f8e2e315710528399b8e82e2359ab85c58c809644595b68a92fb9d83492cc8c,albumentationsx_cpu,2.4.2,R12,RandomCrop224+ChannelShuffle+Normalize+ToTensor,False,False,5025.9079604274575,1852.0,"[{""operation_id"":""RandomCrop224"",""parameters"":{""height"":224,""width"":224},""stochastic"":true,""randomness_scope"":""per-image""},{""operation_id"":""ChannelShuffle"",""parameters"":{},""stochastic"":true,""randomness_scope"":""per-image""},{""operation_id"":""Normalize"",""parameters"":{""mean"":[0.485,0.456,0.406],""std"":[0.229,0.224,0.225]},""stochastic"":false,""randomness_scope"":""deterministic""},{""operation_id"":""ToTensor"",""parameters"":{""layout"":""CHW"",""dtype"":""float16""},""stochastic"":false,""randomness_scope"":""deterministic""}]",0ffa64800b9a50eda5cbfd14d4d86006b3d7c39c72f3e8e3a072e91ff200e1bb,8192,1.6299542419999398,5025.9079604274575,1852.0,50,fefc816d42a901833e05cc196b93a1c8e142e4c9567ac09a48434dd49744ad8e,8192,1.6746160100001362,4891.867718378814,1852.0,50,21e97ab3eaeff173767008591e6d62f45975536da2548bb6f5b5770cfdd8e101,8192,1.6191107009999541,5059.567573076173,1852.0,50
3f8e2e315710528399b8e82e2359ab85c58c809644595b68a92fb9d83492cc8c,albumentationsx_cpu,2.4.2,R13,RandomCrop224+Grayscale+Normalize+ToTensor,False,False,5156.9163172642375,1852.0,"[{""operation_id"":""RandomCrop224"",""parameters"":{""height"":224,""width"":224},""stochastic"":true,""randomness_scope"":""per-image""},{""operation_id"":""Grayscale"",""parameters"":{""num_output_channels"":3},""stochastic"":false,""randomness_scope"":""deterministic""},{""operation_id"":""Normalize"",""parameters"":{""mean"":[0.485,0.456,0.406],""std"":[0.229,0.224,0.225]},""stochastic"":false,""randomness_scope"":""deterministic""},{""operation_id"":""ToTensor"",""parameters"":{""layout"":""CHW"",""dtype"":""float16""},""stochastic"":false,""randomness_scope"":""deterministic""}]",3b39db4cb5c9b87bf729c89f27de010931a99436bc574c582256405dcebc95a6,8192,1.588546234999967,5156.9163172642375,1852.0,50,1cc99aaa6c85b0ed1ac3d598f82c93f5b9588eec73177942fc2de5d38f999267,8192,1.553078983000205,5274.683444736898,1852.0,50,b5385a7be3fae586dea4890407acde3583a79223ed93ae1486aa6d2fede0d326,8192,1.7148939209998844,4776.971857958177,1852.0,50
3f8e2e315710528399b8e82e2359ab85c58c809644595b68a92fb9d83492cc8c,albumentationsx_cpu,2.4.2,R14,RandomCrop224+RGBShift+Normalize+ToTensor,False,False,4348.162410912873,1852.0,"[{""operation_id"":""RandomCrop224"",""parameters"":{""height"":224,""width"":224},""stochastic"":true,""randomness_scope"":""per-image""},{""operation_id"":""RGBShift"",""parameters"":{""pixel_shift"":100},""stochastic"":true,""randomness_scope"":""per-image""},{""operation_id"":""Normalize"",""parameters"":{""mean"":[0.485,0.456,0.406],""std"":[0.229,0.224,0.225]},""stochastic"":false,""randomness_scope"":""deterministic""},{""operation_id"":""ToTensor"",""parameters"":{""layout"":""CHW"",""dtype"":""float16""},""stochastic"":false,""randomness_scope"":""deterministic""}]",4d53ff09394a29ad0d16af9a8fe6a54ab4972da9a9ec1d0c264ba68bff327af2,8192,1.8137215970000398,4516.679965409167,1852.0,50,52e16a52b2a2e41b87fb72e9fbf9c36ab9228b660455f207d8ad4fe649c41d9e,8192,2.39325745799988,3422.9497426684343,1852.0,50,72e6b902abc30959849b371ec50d8335430380fce15cd4ad5417d349bd955f48,8192,1.8840142629999264,4348.162410912873,1852.0,50
3f8e2e315710528399b8e82e2359ab85c58c809644595b68a92fb9d83492cc8c,albumentationsx_cpu,2.4.2,R15,RandomCrop224+GaussianBlur+Normalize+ToTensor,True,False,4678.959988623488,1852.0,"[{""operation_id"":""RandomCrop224"",""parameters"":{""height"":224,""width"":224},""stochastic"":true,""randomness_scope"":""per-image""},{""operation_id"":""GaussianBlur"",""parameters"":{""sigma"":2.0,""kernel_size"":[5,5]},""stochastic"":true,""randomness_scope"":""per-image""},{""operation_id"":""Normalize"",""parameters"":{""mean"":[0.485,0.456,0.406],""std"":[0.229,0.224,0.225]},""stochastic"":false,""randomness_scope"":""deterministic""},{""operation_id"":""ToTensor"",""parameters"":{""layout"":""CHW"",""dtype"":""float16""},""stochastic"":false,""randomness_scope"":""deterministic""}]",cfbe29bb374db263139b181d16886eb2edcbea1eded62398412a7247b6f03840,8192,1.7247326320000411,4749.72169483473,1852.0,50,401bc0b8637794701043ccba6978a91e9fbf189176b40a772dff2513532a3c25,8192,1.750816425000039,4678.959988623488,1852.0,50,47c92151aaa726aa6a4f9c2864562227d767e1fb53f8c048261e6ff5cec8aa56,8192,1.8314243529998748,4473.021223389051,1852.0,50
3f8e2e315710528399b8e82e2359ab85c58c809644595b68a92fb9d83492cc8c,albumentationsx_cpu,2.4.2,R16,RandomCrop224+GaussianNoise+Normalize+ToTensor,False,False,3287.714220954302,1852.0,"[{""operation_id"":""RandomCrop224"",""parameters"":{""height"":224,""width"":224},""stochastic"":true,""randomness_scope"":""per-image""},{""operation_id"":""GaussianNoise"",""parameters"":{""mean"":0,""std"":0.44,""per_channel"":true},""stochastic"":true,""randomness_scope"":""per-image""},{""operation_id"":""Normalize"",""parameters"":{""mean"":[0.485,0.456,0.406],""std"":[0.229,0.224,0.225]},""stochastic"":false,""randomness_scope"":""deterministic""},{""operation_id"":""ToTensor"",""parameters"":{""layout"":""CHW"",""dtype"":""float16""},""stochastic"":false,""randomness_scope"":""deterministic""}]",1ce2ddad1ac04d339aca74e9f31ac5fb14c87ee13fafdc64e03f789bbe64ecf6,8192,2.4917007529998045,3287.714220954302,1852.0,50,ab42a5659cb5facee1a75b570aaa20470083f1bbf684e7a13a034da0767c5d7c,8192,2.4540335070000765,3338.1777292903707,1852.0,50,f8a2caa1b296ffdd76c5b8d2996dc35c3ee9a3ed48b8ca736ace92b7b83fdba7,8192,2.5967343300001176,3154.7316586674574,1852.0,50
3f8e2e315710528399b8e82e2359ab85c58c809644595b68a92fb9d83492cc8c,albumentationsx_cpu,2.4.2,R17,RandomCrop224+Invert+Normalize+ToTensor,False,False,5076.4601499570745,1852.0,"[{""operation_id"":""RandomCrop224"",""parameters"":{""height"":224,""width"":224},""stochastic"":true,""randomness_scope"":""per-image""},{""operation_id"":""Invert"",""parameters"":{},""stochastic"":false,""randomness_scope"":""deterministic""},{""operation_id"":""Normalize"",""parameters"":{""mean"":[0.485,0.456,0.406],""std"":[0.229,0.224,0.225]},""stochastic"":false,""randomness_scope"":""deterministic""},{""operation_id"":""ToTensor"",""parameters"":{""layout"":""CHW"",""dtype"":""float16""},""stochastic"":false,""randomness_scope"":""deterministic""}]",a6efd3102e78a9d2bb5e4f732ee5b849eeeff8a2d4babc8f941d5cf05788f10e,8192,1.5944761010000548,5137.737715141658,1852.0,50,faf5b349581ec03de8366021d2921ec0545fcc94a530740d74d1c0297ec23c24,8192,1.6137229010000738,5076.4601499570745,1852.0,50,5f1da4b025fc5a95d8118e413516c8e992505e420ef2d12aa01e86847aa95772,8192,1.757775907999985,4660.4347930339645,1852.0,50
3f8e2e315710528399b8e82e2359ab85c58c809644595b68a92fb9d83492cc8c,albumentationsx_cpu,2.4.2,R18,RandomCrop224+Posterize+Normalize+ToTensor,False,False,5109.7736981218695,1852.0,"[{""operation_id"":""RandomCrop224"",""parameters"":{""height"":224,""width"":224},""stochastic"":true,""randomness_scope"":""per-image""},{""operation_id"":""Posterize"",""parameters"":{""bits"":4},""stochastic"":false,""randomness_scope"":""deterministic""},{""operation_id"":""Normalize"",""parameters"":{""mean"":[0.485,0.456,0.406],""std"":[0.229,0.224,0.225]},""stochastic"":false,""randomness_scope"":""deterministic""},{""operation_id"":""ToTensor"",""parameters"":{""layout"":""CHW"",""dtype"":""float16""},""stochastic"":false,""randomness_scope"":""deterministic""}]",18bfe1cf9af1f4372191964e40e07ece0272c5c12846222d8f70d70c0833e060,8192,1.571312664999823,5213.4754479312505,1852.0,50,2eaa27209d1a4e340f7d1a203237185cb66721b3593a19412c6b266087963314,8192,1.603202114999931,5109.7736981218695,1852.0,50,33e02b38c6195c2c5b785cd83a871871870450bec3e7d58935a4d0f7507134cd,8192,1.7285326680000708,4739.279824822879,1852.0,50
3f8e2e315710528399b8e82e2359ab85c58c809644595b68a92fb9d83492cc8c,albumentationsx_cpu,2.4.2,R19,RandomCrop224+Solarize+Normalize+ToTensor,False,False,4606.7900527938855,1852.0,"[{""operation_id"":""RandomCrop224"",""parameters"":{""height"":224,""width"":224},""stochastic"":true,""randomness_scope"":""per-image""},{""operation_id"":""Solarize"",""parameters"":{""threshold"":0.5},""stochastic"":false,""randomness_scope"":""deterministic""},{""operation_id"":""Normalize"",""parameters"":{""mean"":[0.485,0.456,0.406],""std"":[0.229,0.224,0.225]},""stochastic"":false,""randomness_scope"":""deterministic""},{""operation_id"":""ToTensor"",""parameters"":{""layout"":""CHW"",""dtype"":""float16""},""stochastic"":false,""randomness_scope"":""deterministic""}]",f2314e91a293193c5f262e74ef618c428a146f00abc39f67d991cfcb77c87489,8192,1.748758749000217,4684.4654842661685,1852.0,50,c1c6678bb5134e591cf6aab0e68fef4eba50511345ecb4612bd851b1492388b6,8192,2.2211667269998543,3688.1517719586013,1852.0,50,30adba3b30481d190c2eb31c77f70d8ce9ee6088928b831c29d88525e71f07af,8192,1.7782447009999487,4606.7900527938855,1852.0,50
3f8e2e315710528399b8e82e2359ab85c58c809644595b68a92fb9d83492cc8c,albumentationsx_cpu,2.4.2,R20,RandomCrop224+Sharpen+Normalize+ToTensor,False,False,4223.493852933219,1852.0,"[{""operation_id"":""RandomCrop224"",""parameters"":{""height"":224,""width"":224},""stochastic"":true,""randomness_scope"":""per-image""},{""operation_id"":""Sharpen"",""parameters"":{""alpha"":[0.2,0.5],""lightness"":[0.5,1]},""stochastic"":true,""randomness_scope"":""per-image""},{""operation_id"":""Normalize"",""parameters"":{""mean"":[0.485,0.456,0.406],""std"":[0.229,0.224,0.225]},""stochastic"":false,""randomness_scope"":""deterministic""},{""operation_id"":""ToTensor"",""parameters"":{""layout"":""CHW"",""dtype"":""float16""},""stochastic"":false,""randomness_scope"":""deterministic""}]",7e1290c0b0b9c0f14cfa87850bf7b4c04e1bf332b2d8718270434c2fe8be1a67,8192,2.3859050549999665,3433.4979017009186,1852.0,50,3d4694e80cf41445454d1dc0791b3bdf67a9ea0434429d746607dce8949f5ba4,8192,1.7696596079999836,4629.138825888869,1852.0,50,ab8bc341f39470564713dbaf815028ad89cbf1a0af786e1ea12696b1852c0912,8192,1.9396263579999413,4223.493852933219,1852.0,50
3f8e2e315710528399b8e82e2359ab85c58c809644595b68a92fb9d83492cc8c,albumentationsx_cpu,2.4.2,R21,RandomCrop224+AutoContrast+Normalize+ToTensor,False,False,4262.775529676783,1852.0,"[{""operation_id"":""RandomCrop224"",""parameters"":{""height"":224,""width"":224},""stochastic"":true,""randomness_scope"":""per-image""},{""operation_id"":""AutoContrast"",""parameters"":{},""stochastic"":false,""randomness_scope"":""deterministic""},{""operation_id"":""Normalize"",""parameters"":{""mean"":[0.485,0.456,0.406],""std"":[0.229,0.224,0.225]},""stochastic"":false,""randomness_scope"":""deterministic""},{""operation_id"":""ToTensor"",""parameters"":{""layout"":""CHW"",""dtype"":""float16""},""stochastic"":false,""randomness_scope"":""deterministic""}]",d9c76d56b974ac1114275548507ae73ef290b26ab80e6f3281f55ed22bfbd51e,8192,1.8855449999998655,4344.632453747105,1852.0,50,e75cfada0e32f8ae1a5d8b6522f6b5a4c5b68aaa725ae64a76c5b894164620c7,8192,1.921752609999885,4262.775529676783,1852.0,50,5fe9a75909ca8371284b7df53db4328f78a044c2d0872a15eeb26913946eeedd,8192,1.9775495559999854,4142.500487608544,1852.0,50
3f8e2e315710528399b8e82e2359ab85c58c809644595b68a92fb9d83492cc8c,albumentationsx_cpu,2.4.2,R22,RandomCrop224+Equalize+Normalize+ToTensor,True,False,3986.4476876237577,1852.0,"[{""operation_id"":""RandomCrop224"",""parameters"":{""height"":224,""width"":224},""stochastic"":true,""randomness_scope"":""per-image""},{""operation_id"":""Equalize"",""parameters"":{""mode"":""pil""},""stochastic"":false,""randomness_scope"":""deterministic""},{""operation_id"":""Normalize"",""parameters"":{""mean"":[0.485,0.456,0.406],""std"":[0.229,0.224,0.225]},""stochastic"":false,""randomness_scope"":""deterministic""},{""operation_id"":""ToTensor"",""parameters"":{""layout"":""CHW"",""dtype"":""float16""},""stochastic"":false,""randomness_scope"":""deterministic""}]",e78d82c3ba68438604aaa64dd0596dd3cd54672e58026e1bcde014b324fb1706,8192,2.027902233000077,4039.642477182325,1852.0,50,1cc23a4f0eae1c5888a6d3f51863cc4ff0717b7567e7be331878c57e3c1fa801,8192,2.0549623730000803,3986.4476876237577,1852.0,50,64392de38b58a0c3102cb403d4ccd5d22259c0a6a0ba0c55523ad3d700775bdd,8192,2.1577253779998955,3796.5906521401616,1852.0,50
3f8e2e315710528399b8e82e2359ab85c58c809644595b68a92fb9d83492cc8c,albumentationsx_cpu,2.4.2,R23,RandomCrop224+Erasing+Normalize+ToTensor,False,False,4938.266315044243,1852.0,"[{""operation_id"":""RandomCrop224"",""parameters"":{""height"":224,""width"":224},""stochastic"":true,""randomness_scope"":""per-image""},{""operation_id"":""Erasing"",""parameters"":{""scale"":[0.02,0.33],""ratio"":[0.3,3.3],""fill"":0},""stochastic"":true,""randomness_scope"":""per-image""},{""operation_id"":""Normalize"",""parameters"":{""mean"":[0.485,0.456,0.406],""std"":[0.229,0.224,0.225]},""stochastic"":false,""randomness_scope"":""deterministic""},{""operation_id"":""ToTensor"",""parameters"":{""layout"":""CHW"",""dtype"":""float16""},""stochastic"":false,""randomness_scope"":""deterministic""}]",2bd1599e029974754a942d5996de0141da6e1a7228295192ce9e2caad3318028,8192,1.6178246419999596,5063.589580310154,1852.0,50,00015c1a863d297486fed8c219a2f57da4a77015ffa6db72f228846942457c10,8192,1.6588817770000333,4938.266315044243,1852.0,50,da1fcf29ed70b3b839f5cc04af8c1f875e5b093966bc342ebe9ef61462314cb2,8192,1.7290277429999605,4737.922820015842,1852.0,50
3f8e2e315710528399b8e82e2359ab85c58c809644595b68a92fb9d83492cc8c,albumentationsx_cpu,2.4.2,R24,RandomCrop224+JpegCompression+Normalize+ToTensor,False,False,4232.352533440654,1852.0,"[{""operation_id"":""RandomCrop224"",""parameters"":{""height"":224,""width"":224},""stochastic"":true,""randomness_scope"":""per-image""},{""operation_id"":""JpegCompression"",""parameters"":{""quality"":50},""stochastic"":true,""randomness_scope"":""per-image""},{""operation_id"":""Normalize"",""parameters"":{""mean"":[0.485,0.456,0.406],""std"":[0.229,0.224,0.225]},""stochastic"":false,""randomness_scope"":""deterministic""},{""operation_id"":""ToTensor"",""parameters"":{""layout"":""CHW"",""dtype"":""float16""},""stochastic"":false,""randomness_scope"":""deterministic""}]",5433471132e7c6c3630076331c8fc9c585088f0f351bde08da049f8902037d99,8192,1.876061897999989,4366.593665557216,1852.0,50,6d918f2559553ba3fb2d8dbbaaa9f3b99a9f2c3a3f7d913ae57b409f92f64b9f,8192,1.9355665519999548,4232.352533440654,1852.0,50,da6ac01058f30d6f383511dc745c8e250f6ac20e2ff8c847cbf5e94d2da8a352,8192,1.9440378000001601,4213.909832411347,1852.0,50
3f8e2e315710528399b8e82e2359ab85c58c809644595b68a92fb9d83492cc8c,albumentationsx_cpu,2.4.2,R25,RandomCrop224+RandomGamma+Normalize+ToTensor,False,False,4969.444567516264,1852.0,"[{""operation_id"":""RandomCrop224"",""parameters"":{""height"":224,""width"":224},""stochastic"":true,""randomness_scope"":""per-image""},{""operation_id"":""RandomGamma"",""parameters"":{""gamma"":120},""stochastic"":true,""randomness_scope"":""per-image""},{""operation_id"":""Normalize"",""parameters"":{""mean"":[0.485,0.456,0.406],""std"":[0.229,0.224,0.225]},""stochastic"":false,""randomness_scope"":""deterministic""},{""operation_id"":""ToTensor"",""parameters"":{""layout"":""CHW"",""dtype"":""float16""},""stochastic"":false,""randomness_scope"":""deterministic""}]",4d8cdc3f54606c638b92a86f55ec139ebafc3a146ddfb0df2601a392ba7e03e5,8192,1.6276993669998774,5032.870421949741,1852.0,50,d90902a6599c3c3e37b66502f52aff011480427ceecd3fae9269cad81db4da25,8192,1.6484739669999726,4969.444567516264,1852.0,50,c1755c4472a6fd3360e37b26ecd51a0c35892f9c6e3b6a1178a6332e8003aa34,8192,1.7648464739997962,4641.763530531861,1852.0,50
3f8e2e315710528399b8e82e2359ab85c58c809644595b68a92fb9d83492cc8c,albumentationsx_cpu,2.4.2,R26,RandomCrop224+PlankianJitter+Normalize+ToTensor,False,False,4538.284426730089,1852.0,"[{""operation_id"":""RandomCrop224"",""parameters"":{""height"":224,""width"":224},""stochastic"":true,""randomness_scope"":""per-image""},{""operation_id"":""PlankianJitter"",""parameters"":{""mode"":""blackbody""},""stochastic"":true,""randomness_scope"":""per-image""},{""operation_id"":""Normalize"",""parameters"":{""mean"":[0.485,0.456,0.406],""std"":[0.229,0.224,0.225]},""stochastic"":false,""randomness_scope"":""deterministic""},{""operation_id"":""ToTensor"",""parameters"":{""layout"":""CHW"",""dtype"":""float16""},""stochastic"":false,""randomness_scope"":""deterministic""}]",8f622c22057e594f59f628d89db074fe0e4904627a79a99c8d4c7872b4a60d7f,8192,1.7977973220001786,4556.687174773301,1852.0,50,3f396dfbd8585a97ecb6f17044223591a31e6a66b3d29b8b07f9c93143bbd89a,8192,1.8050873919999049,4538.284426730089,1852.0,50,2181ae0cbd32877b2ecf6b17ca42d8e081c8eec3b896398e55252fc185e81a43,8192,1.9372520910001185,4228.670103419958,1852.0,50
3f8e2e315710528399b8e82e2359ab85c58c809644595b68a92fb9d83492cc8c,albumentationsx_cpu,2.4.2,R27,RandomCrop224+MedianBlur+Normalize+ToTensor,False,False,3804.884555754478,1852.0,"[{""operation_id"":""RandomCrop224"",""parameters"":{""height"":224,""width"":224},""stochastic"":true,""randomness_scope"":""per-image""},{""operation_id"":""MedianBlur"",""parameters"":{""blur_limit"":5},""stochastic"":true,""randomness_scope"":""per-image""},{""operation_id"":""Normalize"",""parameters"":{""mean"":[0.485,0.456,0.406],""std"":[0.229,0.224,0.225]},""stochastic"":false,""randomness_scope"":""deterministic""},{""operation_id"":""ToTensor"",""parameters"":{""layout"":""CHW"",""dtype"":""float16""},""stochastic"":false,""randomness_scope"":""deterministic""}]",0aaddf417df5cea17ff5c030474f6d4418648c06a2b6a299c6d6dad5c72b34c8,8192,2.0529880719998346,3990.281342462987,1852.0,50,97b610e78ef9db88136185c09a15f162925a7f8b1b6e8d78877450255b4ea832,8192,2.658752288999949,3081.1445029658257,1852.0,50,a6bd4547ca3db1bc0406d09461281293a5194b2585462a0be7765bc3cadf31f2,8192,2.1530219590001707,3804.884555754478,1852.0,50
3f8e2e315710528399b8e82e2359ab85c58c809644595b68a92fb9d83492cc8c,albumentationsx_cpu,2.4.2,R28,RandomCrop224+MotionBlur+Normalize+ToTensor,False,False,4223.143821860875,1852.0,"[{""operation_id"":""RandomCrop224"",""parameters"":{""height"":224,""width"":224},""stochastic"":true,""randomness_scope"":""per-image""},{""operation_id"":""MotionBlur"",""parameters"":{""kernel_size"":5,""angle_range"":[0,360],""direction_range"":[-1,1]},""stochastic"":true,""randomness_scope"":""per-image""},{""operation_id"":""Normalize"",""parameters"":{""mean"":[0.485,0.456,0.406],""std"":[0.229,0.224,0.225]},""stochastic"":false,""randomness_scope"":""deterministic""},{""operation_id"":""ToTensor"",""parameters"":{""layout"":""CHW"",""dtype"":""float16""},""stochastic"":false,""randomness_scope"":""deterministic""}]",58bed93e46aa7857c389fc9904eea92b1aaa3d97e822a563eca64beea2e9607c,8192,1.939787122000098,4223.143821860875,1852.0,50,10c28dc370ba330be350931157d22a12e1bfbf332d2ad7c96e86d0b51070e34c,8192,1.7859613890000219,4586.885276723023,1852.0,50,3653c5481023a47aec216ac58521b11994f524013a9efb3f88e5e2c835fb42af,8192,1.9610589429998981,4177.334918586598,1852.0,50
3f8e2e315710528399b8e82e2359ab85c58c809644595b68a92fb9d83492cc8c,albumentationsx_cpu,2.4.2,R29,RandomCrop224+CLAHE+Normalize+ToTensor,False,False,2372.9485638794276,1852.0,"[{""operation_id"":""RandomCrop224"",""parameters"":{""height"":224,""width"":224},""stochastic"":true,""randomness_scope"":""per-image""},{""operation_id"":""CLAHE"",""parameters"":{""clip_limit"":[1,4],""tile_grid_size"":[8,8]},""stochastic"":true,""randomness_scope"":""per-image""},{""operation_id"":""Normalize"",""parameters"":{""mean"":[0.485,0.456,0.406],""std"":[0.229,0.224,0.225]},""stochastic"":false,""randomness_scope"":""deterministic""},{""operation_id"":""ToTensor"",""parameters"":{""layout"":""CHW"",""dtype"":""float16""},""stochastic"":false,""randomness_scope"":""deterministic""}]",05d3ee8cd5529c77de849032d7a51d6e17d82551e8f34054dd39314c315c3a0b,8192,3.4522450780000327,2372.9485638794276,1852.0,50,fff9adb643fbc511e18c60d9e6e807ca7637e106c0833812fd7f4f8c6d0ebca5,8192,3.6987533449998864,2214.800295097875,1852.0,50,b512e1de41a892d3e7e26d029d2c8f90ee86a598050662612fbf1a21dfad8d73,8192,3.426407528000027,2390.842283953777,1852.0,50
3f8e2e315710528399b8e82e2359ab85c58c809644595b68a92fb9d83492cc8c,albumentationsx_cpu,2.4.2,R30,RandomCrop224+Brightness+Normalize+ToTensor,True,False,4621.9564753721115,1852.0,"[{""operation_id"":""RandomCrop224"",""parameters"":{""height"":224,""width"":224},""stochastic"":true,""randomness_scope"":""per-image""},{""operation_id"":""Brightness"",""parameters"":{""brightness_limit"":[0.2,0.2]},""stochastic"":true,""randomness_scope"":""per-image""},{""operation_id"":""Normalize"",""parameters"":{""mean"":[0.485,0.456,0.406],""std"":[0.229,0.224,0.225]},""stochastic"":false,""randomness_scope"":""deterministic""},{""operation_id"":""ToTensor"",""parameters"":{""layout"":""CHW"",""dtype"":""float16""},""stochastic"":false,""randomness_scope"":""deterministic""}]",756b7d2242e7db50b25c24b9e12c66b16e1193f8b4581f376b52e2232e1748f6,8192,1.7724095940000097,4621.9564753721115,1852.0,50,2b67a94030fcef8002f0c3c2420d0076ab2695542e3422111674e054cd62cff7,8192,1.7566352819999338,4663.460926660534,1852.0,50,46f410fe151fc2b907496ca14546705a8d1d383717ede3a6baeefe88df93fe8d,8192,1.790094401999795,4576.294965700327,1852.0,50
3f8e2e315710528399b8e82e2359ab85c58c809644595b68a92fb9d83492cc8c,albumentationsx_cpu,2.4.2,R31,RandomCrop224+Contrast+Normalize+ToTensor,True,False,4641.641306667291,1852.0,"[{""operation_id"":""RandomCrop224"",""parameters"":{""height"":224,""width"":224},""stochastic"":true,""randomness_scope"":""per-image""},{""operation_id"":""Contrast"",""parameters"":{""contrast_limit"":[0.2,0.2]},""stochastic"":true,""randomness_scope"":""per-image""},{""operation_id"":""Normalize"",""parameters"":{""mean"":[0.485,0.456,0.406],""std"":[0.229,0.224,0.225]},""stochastic"":false,""randomness_scope"":""deterministic""},{""operation_id"":""ToTensor"",""parameters"":{""layout"":""CHW"",""dtype"":""float16""},""stochastic"":false,""randomness_scope"":""deterministic""}]",5e75cb7af7e6c540bde1eaa581da10388fe50c96aeded5ca79866a4d1a37f3d1,8192,1.6992622079999364,4820.915784175615,1852.0,50,489688b7794013a9afab87e3a4f03df2ed9b3aca85d443aa009708276b0cbbb2,8192,1.7648929460001455,4641.641306667291,1852.0,50,d8cd5b10aef301be43ead5075a34e4294ccd2e225d390db79bb8a0e5a1f75c30,8192,1.818671563999942,4504.3866974984285,1852.0,50
3f8e2e315710528399b8e82e2359ab85c58c809644595b68a92fb9d83492cc8c,albumentationsx_cpu,2.4.2,R32,RandomCrop224+Blur+Normalize+ToTensor,False,False,4820.63061085202,1852.0,"[{""operation_id"":""RandomCrop224"",""parameters"":{""height"":224,""width"":224},""stochastic"":true,""randomness_scope"":""per-image""},{""operation_id"":""Blur"",""parameters"":{""radius"":5,""border_mode"":""constant""},""stochastic"":true,""randomness_scope"":""per-image""},{""operation_id"":""Normalize"",""parameters"":{""mean"":[0.485,0.456,0.406],""std"":[0.229,0.224,0.225]},""stochastic"":false,""randomness_scope"":""deterministic""},{""operation_id"":""ToTensor"",""parameters"":{""layout"":""CHW"",""dtype"":""float16""},""stochastic"":false,""randomness_scope"":""deterministic""}]",c7591b272d45d29645ce4e8a750531eafe063c77469a9e9909fbad947c6a5fcc,8192,1.6767304139998487,4885.698936215956,1852.0,50,195d3c843b4e266ee596e30a36554b90dd2ace5f82d77157d44d920895b8a1c9,8192,1.6993627310000647,4820.63061085202,1852.0,50,3d4da3736191179e28f02231d8cea08a0aae4631d4d98721f8e774d6a647f86a,8192,1.7763362759999382,4611.739404684818,1852.0,50
3f8e2e315710528399b8e82e2359ab85c58c809644595b68a92fb9d83492cc8c,albumentationsx_cpu,2.4.2,R33,RandomCrop224+ChannelDropout+Normalize+ToTensor,False,False,4972.171191208163,1852.0,"[{""operation_id"":""RandomCrop224"",""parameters"":{""height"":224,""width"":224},""stochastic"":true,""randomness_scope"":""per-image""},{""operation_id"":""ChannelDropout"",""parameters"":{},""stochastic"":true,""randomness_scope"":""per-image""},{""operation_id"":""Normalize"",""parameters"":{""mean"":[0.485,0.456,0.406],""std"":[0.229,0.224,0.225]},""stochastic"":false,""randomness_scope"":""deterministic""},{""operation_id"":""ToTensor"",""parameters"":{""layout"":""CHW"",""dtype"":""float16""},""stochastic"":false,""randomness_scope"":""deterministic""}]",02c4e4b98dd5f203011b9683a588bad3102863095da08f4f10cffd8627e5781c,8192,1.6094346849999965,5089.985990950616,1852.0,50,ec3c083b8c3a822c89d9647c8df41c8709fe22060d9e7983c9cc4d37ee0bd75d,8192,1.64756998200005,4972.171191208163,1852.0,50,0aa8c93873fb707cd1d1634085fa8f91e2c6c7269a58bafc7352d1dd869c4582,8192,1.6797036939999543,4877.050654387751,1852.0,50
3f8e2e315710528399b8e82e2359ab85c58c809644595b68a92fb9d83492cc8c,albumentationsx_cpu,2.4.2,R34,RandomCrop224+LinearIllumination+Normalize+ToTensor,False,False,3866.009534774278,1852.0,"[{""operation_id"":""RandomCrop224"",""parameters"":{""height"":224,""width"":224},""stochastic"":true,""randomness_scope"":""per-image""},{""operation_id"":""LinearIllumination"",""parameters"":{""gain"":[0.01,0.2]},""stochastic"":true,""randomness_scope"":""per-image""},{""operation_id"":""Normalize"",""parameters"":{""mean"":[0.485,0.456,0.406],""std"":[0.229,0.224,0.225]},""stochastic"":false,""randomness_scope"":""deterministic""},{""operation_id"":""ToTensor"",""parameters"":{""layout"":""CHW"",""dtype"":""float16""},""stochastic"":false,""randomness_scope"":""deterministic""}]",e79e5ae8bc59010467de939c877ab2d4388ad148fb1c9c1f6e17a530e03a87f3,8192,2.7694955849999587,2957.9393606435815,1852.0,50,37c2faeda9ecc42c51b20047e2184a9e26f93656657fecbddcbc7b58d6c50947,8192,2.1189808060000814,3866.009534774278,1852.0,50,39b96aab6271ffaa9b17036dbe7515668921a103e864051b5f8d1e5fa5bba10c,8192,2.1185649110000213,3866.76847023448,1852.0,50
3f8e2e315710528399b8e82e2359ab85c58c809644595b68a92fb9d83492cc8c,albumentationsx_cpu,2.4.2,R35,RandomCrop224+CornerIllumination+Normalize+ToTensor,False,False,4090.2574421612517,1852.0,"[{""operation_id"":""RandomCrop224"",""parameters"":{""height"":224,""width"":224},""stochastic"":true,""randomness_scope"":""per-image""},{""operation_id"":""CornerIllumination"",""parameters"":{""gain"":[0.01,0.2]},""stochastic"":true,""randomness_scope"":""per-image""},{""operation_id"":""Normalize"",""parameters"":{""mean"":[0.485,0.456,0.406],""std"":[0.229,0.224,0.225]},""stochastic"":false,""randomness_scope"":""deterministic""},{""operation_id"":""ToTensor"",""parameters"":{""layout"":""CHW"",""dtype"":""float16""},""stochastic"":false,""randomness_scope"":""deterministic""}]",f82be9189643a3c1996a4c33897cbcfe5cde3785b23d76df3e57c537ca44bc8c,8192,2.002807920000123,4090.2574421612517,1852.0,50,655370726efbe8c3611602567e0afe84daf95d57c0708baff840ebf062710833,8192,1.8893320740000945,4335.923849879865,1852.0,50,01ade2da56c03d22f067ac181aead224a5994a6164b4736ff876d698448a0683,8192,2.1014963739999075,3898.1747012999417,1852.0,50
3f8e2e315710528399b8e82e2359ab85c58c809644595b68a92fb9d83492cc8c,albumentationsx_cpu,2.4.2,R36,RandomCrop224+GaussianIllumination+Normalize+ToTensor,False,False,3929.9492042453517,1852.0,"[{""operation_id"":""RandomCrop224"",""parameters"":{""height"":224,""width"":224},""stochastic"":true,""randomness_scope"":""per-image""},{""operation_id"":""GaussianIllumination"",""parameters"":{""gain"":[0.01,0.2]},""stochastic"":true,""randomness_scope"":""per-image""},{""operation_id"":""Normalize"",""parameters"":{""mean"":[0.485,0.456,0.406],""std"":[0.229,0.224,0.225]},""stochastic"":false,""randomness_scope"":""deterministic""},{""operation_id"":""ToTensor"",""parameters"":{""layout"":""CHW"",""dtype"":""float16""},""stochastic"":false,""randomness_scope"":""deterministic""}]",d503cac1e16b6b846d71e0c8b270c2d23c7eea618b9a17906e8c2ea4f8c2b82b,8192,2.041138185000136,4013.4470366588403,1852.0,50,e29ad82ae4e33d7b53d52ad1881d0101e684e2b5e6529df379599d461fd94b17,8192,2.0845053140001255,3929.9492042453517,1852.0,50,08293065e452a9fba65714226e5a44dbada1bd44ca8468ce9d7b21fc2a9ff1e0,8192,2.1620723450000696,3788.957394947733,1852.0,50
3f8e2e315710528399b8e82e2359ab85c58c809644595b68a92fb9d83492cc8c,albumentationsx_cpu,2.4.2,R37,RandomCrop224+Hue+Normalize+ToTensor,False,False,4274.055785646971,1852.0,"[{""operation_id"":""RandomCrop224"",""parameters"":{""height"":224,""width"":224},""stochastic"":true,""randomness_scope"":""per-image""},{""operation_id"":""Hue"",""parameters"":{""hue"":20},""stochastic"":true,""randomness_scope"":""per-image""},{""operation_id"":""Normalize"",""parameters"":{""mean"":[0.485,0.456,0.406],""std"":[0.229,0.224,0.225]},""stochastic"":false,""randomness_scope"":""deterministic""},{""operation_id"":""ToTensor"",""parameters"":{""layout"":""CHW"",""dtype"":""float16""},""stochastic"":false,""randomness_scope"":""deterministic""}]",003e702331d647ed197ebad69cfd22f2cdad02c3fd383c5c8d38ce43fc012b19,8192,1.9166806450000422,4274.055785646971,1852.0,50,4a427db503d97b2b9e7634a620d9b918b2f807966655db00e7c7894853b35596,8192,1.9128442310000082,4282.627862341586,1852.0,50,6166e987d712a6ef8867170eda6d5135f3a8b791a246800417a47eb305599a90,8192,1.979926905999946,4137.526478970039,1852.0,50
3f8e2e315710528399b8e82e2359ab85c58c809644595b68a92fb9d83492cc8c,albumentationsx_cpu,2.4.2,R38,RandomCrop224+PlasmaBrightness+Normalize+ToTensor,False,False,2460.560742053444,1852.0,"[{""operation_id"":""RandomCrop224"",""parameters"":{""height"":224,""width"":224},""stochastic"":true,""randomness_scope"":""per-image""},{""operation_id"":""PlasmaBrightness"",""parameters"":{""roughness"":0.5},""stochastic"":true,""randomness_scope"":""per-image""},{""operation_id"":""Normalize"",""parameters"":{""mean"":[0.485,0.456,0.406],""std"":[0.229,0.224,0.225]},""stochastic"":false,""randomness_scope"":""deterministic""},{""operation_id"":""ToTensor"",""parameters"":{""layout"":""CHW"",""dtype"":""float16""},""stochastic"":false,""randomness_scope"":""deterministic""}]",cd3c36477e7c35c4b746bc7a6479fa086026a067b595cd925bde82c47e1a90e6,8192,3.345893227000033,2448.3746026005265,1852.0,50,3ac1cfb47fe3a825d0dd43564a3a188c73d05d6e80187282eaca052bcedb2036,8192,3.265030650999961,2509.0116680806923,1852.0,50,7ba0b3ba6a13bc542b3dc6ed87c61f737a35ccc306a4c7d0713672b2088a9188,8192,3.329322401999889,2460.560742053444,1852.0,50
3f8e2e315710528399b8e82e2359ab85c58c809644595b68a92fb9d83492cc8c,albumentationsx_cpu,2.4.2,R39,RandomCrop224+PlasmaContrast+Normalize+ToTensor,False,False,2162.023056681112,1852.0,"[{""operation_id"":""RandomCrop224"",""parameters"":{""height"":224,""width"":224},""stochastic"":true,""randomness_scope"":""per-image""},{""operation_id"":""PlasmaContrast"",""parameters"":{""roughness"":0.5},""stochastic"":true,""randomness_scope"":""per-image""},{""operation_id"":""Normalize"",""parameters"":{""mean"":[0.485,0.456,0.406],""std"":[0.229,0.224,0.225]},""stochastic"":false,""randomness_scope"":""deterministic""},{""operation_id"":""ToTensor"",""parameters"":{""layout"":""CHW"",""dtype"":""float16""},""stochastic"":false,""randomness_scope"":""deterministic""}]",accd7f51af799fc8ae18ff179547d842b2775a948b948062a3dffb799300636b,8192,3.789043773000003,2162.023056681112,1852.0,50,0ce6e507679c8f6095d3779e7c11a54b4e8fc799854508780f648da4c488e5b4,8192,3.661306004000153,2237.4529719859106,1852.0,50,94a83d18b0e302f5ecd80e015887e12ac088cc4467658464f8638ffa2f83499b,8192,3.7921838790000493,2160.23280025127,1852.0,50
3f8e2e315710528399b8e82e2359ab85c58c809644595b68a92fb9d83492cc8c,albumentationsx_cpu,2.4.2,R40,RandomCrop224+PlasmaShadow+Normalize+ToTensor,False,False,2488.6811367256555,1852.0,"[{""operation_id"":""RandomCrop224"",""parameters"":{""height"":224,""width"":224},""stochastic"":true,""randomness_scope"":""per-image""},{""operation_id"":""PlasmaShadow"",""parameters"":{""roughness"":0.5},""stochastic"":true,""randomness_scope"":""per-image""},{""operation_id"":""Normalize"",""parameters"":{""mean"":[0.485,0.456,0.406],""std"":[0.229,0.224,0.225]},""stochastic"":false,""randomness_scope"":""deterministic""},{""operation_id"":""ToTensor"",""parameters"":{""layout"":""CHW"",""dtype"":""float16""},""stochastic"":false,""randomness_scope"":""deterministic""}]",626a0085c59adfb771584dc03e1c9b2c400298dd4eefcc23c2fd0eb5a91183f6,8192,3.2163132470000164,2547.0155954619795,1852.0,50,604b6cdc97696e22a0af046acf4d3b6861614c97b0d1531951d2463b152ef478,8192,3.291703335999955,2488.6811367256555,1852.0,50,d4ae905c70222c93268b99c966735f0cbbb6b310b7566224627cc9e8305ae158,8192,3.3485099810000065,2446.461275756306,1852.0,50
3f8e2e315710528399b8e82e2359ab85c58c809644595b68a92fb9d83492cc8c,albumentationsx_cpu,2.4.2,R41,RandomCrop224+Rain+Normalize+ToTensor,False,False,4069.2141455955493,1852.0,"[{""operation_id"":""RandomCrop224"",""parameters"":{""height"":224,""width"":224},""stochastic"":true,""randomness_scope"":""per-image""},{""operation_id"":""Rain"",""parameters"":{""drop_width"":5,""drop_height"":20,""brightness_coefficient"":1.0},""stochastic"":true,""randomness_scope"":""per-image""},{""operation_id"":""Normalize"",""parameters"":{""mean"":[0.485,0.456,0.406],""std"":[0.229,0.224,0.225]},""stochastic"":false,""randomness_scope"":""deterministic""},{""operation_id"":""ToTensor"",""parameters"":{""layout"":""CHW"",""dtype"":""float16""},""stochastic"":false,""randomness_scope"":""deterministic""}]",c548c1dfe442a6878f06a943ca77963c1b09a2592d27a811522a14d02abffee4,8192,2.0131651239998973,4069.2141455955493,1852.0,50,8c718c5d098f42e3238e034246ee96fb64b5a2f424ba8046724b7faae31e11a3,8192,1.9458742820002044,4209.932818259602,1852.0,50,f572013a0d0a9f1c89daf014682c3f23c9c0c2b781fa29c53a605434ec56f4d9,8192,2.087957465999807,3923.4515709242696,1852.0,50
3f8e2e315710528399b8e82e2359ab85c58c809644595b68a92fb9d83492cc8c,albumentationsx_cpu,2.4.2,R42,RandomCrop224+SaltAndPepper+Normalize+ToTensor,False,False,4147.356155527447,1852.0,"[{""operation_id"":""RandomCrop224"",""parameters"":{""height"":224,""width"":224},""stochastic"":true,""randomness_scope"":""per-image""},{""operation_id"":""SaltAndPepper"",""parameters"":{""amount"":[0.01,0.06],""salt_vs_pepper"":[0.4,0.6]},""stochastic"":true,""randomness_scope"":""per-image""},{""operation_id"":""Normalize"",""parameters"":{""mean"":[0.485,0.456,0.406],""std"":[0.229,0.224,0.225]},""stochastic"":false,""randomness_scope"":""deterministic""},{""operation_id"":""ToTensor"",""parameters"":{""layout"":""CHW"",""dtype"":""float16""},""stochastic"":false,""randomness_scope"":""deterministic""}]",643d7eda7f59a3beb13c0434cfbed535c346751e1cffc02b3330c94aceb09a00,8192,1.856456906999938,4412.706790613521,1852.0,50,004887b6a0d4d7b9c79af8a04a3f08f487bf68c36976804edb22871669f6e963,8192,2.46466768900018,3323.774655934722,1852.0,50,6650198b0f592c691b27d0ec7dd88601e95e09c04cd4852bf0e9f263a7922047,8192,1.9752342680003494,4147.356155527447,1852.0,50
3f8e2e315710528399b8e82e2359ab85c58c809644595b68a92fb9d83492cc8c,albumentationsx_cpu,2.4.2,R43,RandomCrop224+Saturation+Normalize+ToTensor,False,False,4135.963096137961,1852.0,"[{""operation_id"":""RandomCrop224"",""parameters"":{""height"":224,""width"":224},""stochastic"":true,""randomness_scope"":""per-image""},{""operation_id"":""Saturation"",""parameters"":{""saturation_factor"":0.5},""stochastic"":true,""randomness_scope"":""per-image""},{""operation_id"":""Normalize"",""parameters"":{""mean"":[0.485,0.456,0.406],""std"":[0.229,0.224,0.225]},""stochastic"":false,""randomness_scope"":""deterministic""},{""operation_id"":""ToTensor"",""parameters"":{""layout"":""CHW"",""dtype"":""float16""},""stochastic"":false,""randomness_scope"":""deterministic""}]",3a8f731e42f0de6d9df1e57cc39ce698d46f8182337061ed9237724e5ab681fd,8192,1.9766971799999737,4144.2867844836555,1852.0,50,e5a27d0f90c98df5cda0e588973c46d255ece405aab3cd11fe76964d5147e9f9,8192,1.9806753130001198,4135.963096137961,1852.0,50,b0aa938f14759aaaf3bb84f74b176b2d1dea8a3c4e163baf0f6b7dc4e5d16a5c,8192,2.052394558999822,3991.435255018482,1852.0,50
3f8e2e315710528399b8e82e2359ab85c58c809644595b68a92fb9d83492cc8c,albumentationsx_cpu,2.4.2,R44,RandomCrop224+Snow+Normalize+ToTensor,False,False,3856.912502868817,1852.0,"[{""operation_id"":""RandomCrop224"",""parameters"":{""height"":224,""width"":224},""stochastic"":true,""randomness_scope"":""per-image""},{""operation_id"":""Snow"",""parameters"":{""snow_point_range"":[0.5,0.5]},""stochastic"":true,""randomness_scope"":""per-image""},{""operation_id"":""Normalize"",""parameters"":{""mean"":[0.485,0.456,0.406],""std"":[0.229,0.224,0.225]},""stochastic"":false,""randomness_scope"":""deterministic""},{""operation_id"":""ToTensor"",""parameters"":{""layout"":""CHW"",""dtype"":""float16""},""stochastic"":false,""randomness_scope"":""deterministic""}]",337d99a26116581413830c5da2dff78fb188063d5fa05fb31e82f0507b6c2241,8192,2.123978698999963,3856.912502868817,1852.0,50,4a2e247d34fd1fd1300e196ce52f906e05f5fc4bb7bc03c0b6b8e6b66fe09e7b,8192,2.0667321839996475,3963.74530934454,1852.0,50,802f443855f8b0e10bb8e62baa7b7838b65b7ce75c41584d3fbd5ba7bfce508a,8192,2.1466387979999126,3816.198611351258,1852.0,50
3f8e2e315710528399b8e82e2359ab85c58c809644595b68a92fb9d83492cc8c,albumentationsx_cpu,2.4.2,R45,RandomCrop224+OpticalDistortion+Normalize+ToTensor,False,False,3109.84391332366,1852.0,"[{""operation_id"":""RandomCrop224"",""parameters"":{""height"":224,""width"":224},""stochastic"":true,""randomness_scope"":""per-image""},{""operation_id"":""OpticalDistortion"",""parameters"":{""distort_limit"":0.5,""mode"":""fisheye""},""stochastic"":true,""randomness_scope"":""per-image""},{""operation_id"":""Normalize"",""parameters"":{""mean"":[0.485,0.456,0.406],""std"":[0.229,0.224,0.225]},""stochastic"":false,""randomness_scope"":""deterministic""},{""operation_id"":""ToTensor"",""parameters"":{""layout"":""CHW"",""dtype"":""float16""},""stochastic"":false,""randomness_scope"":""deterministic""}]",2910633a59e997f7ead54c0857fce096bdecd611e8beb12a4cc279b72bf3560a,8192,2.4618507740001405,3327.57780711835,1852.0,50,a0ac2e42c532e548173db15e6fb973bf88eb158a926dcb9e33cdb3ae14434360,8192,2.634215809000125,3109.84391332366,1852.0,50,eb01f2e67558d470ff5cef5171a320b71326106c79a01fb15e8e7457202ad772,8192,2.7345904369999516,2995.695402558063,1852.0,50
3f8e2e315710528399b8e82e2359ab85c58c809644595b68a92fb9d83492cc8c,albumentationsx_cpu,2.4.2,R46,RandomCrop224+Shear+Normalize+ToTensor,False,False,2658.152521936785,1852.0,"[{""operation_id"":""RandomCrop224"",""parameters"":{""height"":224,""width"":224},""stochastic"":true,""randomness_scope"":""per-image""},{""operation_id"":""Shear"",""parameters"":{""shear"":10},""stochastic"":true,""randomness_scope"":""per-image""},{""operation_id"":""Normalize"",""parameters"":{""mean"":[0.485,0.456,0.406],""std"":[0.229,0.224,0.225]},""stochastic"":false,""randomness_scope"":""deterministic""},{""operation_id"":""ToTensor"",""parameters"":{""layout"":""CHW"",""dtype"":""float16""},""stochastic"":false,""randomness_scope"":""deterministic""}]",6d4f6ca040c4f4a3351a03b3177b0b5093163b5104669b2ee2b4af916fcbe3dd,8192,2.3210677049996775,3529.4101858184004,1852.0,50,eaa529de0de3e426ad5c6327c55694725b145f0bac311cc3fd31ae02504243ea,8192,3.4141338180002094,2399.437291183382,1852.0,50,f4fe8d74b13d372abb33738ff96192fc395c5eaf5e79cd16cdf9c60e4a5159a6,8192,3.081839711000157,2658.152521936785,1852.0,50
3f8e2e315710528399b8e82e2359ab85c58c809644595b68a92fb9d83492cc8c,albumentationsx_cpu,2.4.2,R47,RandomCrop224+ThinPlateSpline+Normalize+ToTensor,False,False,858.005219569829,1852.0,"[{""operation_id"":""RandomCrop224"",""parameters"":{""height"":224,""width"":224},""stochastic"":true,""randomness_scope"":""per-image""},{""operation_id"":""ThinPlateSpline"",""parameters"":{""num_control_points"":2,""distortion_scale"":0.5},""stochastic"":true,""randomness_scope"":""per-image""},{""operation_id"":""Normalize"",""parameters"":{""mean"":[0.485,0.456,0.406],""std"":[0.229,0.224,0.225]},""stochastic"":false,""randomness_scope"":""deterministic""},{""operation_id"":""ToTensor"",""parameters"":{""layout"":""CHW"",""dtype"":""float16""},""stochastic"":false,""randomness_scope"":""deterministic""}]",a9bd3b85e31ef27cd95b9746bf8c9bc33e2ec11431ae5027434ba335535681d2,8192,9.547727464999753,858.005219569829,1852.0,50,6c7cc5d34e5c1a17aa4422834e9a10ff5efe2fb6d92367f22978301d679c29c9,8192,9.634244767000382,850.3001738194965,1852.0,50,02df9ed291e679d2d46ffcc4b97ed6e4d56d551bb4e437c24c3fcf406c5c5181,8192,9.007234484000037,909.4911445407383,1852.0,50
3f8e2e315710528399b8e82e2359ab85c58c809644595b68a92fb9d83492cc8c,albumentationsx_cpu,2.4.2,R48,RandomCrop224+PhotoMetricDistort+Normalize+ToTensor,False,False,3369.3225057240493,1852.0,"[{""operation_id"":""RandomCrop224"",""parameters"":{""height"":224,""width"":224},""stochastic"":true,""randomness_scope"":""per-image""},{""operation_id"":""PhotoMetricDistort"",""parameters"":{""brightness_range"":[0.875,1.125],""contrast_range"":[0.5,1.5],""saturation_range"":[0.5,1.5],""hue_range"":[-0.05,0.05]},""stochastic"":true,""randomness_scope"":""per-image""},{""operation_id"":""Normalize"",""parameters"":{""mean"":[0.485,0.456,0.406],""std"":[0.229,0.224,0.225]},""stochastic"":false,""randomness_scope"":""deterministic""},{""operation_id"":""ToTensor"",""parameters"":{""layout"":""CHW"",""dtype"":""float16""},""stochastic"":false,""randomness_scope"":""deterministic""}]",d8ffc8ecc3a8487d320df2752c42b3f2b91613c5db53fc4e99d446d4fd38b650,8192,2.4313493250001557,3369.3225057240493,1852.0,50,7da05cc0066fd1bc7233ad7bde7881537fd4cdd3a67ef916ad17e1adbfca9534,8192,2.4136901460001354,3393.973337288315,1852.0,50,f44de57f9d73f25411bd45452a70fdbc1ab20eacd6045f8f390ca77232ee663b,8192,2.5805956160002097,3174.460945840549,1852.0,50
3f8e2e315710528399b8e82e2359ab85c58c809644595b68a92fb9d83492cc8c,albumentationsx_cpu,2.4.2,R49,RandomCrop224+ColorJiggle+Normalize+ToTensor,False,False,3526.2743437427325,1852.0,"[{""operation_id"":""RandomCrop224"",""parameters"":{""height"":224,""width"":224},""stochastic"":true,""randomness_scope"":""per-image""},{""operation_id"":""ColorJiggle"",""parameters"":{""brightness"":[0.875,1.125],""contrast"":[0.5,1.5],""saturation"":[0.5,1.5],""hue"":[-0.05,0.05]},""stochastic"":true,""randomness_scope"":""per-image""},{""operation_id"":""Normalize"",""parameters"":{""mean"":[0.485,0.456,0.406],""std"":[0.229,0.224,0.225]},""stochastic"":false,""randomness_scope"":""deterministic""},{""operation_id"":""ToTensor"",""parameters"":{""layout"":""CHW"",""dtype"":""float16""},""stochastic"":false,""randomness_scope"":""deterministic""}]",f5e1f61875a7c50565ba81895ea47b4aee30eeeecd342220621220921656e3ee,8192,2.3231317820000186,3526.2743437427325,1852.0,50,db6511a74809560c07fd0462ec541ff1c72dd8a2e83c0cfb0c0f82059ea290c6,8192,2.303742152000268,3555.953513672153,1852.0,50,9d5d96df61c68b5d9f24e3cde374c46f3b060536428029ee0812ea82b49df901,8192,2.3983806910000567,3415.637905500385,1852.0,50
3f8e2e315710528399b8e82e2359ab85c58c809644595b68a92fb9d83492cc8c,albumentationsx_cpu,2.4.2,R50,LongestMaxSize+RandomCrop224+Normalize+ToTensor,False,False,3658.1765141118194,1852.0,"[{""operation_id"":""LongestMaxSize"",""parameters"":{""max_size"":512,""interpolation"":""bilinear""},""stochastic"":true,""randomness_scope"":""per-image""},{""operation_id"":""RandomCrop224"",""parameters"":{""height"":224,""width"":224},""stochastic"":true,""randomness_scope"":""per-image""},{""operation_id"":""Normalize"",""parameters"":{""mean"":[0.485,0.456,0.406],""std"":[0.229,0.224,0.225]},""stochastic"":false,""randomness_scope"":""deterministic""},{""operation_id"":""ToTensor"",""parameters"":{""layout"":""CHW"",""dtype"":""float16""},""stochastic"":false,""randomness_scope"":""deterministic""}]",32a8256422d7db22066891be9284d377272fa812614e0eb19284fb0df5ebcf0b,8192,2.3871241159999954,3431.7444765825558,1852.0,50,3d90fd66331b86d296a199a723d50b79f09ab33e040241f4c8ab3d4f0880eeee,8192,2.210397022000052,3706.1215331296294,1852.0,50,37325fff450dae7bb34832aa3133fa65e5b05a0bc39423ce6538d23255cdac33,8192,2.2393670639999073,3658.1765141118194,1852.0,50
3f8e2e315710528399b8e82e2359ab85c58c809644595b68a92fb9d83492cc8c,albumentationsx_cpu,2.4.2,R51,SmallestMaxSize+RandomCrop224+Normalize+ToTensor,False,False,3221.3661602871957,1852.0,"[{""operation_id"":""SmallestMaxSize"",""parameters"":{""max_size"":512,""interpolation"":""bilinear""},""stochastic"":true,""randomness_scope"":""per-image""},{""operation_id"":""RandomCrop224"",""parameters"":{""height"":224,""width"":224},""stochastic"":true,""randomness_scope"":""per-image""},{""operation_id"":""Normalize"",""parameters"":{""mean"":[0.485,0.456,0.406],""std"":[0.229,0.224,0.225]},""stochastic"":false,""randomness_scope"":""deterministic""},{""operation_id"":""ToTensor"",""parameters"":{""layout"":""CHW"",""dtype"":""float16""},""stochastic"":false,""randomness_scope"":""deterministic""}]",1f63834df3845991a5a651ff6228914dbf667a782ddaea87b38fad86619fd98c,8192,2.9689092579997123,2759.2625062307625,1852.0,50,cf164da89901aa7d53ad01e96a4635a8169179134df0f5ff7173ff2bf127d29f,8192,2.476449507000325,3307.9616510828077,1852.0,50,7a2e12297f3eecf06bd4c8c6b6d6b3291c7d56f17988cd49293583600d30f07b,8192,2.543020443000387,3221.3661602871957,1852.0,50
3f8e2e315710528399b8e82e2359ab85c58c809644595b68a92fb9d83492cc8c,albumentationsx_cpu,2.4.2,R52,RandomCrop224+Transpose+Normalize+ToTensor,False,False,4941.941841624016,1852.0,"[{""operation_id"":""RandomCrop224"",""parameters"":{""height"":224,""width"":224},""stochastic"":true,""randomness_scope"":""per-image""},{""operation_id"":""Transpose"",""parameters"":{},""stochastic"":false,""randomness_scope"":""deterministic""},{""operation_id"":""Normalize"",""parameters"":{""mean"":[0.485,0.456,0.406],""std"":[0.229,0.224,0.225]},""stochastic"":false,""randomness_scope"":""deterministic""},{""operation_id"":""ToTensor"",""parameters"":{""layout"":""CHW"",""dtype"":""float16""},""stochastic"":false,""randomness_scope"":""deterministic""}]",2243354d2baf88123aab2a599045934a52d9bf9edadd9c063555b947bca1b14b,8192,1.5851400790002117,5167.9975218132795,1852.0,50,67b53858abe7802577ee3fbeaf6e3c8a8002d90178ac57790e65cd2fd312b411,8192,1.6576479979999021,4941.941841624016,1852.0,50,b3d559d1a2a8f4a04c1e61c1b6a916ec83192a340e7301b644fe8e0dcfb44b9b,8192,1.7073050959998,4798.205088940331,1852.0,50
3f8e2e315710528399b8e82e2359ab85c58c809644595b68a92fb9d83492cc8c,albumentationsx_cpu,2.4.2,R53,RandomCrop224+RandomRotate90+Normalize+ToTensor,False,False,5002.045190466313,1852.0,"[{""operation_id"":""RandomCrop224"",""parameters"":{""height"":224,""width"":224},""stochastic"":true,""randomness_scope"":""per-image""},{""operation_id"":""RandomRotate90"",""parameters"":{""times"":[0,3]},""stochastic"":true,""randomness_scope"":""per-image""},{""operation_id"":""Normalize"",""parameters"":{""mean"":[0.485,0.456,0.406],""std"":[0.229,0.224,0.225]},""stochastic"":false,""randomness_scope"":""deterministic""},{""operation_id"":""ToTensor"",""parameters"":{""layout"":""CHW"",""dtype"":""float16""},""stochastic"":false,""randomness_scope"":""deterministic""}]",a8097d4a80b0ceb45c5815762e16c7f455466232bfd389340b5de22c92caa106,8192,1.625792328999978,5038.7739281799195,1852.0,50,97f6f741be694e90abe63d4ae378d32812dc7fc07bb85ee496ae4c7b7d50f513,8192,1.6377301060001628,5002.045190466313,1852.0,50,8987cf982ab5a1f62a35841090a6ce084ae8945ff31952132c4049342e666b09,8192,1.7281341780003459,4740.372654095127,1852.0,50
3f8e2e315710528399b8e82e2359ab85c58c809644595b68a92fb9d83492cc8c,albumentationsx_cpu,2.4.2,R54,RandomCrop224+RandomJigsaw+Normalize+ToTensor,False,False,4661.564966204377,1852.0,"[{""operation_id"":""RandomCrop224"",""parameters"":{""height"":224,""width"":224},""stochastic"":true,""randomness_scope"":""per-image""},{""operation_id"":""RandomJigsaw"",""parameters"":{""grid"":[4,4]},""stochastic"":true,""randomness_scope"":""per-image""},{""operation_id"":""Normalize"",""parameters"":{""mean"":[0.485,0.456,0.406],""std"":[0.229,0.224,0.225]},""stochastic"":false,""randomness_scope"":""deterministic""},{""operation_id"":""ToTensor"",""parameters"":{""layout"":""CHW"",""dtype"":""float16""},""stochastic"":false,""randomness_scope"":""deterministic""}]",2a68755529a2d5517011c758a52074f89e1938c529f5bf96112b4965fd90a101,8192,1.7081291889999193,4795.890177836184,1852.0,50,8a8122232048a2b6acdf929c05588ddcda63581c26ec940bf31f993ccb34994d,8192,1.7573497440002939,4661.564966204377,1852.0,50,0dadac33da8765557807bcde2c119a6949a52c3cc5ff742f6544f54a805e39cb,8192,1.7830718769996565,4594.318437563231,1852.0,50
3f8e2e315710528399b8e82e2359ab85c58c809644595b68a92fb9d83492cc8c,albumentationsx_cpu,2.4.2,R55,RandomCrop224+EnhanceEdge+Normalize+ToTensor,False,False,4388.570929372203,1852.0,"[{""operation_id"":""RandomCrop224"",""parameters"":{""height"":224,""width"":224},""stochastic"":true,""randomness_scope"":""per-image""},{""operation_id"":""EnhanceEdge"",""parameters"":{""mode"":""edge"",""alpha_range"":[0.5,1.0]},""stochastic"":true,""randomness_scope"":""per-image""},{""operation_id"":""Normalize"",""parameters"":{""mean"":[0.485,0.456,0.406],""std"":[0.229,0.224,0.225]},""stochastic"":false,""randomness_scope"":""deterministic""},{""operation_id"":""ToTensor"",""parameters"":{""layout"":""CHW"",""dtype"":""float16""},""stochastic"":false,""randomness_scope"":""deterministic""}]",99552d0000162e5d0749609bf5e823e208285966d711e94f7086fd12656d9be1,8192,1.8141362649998882,4515.6475607969305,1852.0,50,9e5215b4b0dcf93b245a3a5934d1624cc3f47a934d10e8dff99ea2e5f549b6d1,8192,2.268257791999986,3611.5824351591386,1852.0,50,f57e0ea500b2a15437bcf0f0dec5e7f3c9e911dcca1b0137b425e9b5a7274573,8192,1.8666668789996947,4388.570929372203,1852.0,50
3f8e2e315710528399b8e82e2359ab85c58c809644595b68a92fb9d83492cc8c,albumentationsx_cpu,2.4.2,R56,RandomCrop224+EnhanceDetail+Normalize+ToTensor,False,False,4719.648807752927,1852.0,"[{""operation_id"":""RandomCrop224"",""parameters"":{""height"":224,""width"":224},""stochastic"":true,""randomness_scope"":""per-image""},{""operation_id"":""EnhanceDetail"",""parameters"":{""mode"":""detail"",""alpha_range"":[0.5,1.0]},""stochastic"":true,""randomness_scope"":""per-image""},{""operation_id"":""Normalize"",""parameters"":{""mean"":[0.485,0.456,0.406],""std"":[0.229,0.224,0.225]},""stochastic"":false,""randomness_scope"":""deterministic""},{""operation_id"":""ToTensor"",""parameters"":{""layout"":""CHW"",""dtype"":""float16""},""stochastic"":false,""randomness_scope"":""deterministic""}]",3027ff5f3e4b748573a72800a98f2e0ca21e1254b5fc1a968604663f71f1ad2e,8192,1.7332451349998337,4726.3943423679575,1852.0,50,9041b44999dbc5434186f2a140a8b38839004cba60c63e67761abfe0535827ed,8192,2.1881302930000857,3743.835559612939,1852.0,50,ef7b535371325049b6499a11ec39f73d2094cb4812a13caf139ab92d6b6e5845,8192,1.7357223669996529,4719.648807752927,1852.0,50
3f8e2e315710528399b8e82e2359ab85c58c809644595b68a92fb9d83492cc8c,albumentationsx_cpu,2.4.2,R57,RandomCrop224+UnsharpMask+Normalize+ToTensor,False,False,3120.255638826874,1852.0,"[{""operation_id"":""RandomCrop224"",""parameters"":{""height"":224,""width"":224},""stochastic"":true,""randomness_scope"":""per-image""},{""operation_id"":""UnsharpMask"",""parameters"":{""blur_limit"":[3,7],""sigma_limit"":0.0,""alpha"":[0.2,0.5],""threshold"":10},""stochastic"":true,""randomness_scope"":""per-image""},{""operation_id"":""Normalize"",""parameters"":{""mean"":[0.485,0.456,0.406],""std"":[0.229,0.224,0.225]},""stochastic"":false,""randomness_scope"":""deterministic""},{""operation_id"":""ToTensor"",""parameters"":{""layout"":""CHW"",""dtype"":""float16""},""stochastic"":false,""randomness_scope"":""deterministic""}]",8b115f68f48056f2e305f688139afe776a1d2081cdb931604c53f8f2fe0a9413,8192,2.7699396110001544,2957.4651979658424,1852.0,50,1413bcd19d020f2969a092a2379ee550fadd1a6968df106396818a099d9f3ae0,8192,2.6254259100001036,3120.255638826874,1852.0,50,784b85773471db445f8d4c69d5285379b4ab727ddf92dee797aefbef85602fb8,8192,2.4753676919999634,3309.4073363223492,1852.0,50
3f8e2e315710528399b8e82e2359ab85c58c809644595b68a92fb9d83492cc8c,pillow_cpu,12.3.0,R01,Resize224+Normalize+ToTensor,True,True,2390.0916389026893,1814.0,"[{""operation_id"":""Resize"",""parameters"":{""target_size"":224,""interpolation"":""bilinear""},""stochastic"":false,""randomness_scope"":""deterministic""},{""operation_id"":""Normalize"",""parameters"":{""mean"":[0.485,0.456,0.406],""std"":[0.229,0.224,0.225]},""stochastic"":false,""randomness_scope"":""deterministic""},{""operation_id"":""ToTensor"",""parameters"":{""layout"":""CHW"",""dtype"":""float16""},""stochastic"":false,""randomness_scope"":""deterministic""}]",46a16da2f61d0143a40204a483d54dc6ff70f49739eefb14241c6eb9aa165e5b,8192,4.408370171000115,1858.2831482460338,1814.0,50,038fd2650993481e719a4305574ccd42246fd89dff97b5beca6871a597449984,8192,3.4053666390000217,2405.6146865893897,1814.0,50,1b31818785d21021383718036be6608994d163cbf4efa52ddd0b0ea3df5c1e33,8192,3.427483643999949,2390.0916389026893,1814.0,50
3f8e2e315710528399b8e82e2359ab85c58c809644595b68a92fb9d83492cc8c,pillow_cpu,12.3.0,R02,RandomCrop224+Normalize+ToTensor,True,True,3768.208697289325,1814.0,"[{""operation_id"":""RandomCrop224"",""parameters"":{""height"":224,""width"":224},""stochastic"":true,""randomness_scope"":""per-image""},{""operation_id"":""Normalize"",""parameters"":{""mean"":[0.485,0.456,0.406],""std"":[0.229,0.224,0.225]},""stochastic"":false,""randomness_scope"":""deterministic""},{""operation_id"":""ToTensor"",""parameters"":{""layout"":""CHW"",""dtype"":""float16""},""stochastic"":false,""randomness_scope"":""deterministic""}]",60e1b52f727a6a4dcd45c811154324d6641a9cf3f13ee0d2aeb70d5619554c03,8192,2.1562200460002714,3799.2411837539184,1814.0,50,3cc2ee9d23db447e77467896ff076e2fbddc75f0eb7d3f24120c146347338d91,8192,2.520176967000225,3250.5653798395615,1814.0,50,7d79e2623cec954e1db85656943cd4bbf53df0ef17014224d1c432c5186b6e20,8192,2.1739772549999543,3768.208697289325,1814.0,50
3f8e2e315710528399b8e82e2359ab85c58c809644595b68a92fb9d83492cc8c,pillow_cpu,12.3.0,R03,RandomResizedCrop+Normalize+ToTensor,True,True,2720.8513134570053,1814.0,"[{""operation_id"":""RandomResizedCrop"",""parameters"":{""size"":[224,224],""width"":224,""scale"":[0.08,1.0],""ratio"":[0.75,1.3333333333333333],""interpolation"":""bilinear""},""stochastic"":true,""randomness_scope"":""per-image""},{""operation_id"":""Normalize"",""parameters"":{""mean"":[0.485,0.456,0.406],""std"":[0.229,0.224,0.225]},""stochastic"":false,""randomness_scope"":""deterministic""},{""operation_id"":""ToTensor"",""parameters"":{""layout"":""CHW"",""dtype"":""float16""},""stochastic"":false,""randomness_scope"":""deterministic""}]",92efa9dc45f0a46d933703a20e7fa33b38ef3a368c07ea53b9d6734722019b0c,8192,3.076905545000045,2662.4151701087985,1814.0,50,461ed04f5f282c2ebd1e1a15c66a7b77aee70a52283aafe2ec6ddf781d832e1f,8192,2.9384532190001664,2787.8612962187626,1814.0,50,fd5d0bc53fd22b80a745969a92811721e571c561e6de237e25bdcbd42255e0e8,8192,3.0108223699999144,2720.8513134570053,1814.0,50
3f8e2e315710528399b8e82e2359ab85c58c809644595b68a92fb9d83492cc8c,pillow_cpu,12.3.0,R04,RandomCrop224+HorizontalFlip+Normalize+ToTensor,True,True,3758.7508550263337,1814.0,"[{""operation_id"":""RandomCrop224"",""parameters"":{""height"":224,""width"":224},""stochastic"":true,""randomness_scope"":""per-image""},{""operation_id"":""HorizontalFlip"",""parameters"":{},""stochastic"":false,""randomness_scope"":""deterministic""},{""operation_id"":""Normalize"",""parameters"":{""mean"":[0.485,0.456,0.406],""std"":[0.229,0.224,0.225]},""stochastic"":false,""randomness_scope"":""deterministic""},{""operation_id"":""ToTensor"",""parameters"":{""layout"":""CHW"",""dtype"":""float16""},""stochastic"":false,""randomness_scope"":""deterministic""}]",ae2487e407d4626e32e3e8de12951c756861c09d1497111bfdc04487cb90ea85,8192,2.1794474589996753,3758.7508550263337,1814.0,50,64a73bd1cef9adb4168b8e519a4c7a3da23ca44a1376e6a5cd30cfa3a9f9c041,8192,2.53153045199997,3235.9871450600654,1814.0,50,22d239a57718437ce4a936f722aef4aa48147baa58a6bc4b870fd033707f0506,8192,2.1458799830002135,3817.5480757999057,1814.0,50
3f8e2e315710528399b8e82e2359ab85c58c809644595b68a92fb9d83492cc8c,pillow_cpu,12.3.0,R05,RandomCrop224+VerticalFlip+Normalize+ToTensor,True,True,3566.7965067094983,1814.0,"[{""operation_id"":""RandomCrop224"",""parameters"":{""height"":224,""width"":224},""stochastic"":true,""randomness_scope"":""per-image""},{""operation_id"":""VerticalFlip"",""parameters"":{},""stochastic"":false,""randomness_scope"":""deterministic""},{""operation_id"":""Normalize"",""parameters"":{""mean"":[0.485,0.456,0.406],""std"":[0.229,0.224,0.225]},""stochastic"":false,""randomness_scope"":""deterministic""},{""operation_id"":""ToTensor"",""parameters"":{""layout"":""CHW"",""dtype"":""float16""},""stochastic"":false,""randomness_scope"":""deterministic""}]",a26489a220c3ec2072d16d6365d24bfc019f0d1920893a3f8f23c0b48c4e5dca,8192,2.296738819999973,3566.7965067094983,1814.0,50,ad13b500f8710ee24fc3ed1cc6aabc45327773f493037f68b9baad5678ee2c7a,8192,2.1920162150004217,3737.1986319902403,1814.0,50,210d4137888a3a59dd742a5adcdd4042e314162a278b1156b865894d179cdaee,8192,2.3341337090000707,3509.6532681109366,1814.0,50
3f8e2e315710528399b8e82e2359ab85c58c809644595b68a92fb9d83492cc8c,pillow_cpu,12.3.0,R06,Pad+RandomCrop224+Normalize+ToTensor,False,True,3658.518613669117,1814.0,"[{""operation_id"":""Pad"",""parameters"":{""padding"":10,""fill"":0,""border_mode"":""constant""},""stochastic"":false,""randomness_scope"":""deterministic""},{""operation_id"":""RandomCrop224"",""parameters"":{""height"":224,""width"":224},""stochastic"":true,""randomness_scope"":""per-image""},{""operation_id"":""Normalize"",""parameters"":{""mean"":[0.485,0.456,0.406],""std"":[0.229,0.224,0.225]},""stochastic"":false,""randomness_scope"":""deterministic""},{""operation_id"":""ToTensor"",""parameters"":{""layout"":""CHW"",""dtype"":""float16""},""stochastic"":false,""randomness_scope"":""deterministic""}]",ce0c9e819418541dc275120ca0202a5ba7f8e2bc19f15f5baaade0308d5061b1,8192,2.2647033820003344,3617.2507468789527,1814.0,50,9ecfcb5856251cc5314b569cae217aa478f8f722b2131008b2245fe77698e0ff,8192,2.2391576659997554,3658.518613669117,1814.0,50,a4379882c7acc6fa6b48ad85d373d5c762975d807356ce87518bf83afc4fbf82,8192,2.2183882849999463,3692.77103354348,1814.0,50
3f8e2e315710528399b8e82e2359ab85c58c809644595b68a92fb9d83492cc8c,pillow_cpu,12.3.0,R07,RandomCrop224+Rotate+Normalize+ToTensor,True,True,3555.225246737634,1814.0,"[{""operation_id"":""RandomCrop224"",""parameters"":{""height"":224,""width"":224},""stochastic"":true,""randomness_scope"":""per-image""},{""operation_id"":""Rotate"",""parameters"":{""angle_range"":[-45,45],""interpolation"":""nearest"",""mode"":""constant"",""fill"":0},""stochastic"":true,""randomness_scope"":""per-image""},{""operation_id"":""Normalize"",""parameters"":{""mean"":[0.485,0.456,0.406],""std"":[0.229,0.224,0.225]},""stochastic"":false,""randomness_scope"":""deterministic""},{""operation_id"":""ToTensor"",""parameters"":{""layout"":""CHW"",""dtype"":""float16""},""stochastic"":false,""randomness_scope"":""deterministic""}]",21840d4483cbc6152eb9b67ce75f3e58027aa80869efe4058b40e17a2de51058,8192,2.2935833439996713,3571.703649414527,1814.0,50,1356c47b6b0f096726974cabe53ac97825ef22e5138895cb628c618de7def427,8192,2.3042140600000494,3555.225246737634,1814.0,50,e7a9189eef96f1f1cdcce000dbb535d9e1d34c8d27a94ac13e87d789a5416acf,8192,2.3297634820000894,3516.2367610669266,1814.0,50
3f8e2e315710528399b8e82e2359ab85c58c809644595b68a92fb9d83492cc8c,pillow_cpu,12.3.0,R08,RandomCrop224+Affine+Normalize+ToTensor,True,True,2647.295774407849,1814.0,"[{""operation_id"":""RandomCrop224"",""parameters"":{""height"":224,""width"":224},""stochastic"":true,""randomness_scope"":""per-image""},{""operation_id"":""Affine"",""parameters"":{""angle"":25.0,""shift"":[20,20],""scale"":2.0,""shear"":[10.0,15.0],""interpolation"":""bilinear"",""mode"":""constant"",""fill"":0,""reference_size"":512},""stochastic"":true,""randomness_scope"":""per-image""},{""operation_id"":""Normalize"",""parameters"":{""mean"":[0.485,0.456,0.406],""std"":[0.229,0.224,0.225]},""stochastic"":false,""randomness_scope"":""deterministic""},{""operation_id"":""ToTensor"",""parameters"":{""layout"":""CHW"",""dtype"":""float16""},""stochastic"":false,""randomness_scope"":""deterministic""}]",4d21f93a7204dd46e65b4a03979722adb7787a475b2b996154de0b273ddbd127,8192,3.8790490249998584,2111.857815460401,1814.0,50,25f51c080682a02f1b3b9d96791c8defead648329bbfb8f269d429420c42fc4b,8192,3.018401627000003,2714.0192102738993,1814.0,50,804a75183eb2cc74b0b05f4cd2a1421d680e4ce50ada1345f8de11d8f2d27a1d,8192,3.094478554000034,2647.295774407849,1814.0,50
3f8e2e315710528399b8e82e2359ab85c58c809644595b68a92fb9d83492cc8c,pillow_cpu,12.3.0,R13,RandomCrop224+Grayscale+Normalize+ToTensor,False,True,3687.187945980744,1814.0,"[{""operation_id"":""RandomCrop224"",""parameters"":{""height"":224,""width"":224},""stochastic"":true,""randomness_scope"":""per-image""},{""operation_id"":""Grayscale"",""parameters"":{""num_output_channels"":3},""stochastic"":false,""randomness_scope"":""deterministic""},{""operation_id"":""Normalize"",""parameters"":{""mean"":[0.485,0.456,0.406],""std"":[0.229,0.224,0.225]},""stochastic"":false,""randomness_scope"":""deterministic""},{""operation_id"":""ToTensor"",""parameters"":{""layout"":""CHW"",""dtype"":""float16""},""stochastic"":false,""randomness_scope"":""deterministic""}]",67314d525ac3445d5440c7d58277287c720d00b1783c5aae9b1d7ffc2deda30c,8192,2.217692733000149,3693.9292256766616,1814.0,50,80214ca0e68d733566cf2e88f6b49bd505a3747991136f3393d091b6ad1b415d,8192,2.2260294359998625,3680.095091069814,1814.0,50,f033b7bbf39afe97a572e484c5b81a30852a392efef68a1ac6d8e6e7c9dff8a1,8192,2.2217473369996696,3687.187945980744,1814.0,50
3f8e2e315710528399b8e82e2359ab85c58c809644595b68a92fb9d83492cc8c,pillow_cpu,12.3.0,R15,RandomCrop224+GaussianBlur+Normalize+ToTensor,True,True,2393.1776434574685,1814.0,"[{""operation_id"":""RandomCrop224"",""parameters"":{""height"":224,""width"":224},""stochastic"":true,""randomness_scope"":""per-image""},{""operation_id"":""GaussianBlur"",""parameters"":{""sigma"":2.0,""kernel_size"":[5,5]},""stochastic"":true,""randomness_scope"":""per-image""},{""operation_id"":""Normalize"",""parameters"":{""mean"":[0.485,0.456,0.406],""std"":[0.229,0.224,0.225]},""stochastic"":false,""randomness_scope"":""deterministic""},{""operation_id"":""ToTensor"",""parameters"":{""layout"":""CHW"",""dtype"":""float16""},""stochastic"":false,""randomness_scope"":""deterministic""}]",1561f67fad572ae12bdcdeaf24a933fb95bb09ef436f2fe1fbab584ae2a263a4,8192,3.5477179360000264,2309.0899975087364,1814.0,50,2e65d1a1802cb2fa4675c266166746ed29e7cee9983d93e31785d5c9c48d704f,8192,3.3501075660001334,2445.2946177429317,1814.0,50,7137f2d8382cb9548e9ba2fd26600cdc14c29d2b01752d9a4b647a1246205c6b,8192,3.423063901000205,2393.1776434574685,1814.0,50
3f8e2e315710528399b8e82e2359ab85c58c809644595b68a92fb9d83492cc8c,pillow_cpu,12.3.0,R17,RandomCrop224+Invert+Normalize+ToTensor,False,True,3539.9488888592573,1814.0,"[{""operation_id"":""RandomCrop224"",""parameters"":{""height"":224,""width"":224},""stochastic"":true,""randomness_scope"":""per-image""},{""operation_id"":""Invert"",""parameters"":{},""stochastic"":false,""randomness_scope"":""deterministic""},{""operation_id"":""Normalize"",""parameters"":{""mean"":[0.485,0.456,0.406],""std"":[0.229,0.224,0.225]},""stochastic"":false,""randomness_scope"":""deterministic""},{""operation_id"":""ToTensor"",""parameters"":{""layout"":""CHW"",""dtype"":""float16""},""stochastic"":false,""randomness_scope"":""deterministic""}]",b284cb3af2ab8477c8ab1c1d0ba1f6c690358fa40c04db81e966b14e80b83493,8192,2.2768992870001057,3597.8754294368664,1814.0,50,8a4fc0bde1a2017db43341f25b1e9b5b39359b2dc2974bdb94a786f660f17823,8192,2.3194564000000355,3531.86203456977,1814.0,50,42ff804e6e6c5559a006799de819f8f68f8da56575d7cfc647753f7c880728f6,8192,2.31415770600006,3539.9488888592573,1814.0,50
3f8e2e315710528399b8e82e2359ab85c58c809644595b68a92fb9d83492cc8c,pillow_cpu,12.3.0,R18,RandomCrop224+Posterize+Normalize+ToTensor,False,True,3492.9586990385797,1814.0,"[{""operation_id"":""RandomCrop224"",""parameters"":{""height"":224,""width"":224},""stochastic"":true,""randomness_scope"":""per-image""},{""operation_id"":""Posterize"",""parameters"":{""bits"":4},""stochastic"":false,""randomness_scope"":""deterministic""},{""operation_id"":""Normalize"",""parameters"":{""mean"":[0.485,0.456,0.406],""std"":[0.229,0.224,0.225]},""stochastic"":false,""randomness_scope"":""deterministic""},{""operation_id"":""ToTensor"",""parameters"":{""layout"":""CHW"",""dtype"":""float16""},""stochastic"":false,""randomness_scope"":""deterministic""}]",cc9237f3739cc9a76002a5f8da3dd61cca676dede45a9a27b278828957e79d85,8192,2.3392480200000136,3501.9800935857807,1814.0,50,76692323b80ce19c0162c2ab81d8a0ad83feb0084cb289e0cae7b8c11a969b0b,8192,2.6668563500002165,3071.7815003419046,1814.0,50,a19b05cb1000ae8538985210a1dfb37e18cb4ebfd230e6fd28688f225249e0fa,8192,2.345289682999919,3492.9586990385797,1814.0,50
3f8e2e315710528399b8e82e2359ab85c58c809644595b68a92fb9d83492cc8c,pillow_cpu,12.3.0,R19,RandomCrop224+Solarize+Normalize+ToTensor,False,True,3506.0100684112504,1814.0,"[{""operation_id"":""RandomCrop224"",""parameters"":{""height"":224,""width"":224},""stochastic"":true,""randomness_scope"":""per-image""},{""operation_id"":""Solarize"",""parameters"":{""threshold"":0.5},""stochastic"":false,""randomness_scope"":""deterministic""},{""operation_id"":""Normalize"",""parameters"":{""mean"":[0.485,0.456,0.406],""std"":[0.229,0.224,0.225]},""stochastic"":false,""randomness_scope"":""deterministic""},{""operation_id"":""ToTensor"",""parameters"":{""layout"":""CHW"",""dtype"":""float16""},""stochastic"":false,""randomness_scope"":""deterministic""}]",928842fc487fb02830129c483db8966bf046b5788630e5c04cae50ce47393d90,8192,2.372726206000152,3452.568602008973,1814.0,50,afaec6a845ce199d75bd7881935d0f8251dde9258438a1abca560101d3a1d3da,8192,2.3008800919997157,3560.3767569131596,1814.0,50,06c1fbd299a0094312ebc1681b73f14343b0acae7cae8a8753fe9d0961dec3a0,8192,2.336559176999799,3506.0100684112504,1814.0,50
3f8e2e315710528399b8e82e2359ab85c58c809644595b68a92fb9d83492cc8c,pillow_cpu,12.3.0,R21,RandomCrop224+AutoContrast+Normalize+ToTensor,False,True,3512.6406414823723,1814.0,"[{""operation_id"":""RandomCrop224"",""parameters"":{""height"":224,""width"":224},""stochastic"":true,""randomness_scope"":""per-image""},{""operation_id"":""AutoContrast"",""parameters"":{},""stochastic"":false,""randomness_scope"":""deterministic""},{""operation_id"":""Normalize"",""parameters"":{""mean"":[0.485,0.456,0.406],""std"":[0.229,0.224,0.225]},""stochastic"":false,""randomness_scope"":""deterministic""},{""operation_id"":""ToTensor"",""parameters"":{""layout"":""CHW"",""dtype"":""float16""},""stochastic"":false,""randomness_scope"":""deterministic""}]",f9f36b24196be38d556c6b829c6b28147194e5e66d2772f2c9464487732bec1a,8192,2.3321486129998448,3512.6406414823723,1814.0,50,80fbb475e4478ebaf065966e1284f69a3df550c97154da368a1e217daa1c6e85,8192,2.3254163830001744,3522.8099620726657,1814.0,50,2d05b250de221581953377e9d6c9ad426efbd991d9aaf10f685a243579cb5b8e,8192,2.496965768999871,3280.7818600097207,1814.0,50
3f8e2e315710528399b8e82e2359ab85c58c809644595b68a92fb9d83492cc8c,pillow_cpu,12.3.0,R22,RandomCrop224+Equalize+Normalize+ToTensor,True,True,3245.1942625475585,1814.0,"[{""operation_id"":""RandomCrop224"",""parameters"":{""height"":224,""width"":224},""stochastic"":true,""randomness_scope"":""per-image""},{""operation_id"":""Equalize"",""parameters"":{""mode"":""pil""},""stochastic"":false,""randomness_scope"":""deterministic""},{""operation_id"":""Normalize"",""parameters"":{""mean"":[0.485,0.456,0.406],""std"":[0.229,0.224,0.225]},""stochastic"":false,""randomness_scope"":""deterministic""},{""operation_id"":""ToTensor"",""parameters"":{""layout"":""CHW"",""dtype"":""float16""},""stochastic"":false,""randomness_scope"":""deterministic""}]",3fbb3e1bae1376b4e5de3804f3ea291f5002ac4ef8e51304247a85382875d9bd,8192,2.5281329330000517,3240.3359384582773,1814.0,50,ad7173e05081e117414481ad0a6edc07ab0f4c7fc40b362a26c3305b3e9501ac,8192,2.497273253000003,3280.3779042437013,1814.0,50,bc96246aa7898776e9db68802d20d56605ee8d5975c0f2dcb3d2d63171e1a206,8192,2.5243481090001296,3245.1942625475585,1814.0,50
3f8e2e315710528399b8e82e2359ab85c58c809644595b68a92fb9d83492cc8c,pillow_cpu,12.3.0,R24,RandomCrop224+JpegCompression+Normalize+ToTensor,False,True,3182.6126201964266,1814.0,"[{""operation_id"":""RandomCrop224"",""parameters"":{""height"":224,""width"":224},""stochastic"":true,""randomness_scope"":""per-image""},{""operation_id"":""JpegCompression"",""parameters"":{""quality"":50},""stochastic"":true,""randomness_scope"":""per-image""},{""operation_id"":""Normalize"",""parameters"":{""mean"":[0.485,0.456,0.406],""std"":[0.229,0.224,0.225]},""stochastic"":false,""randomness_scope"":""deterministic""},{""operation_id"":""ToTensor"",""parameters"":{""layout"":""CHW"",""dtype"":""float16""},""stochastic"":false,""randomness_scope"":""deterministic""}]",43c57dc36f8780dcfd93441e92bdda65afc3ead4a1b5554a270fd3734294556e,8192,2.573985897000057,3182.6126201964266,1814.0,50,2b2f34e0060b2252cd106808a7236ba7b64eb8a168754f523a5840b31155cf37,8192,2.619203938999817,3127.667868095922,1814.0,50,2c81427d2c7d9781e091a35ea5dbebfd27f87620f37b32de96a8b2b5b6d68311,8192,2.520666209999945,3249.934468713404,1814.0,50
3f8e2e315710528399b8e82e2359ab85c58c809644595b68a92fb9d83492cc8c,pillow_cpu,12.3.0,R27,RandomCrop224+MedianBlur+Normalize+ToTensor,False,True,240.50048743056033,1814.0,"[{""operation_id"":""RandomCrop224"",""parameters"":{""height"":224,""width"":224},""stochastic"":true,""randomness_scope"":""per-image""},{""operation_id"":""MedianBlur"",""parameters"":{""blur_limit"":5},""stochastic"":true,""randomness_scope"":""per-image""},{""operation_id"":""Normalize"",""parameters"":{""mean"":[0.485,0.456,0.406],""std"":[0.229,0.224,0.225]},""stochastic"":false,""randomness_scope"":""deterministic""},{""operation_id"":""ToTensor"",""parameters"":{""layout"":""CHW"",""dtype"":""float16""},""stochastic"":false,""randomness_scope"":""deterministic""}]",dad54ab6ddbe72d2d0430c1d0ad733c5e903a1f72939dc85f6d96c0f69bc194f,8192,34.0623010270001,240.50048743056033,1814.0,50,a8d38e9921f0e394eaf5cd0befde1e89b54ca88f209a6c656d7da93a9636afb7,8192,33.878814152999894,241.80303250887596,1814.0,50,2f2edf2c9970ba22561d15a4843bfbea91b7d3cd65f19ae4a20e3f99fd838ae4,8192,34.21937297000022,239.3965549042013,1814.0,50
3f8e2e315710528399b8e82e2359ab85c58c809644595b68a92fb9d83492cc8c,pillow_cpu,12.3.0,R30,RandomCrop224+Brightness+Normalize+ToTensor,True,True,3518.8777460383417,1814.0,"[{""operation_id"":""RandomCrop224"",""parameters"":{""height"":224,""width"":224},""stochastic"":true,""randomness_scope"":""per-image""},{""operation_id"":""Brightness"",""parameters"":{""brightness_limit"":[0.2,0.2]},""stochastic"":true,""randomness_scope"":""per-image""},{""operation_id"":""Normalize"",""parameters"":{""mean"":[0.485,0.456,0.406],""std"":[0.229,0.224,0.225]},""stochastic"":false,""randomness_scope"":""deterministic""},{""operation_id"":""ToTensor"",""parameters"":{""layout"":""CHW"",""dtype"":""float16""},""stochastic"":false,""randomness_scope"":""deterministic""}]",95088b3f60c88cbe706543a4725f463a67d8783fb4327c1425ffbfa8b9f33889,8192,2.397698357000081,3416.609923464081,1814.0,50,450da2c69005a7d5426bea41e39e55133609db982accadc9930e7f59f7acd770,8192,2.3280149500001244,3518.8777460383417,1814.0,50,fc49ac5808d9c8dcbf1b77bc2797cf59988b31f823e85b9ce092f286c4f505e1,8192,2.306765836000068,3551.2924078175743,1814.0,50
3f8e2e315710528399b8e82e2359ab85c58c809644595b68a92fb9d83492cc8c,pillow_cpu,12.3.0,R31,RandomCrop224+Contrast+Normalize+ToTensor,True,True,3197.8380616054583,1814.0,"[{""operation_id"":""RandomCrop224"",""parameters"":{""height"":224,""width"":224},""stochastic"":true,""randomness_scope"":""per-image""},{""operation_id"":""Contrast"",""parameters"":{""contrast_limit"":[0.2,0.2]},""stochastic"":true,""randomness_scope"":""per-image""},{""operation_id"":""Normalize"",""parameters"":{""mean"":[0.485,0.456,0.406],""std"":[0.229,0.224,0.225]},""stochastic"":false,""randomness_scope"":""deterministic""},{""operation_id"":""ToTensor"",""parameters"":{""layout"":""CHW"",""dtype"":""float16""},""stochastic"":false,""randomness_scope"":""deterministic""}]",ee062b984611dce8ebaa2315b3b9feb50ccd983681692f1834d194eaed63afe1,8192,2.561730720000014,3197.8380616054583,1814.0,50,1de777cbfc24d5a06443e612cb6f107b233080a0dce1ff28293e7ee12def46ca,8192,2.905522178999945,2819.458773782141,1814.0,50,244256130e53ed4d8628f1a3835691fc8289bc3c9065841c410fce3bcabd2f4f,8192,2.439107487000001,3358.605573416452,1814.0,50
3f8e2e315710528399b8e82e2359ab85c58c809644595b68a92fb9d83492cc8c,pillow_cpu,12.3.0,R32,RandomCrop224+Blur+Normalize+ToTensor,False,True,3047.9792647935606,1814.0,"[{""operation_id"":""RandomCrop224"",""parameters"":{""height"":224,""width"":224},""stochastic"":true,""randomness_scope"":""per-image""},{""operation_id"":""Blur"",""parameters"":{""radius"":5,""border_mode"":""constant""},""stochastic"":true,""randomness_scope"":""per-image""},{""operation_id"":""Normalize"",""parameters"":{""mean"":[0.485,0.456,0.406],""std"":[0.229,0.224,0.225]},""stochastic"":false,""randomness_scope"":""deterministic""},{""operation_id"":""ToTensor"",""parameters"":{""layout"":""CHW"",""dtype"":""float16""},""stochastic"":false,""randomness_scope"":""deterministic""}]",7846c222066abeef68601214029ab2b22bc5d5bb1aaeb984cdd96d5a5398734a,8192,2.734750416999759,2995.5201575532737,1814.0,50,d165ee44cbe756efd9c9f63cee8131e667d412d5c4707805eceece849c4b7677,8192,2.6876823259999583,3047.9792647935606,1814.0,50,c65c881261d4bd6b71b39073fd57b62aa894cd83d2ef8db2e892b6f680682cc5,8192,2.623188922999816,3122.916511339879,1814.0,50
3f8e2e315710528399b8e82e2359ab85c58c809644595b68a92fb9d83492cc8c,pillow_cpu,12.3.0,R43,RandomCrop224+Saturation+Normalize+ToTensor,False,True,3469.5531558811344,1814.0,"[{""operation_id"":""RandomCrop224"",""parameters"":{""height"":224,""width"":224},""stochastic"":true,""randomness_scope"":""per-image""},{""operation_id"":""Saturation"",""parameters"":{""saturation_factor"":0.5},""stochastic"":true,""randomness_scope"":""per-image""},{""operation_id"":""Normalize"",""parameters"":{""mean"":[0.485,0.456,0.406],""std"":[0.229,0.224,0.225]},""stochastic"":false,""randomness_scope"":""deterministic""},{""operation_id"":""ToTensor"",""parameters"":{""layout"":""CHW"",""dtype"":""float16""},""stochastic"":false,""randomness_scope"":""deterministic""}]",e072ea94463fb33f977f0d0c0037a367127fbe6585c711c521cc863f54da81c4,8192,2.361110964999625,3469.5531558811344,1814.0,50,f704158356f3eb3ac16f1c938539210c73e4e5e2068f28747912e76717ba9994,8192,2.3073688869999387,3550.364246547205,1814.0,50,8cdd5c8e0e29b863e64423a7b81329902e65086ec60bb08c4c4a4daa00e0e1bc,8192,2.991919886999767,2738.041227505848,1814.0,50
3f8e2e315710528399b8e82e2359ab85c58c809644595b68a92fb9d83492cc8c,pillow_cpu,12.3.0,R46,RandomCrop224+Shear+Normalize+ToTensor,False,True,2549.9406125775386,1814.0,"[{""operation_id"":""RandomCrop224"",""parameters"":{""height"":224,""width"":224},""stochastic"":true,""randomness_scope"":""per-image""},{""operation_id"":""Shear"",""parameters"":{""shear"":10},""stochastic"":true,""randomness_scope"":""per-image""},{""operation_id"":""Normalize"",""parameters"":{""mean"":[0.485,0.456,0.406],""std"":[0.229,0.224,0.225]},""stochastic"":false,""randomness_scope"":""deterministic""},{""operation_id"":""ToTensor"",""parameters"":{""layout"":""CHW"",""dtype"":""float16""},""stochastic"":false,""randomness_scope"":""deterministic""}]",598e79be4badfddac73ae7612e9393a7d3348f91c44b69246bfe1d6fb79f13ba,8192,3.2126238389996615,2549.9406125775386,1814.0,50,165b38ea17d202aab1cc0cde7acfc645547d7dda9a09c1e88095b877489ed723,8192,3.233439788000396,2533.5248333373315,1814.0,50,439e18b2c0ae2aed3a25cbcc6a1c4bde65490d87bb0fa7d28611667a8f0cbdd1,8192,3.1623052019999704,2590.515297138001,1814.0,50
3f8e2e315710528399b8e82e2359ab85c58c809644595b68a92fb9d83492cc8c,pillow_cpu,12.3.0,R52,RandomCrop224+Transpose+Normalize+ToTensor,False,True,3676.4377560626135,1814.0,"[{""operation_id"":""RandomCrop224"",""parameters"":{""height"":224,""width"":224},""stochastic"":true,""randomness_scope"":""per-image""},{""operation_id"":""Transpose"",""parameters"":{},""stochastic"":false,""randomness_scope"":""deterministic""},{""operation_id"":""Normalize"",""parameters"":{""mean"":[0.485,0.456,0.406],""std"":[0.229,0.224,0.225]},""stochastic"":false,""randomness_scope"":""deterministic""},{""operation_id"":""ToTensor"",""parameters"":{""layout"":""CHW"",""dtype"":""float16""},""stochastic"":false,""randomness_scope"":""deterministic""}]",aabb69e47cfb5393fd9148ec6755f0de72f9087e44ee107d53786716db70dad9,8192,2.228243899000063,3676.4377560626135,1814.0,50,ed3558245a3587321321985ddf47a7483de66750a0d92afea3a282f704a76cbb,8192,2.2258015719999094,3680.4718367771616,1814.0,50,23f9632fc519ab5e4985058a44e3ecb2d7c01afa2c000610662fafbcbfaf9e10,8192,2.7676381539999966,2959.9245075301164,1814.0,50
3f8e2e315710528399b8e82e2359ab85c58c809644595b68a92fb9d83492cc8c,pillow_cpu,12.3.0,R55,RandomCrop224+EnhanceEdge+Normalize+ToTensor,False,True,2601.225998457242,1814.0,"[{""operation_id"":""RandomCrop224"",""parameters"":{""height"":224,""width"":224},""stochastic"":true,""randomness_scope"":""per-image""},{""operation_id"":""EnhanceEdge"",""parameters"":{""mode"":""edge"",""alpha_range"":[0.5,1.0]},""stochastic"":true,""randomness_scope"":""per-image""},{""operation_id"":""Normalize"",""parameters"":{""mean"":[0.485,0.456,0.406],""std"":[0.229,0.224,0.225]},""stochastic"":false,""randomness_scope"":""deterministic""},{""operation_id"":""ToTensor"",""parameters"":{""layout"":""CHW"",""dtype"":""float16""},""stochastic"":false,""randomness_scope"":""deterministic""}]",a22dba349e6d7c9ff22879db45cf4ad1b9425db85b90c047834a4e409ceebe8b,8192,3.147554633999789,2602.6553793571256,1814.0,50,d78d79434273a001eb5719d6845e5e019aa335c000069138224af8964bfba01a,8192,3.1492842239999845,2601.225998457242,1814.0,50,0b539375173b1894a67888f421e36239cbf752a5bfb106e378cfdb4dfd47858d,8192,3.199011944999711,2560.790688138784,1814.0,50
3f8e2e315710528399b8e82e2359ab85c58c809644595b68a92fb9d83492cc8c,pillow_cpu,12.3.0,R56,RandomCrop224+EnhanceDetail+Normalize+ToTensor,False,True,2700.48699172175,1814.0,"[{""operation_id"":""RandomCrop224"",""parameters"":{""height"":224,""width"":224},""stochastic"":true,""randomness_scope"":""per-image""},{""operation_id"":""EnhanceDetail"",""parameters"":{""mode"":""detail"",""alpha_range"":[0.5,1.0]},""stochastic"":true,""randomness_scope"":""per-image""},{""operation_id"":""Normalize"",""parameters"":{""mean"":[0.485,0.456,0.406],""std"":[0.229,0.224,0.225]},""stochastic"":false,""randomness_scope"":""deterministic""},{""operation_id"":""ToTensor"",""parameters"":{""layout"":""CHW"",""dtype"":""float16""},""stochastic"":false,""randomness_scope"":""deterministic""}]",12f22419ef8c7456bc6b944b97988e36e939005a0ea7b1e679d75e8f7caa87c6,8192,3.1516404330000114,2599.2812867304556,1814.0,50,07b03bd0baca49ec23370216e696b7ec597a03ff026598913c4e64088c510dd2,8192,2.878327920999709,2846.0968398467717,1814.0,50,bb981263c46d8428ba3546cbc78ed7ebfbae307ce4aac1b648161d8918c470e9,8192,3.033526924999933,2700.48699172175,1814.0,50
3f8e2e315710528399b8e82e2359ab85c58c809644595b68a92fb9d83492cc8c,pillow_cpu,12.3.0,R57,RandomCrop224+UnsharpMask+Normalize+ToTensor,False,True,2131.7361905028592,1814.0,"[{""operation_id"":""RandomCrop224"",""parameters"":{""height"":224,""width"":224},""stochastic"":true,""randomness_scope"":""per-image""},{""operation_id"":""UnsharpMask"",""parameters"":{""blur_limit"":[3,7],""sigma_limit"":0.0,""alpha"":[0.2,0.5],""threshold"":10},""stochastic"":true,""randomness_scope"":""per-image""},{""operation_id"":""Normalize"",""parameters"":{""mean"":[0.485,0.456,0.406],""std"":[0.229,0.224,0.225]},""stochastic"":false,""randomness_scope"":""deterministic""},{""operation_id"":""ToTensor"",""parameters"":{""layout"":""CHW"",""dtype"":""float16""},""stochastic"":false,""randomness_scope"":""deterministic""}]",43074a6d615a119294f786b4bf4585b92416cd0b0729cbde8901191226e1a358,8192,3.8473257249997914,2129.2712355412655,1814.0,50,787459e5987a3b452842abe5bd9a25e99cefc3b89e7f4576d04ecf4e1de94545,8192,3.8428770109999277,2131.7361905028592,1814.0,50,fdd6914614fc3c0773294191a169271f3e2a448ced014c78e1489086fc7a7cd7,8192,3.8121153730003243,2148.938108752068,1814.0,50
3f8e2e315710528399b8e82e2359ab85c58c809644595b68a92fb9d83492cc8c,torchvision_cpu,0.28.0+cu130,R01,Resize224+Normalize+ToTensor,True,False,3671.2320574967716,1814.0,"[{""operation_id"":""Resize"",""parameters"":{""target_size"":224,""interpolation"":""bilinear""},""stochastic"":false,""randomness_scope"":""deterministic""},{""operation_id"":""Normalize"",""parameters"":{""mean"":[0.485,0.456,0.406],""std"":[0.229,0.224,0.225]},""stochastic"":false,""randomness_scope"":""deterministic""},{""operation_id"":""ToTensor"",""parameters"":{""layout"":""CHW"",""dtype"":""float16""},""stochastic"":false,""randomness_scope"":""deterministic""}]",fc3bf3e1c610bd227a0fa69d9d4534c61956650790f9a6dc32358a40e6b11e37,8192,2.231403483000122,3671.2320574967716,1814.0,50,fdbbed34b6d9e7877fa937ceca33c9d330727660f0616d83d404ca45225b6d05,8192,2.192519876999995,3736.3401289702506,1814.0,50,24b148afe4528e6c537950e1c24bfce63ef101468816b82f4a37a9b7a3c0dfd1,8192,2.2900077330000386,3577.2804964584207,1814.0,50
3f8e2e315710528399b8e82e2359ab85c58c809644595b68a92fb9d83492cc8c,torchvision_cpu,0.28.0+cu130,R02,RandomCrop224+Normalize+ToTensor,True,True,4423.732759029883,1814.0,"[{""operation_id"":""RandomCrop224"",""parameters"":{""height"":224,""width"":224},""stochastic"":true,""randomness_scope"":""per-image""},{""operation_id"":""Normalize"",""parameters"":{""mean"":[0.485,0.456,0.406],""std"":[0.229,0.224,0.225]},""stochastic"":false,""randomness_scope"":""deterministic""},{""operation_id"":""ToTensor"",""parameters"":{""layout"":""CHW"",""dtype"":""float16""},""stochastic"":false,""randomness_scope"":""deterministic""}]",dbdbb3f28c359dca3e8f3cea98f4fbb20650087f502fd2d33265bed0f061b0fb,8192,1.8115505210002993,4522.093038551612,1814.0,50,f93145bdd4d21d3adf4abf848aef97938175f10130e7a0b4720bbbc7785dc866,8192,1.8927883930000462,4328.006252730545,1814.0,50,6bd459917175738142e1655c5b3c110829d3792976179542eeda7baebc49869d,8192,1.8518297659998098,4423.732759029883,1814.0,50
3f8e2e315710528399b8e82e2359ab85c58c809644595b68a92fb9d83492cc8c,torchvision_cpu,0.28.0+cu130,R03,RandomResizedCrop+Normalize+ToTensor,True,False,3518.4023098658067,1814.0,"[{""operation_id"":""RandomResizedCrop"",""parameters"":{""size"":[224,224],""width"":224,""scale"":[0.08,1.0],""ratio"":[0.75,1.3333333333333333],""interpolation"":""bilinear""},""stochastic"":true,""randomness_scope"":""per-image""},{""operation_id"":""Normalize"",""parameters"":{""mean"":[0.485,0.456,0.406],""std"":[0.229,0.224,0.225]},""stochastic"":false,""randomness_scope"":""deterministic""},{""operation_id"":""ToTensor"",""parameters"":{""layout"":""CHW"",""dtype"":""float16""},""stochastic"":false,""randomness_scope"":""deterministic""}]",f7f314a833eedeeca993f28b8b607256353317bea76864d98e4e25ae85cdcae2,8192,2.233675576999758,3667.4976815582954,1814.0,50,1318bc0680680359e11775a95c5f8a5b993cf169e9f9eac8147c052b14d3564f,8192,2.328329531000236,3518.4023098658067,1814.0,50,8d67b55f55aab4d944096944b53c9cf4226115cba523a866046b911359a1f827,8192,2.343192421999902,3496.0850517808403,1814.0,50
3f8e2e315710528399b8e82e2359ab85c58c809644595b68a92fb9d83492cc8c,torchvision_cpu,0.28.0+cu130,R04,RandomCrop224+HorizontalFlip+Normalize+ToTensor,True,False,4206.7716099625395,1814.0,"[{""operation_id"":""RandomCrop224"",""parameters"":{""height"":224,""width"":224},""stochastic"":true,""randomness_scope"":""per-image""},{""operation_id"":""HorizontalFlip"",""parameters"":{},""stochastic"":false,""randomness_scope"":""deterministic""},{""operation_id"":""Normalize"",""parameters"":{""mean"":[0.485,0.456,0.406],""std"":[0.229,0.224,0.225]},""stochastic"":false,""randomness_scope"":""deterministic""},{""operation_id"":""ToTensor"",""parameters"":{""layout"":""CHW"",""dtype"":""float16""},""stochastic"":false,""randomness_scope"":""deterministic""}]",e15ebbe00d25f57515b314ae4edb2f578687a46c96faf9e008960fe2d686ef38,8192,2.5232887970000775,3246.556640579318,1814.0,50,8806a4a5f95e2f07d01b7821d283d1e3c498667320a80a529832f3db97e4a58b,8192,1.8484777149997171,4431.754807496423,1814.0,50,24ef8d01e804958ef6c9b53b80de50bd5065b3f1330a5a33afc03a55bd701c94,8192,1.9473365230001036,4206.7716099625395,1814.0,50
3f8e2e315710528399b8e82e2359ab85c58c809644595b68a92fb9d83492cc8c,torchvision_cpu,0.28.0+cu130,R05,RandomCrop224+VerticalFlip+Normalize+ToTensor,True,False,4319.125651050673,1814.0,"[{""operation_id"":""RandomCrop224"",""parameters"":{""height"":224,""width"":224},""stochastic"":true,""randomness_scope"":""per-image""},{""operation_id"":""VerticalFlip"",""parameters"":{},""stochastic"":false,""randomness_scope"":""deterministic""},{""operation_id"":""Normalize"",""parameters"":{""mean"":[0.485,0.456,0.406],""std"":[0.229,0.224,0.225]},""stochastic"":false,""randomness_scope"":""deterministic""},{""operation_id"":""ToTensor"",""parameters"":{""layout"":""CHW"",""dtype"":""float16""},""stochastic"":false,""randomness_scope"":""deterministic""}]",a0a4acd4e72e82e8c1f3eb8d3d282783f8475fe88de80cffcfb3c6ec357a402b,8192,1.8776043809998555,4363.006436764716,1814.0,50,2622e9949720af1f01186bd451564a2382e87ccb0646361f3ecc0229e121e3f0,8192,1.8966801759997907,4319.125651050673,1814.0,50,23462033bc4837a233daf88543d08207655989e8fa1889aee479d4641ecce2ea,8192,2.0007920680000097,4094.378486910295,1814.0,50
3f8e2e315710528399b8e82e2359ab85c58c809644595b68a92fb9d83492cc8c,torchvision_cpu,0.28.0+cu130,R06,Pad+RandomCrop224+Normalize+ToTensor,False,True,3685.338143704705,1814.0,"[{""operation_id"":""Pad"",""parameters"":{""padding"":10,""fill"":0,""border_mode"":""constant""},""stochastic"":false,""randomness_scope"":""deterministic""},{""operation_id"":""RandomCrop224"",""parameters"":{""height"":224,""width"":224},""stochastic"":true,""randomness_scope"":""per-image""},{""operation_id"":""Normalize"",""parameters"":{""mean"":[0.485,0.456,0.406],""std"":[0.229,0.224,0.225]},""stochastic"":false,""randomness_scope"":""deterministic""},{""operation_id"":""ToTensor"",""parameters"":{""layout"":""CHW"",""dtype"":""float16""},""stochastic"":false,""randomness_scope"":""deterministic""}]",6d18776658269b4c89a3c276f710a6332479b51fdbf9829f0ce9d2d4f5b5550b,8192,2.2228625110001303,3685.338143704705,1814.0,50,d5eaeb7a38f70ad65823ba15d9bc37711b35a1b236d516ece05022a5a36ea2cd,8192,2.202331359999789,3719.6945694860306,1814.0,50,efd664f2a2f9c8ac4b0b364b9c5a0c09946e66d9b08f92738004275b65378de8,8192,2.9466590930001075,2780.0976432802777,1814.0,50
3f8e2e315710528399b8e82e2359ab85c58c809644595b68a92fb9d83492cc8c,torchvision_cpu,0.28.0+cu130,R07,RandomCrop224+Rotate+Normalize+ToTensor,True,True,2585.306840738472,1814.0,"[{""operation_id"":""RandomCrop224"",""parameters"":{""height"":224,""width"":224},""stochastic"":true,""randomness_scope"":""per-image""},{""operation_id"":""Rotate"",""parameters"":{""angle_range"":[-45,45],""interpolation"":""nearest"",""mode"":""constant"",""fill"":0},""stochastic"":true,""randomness_scope"":""per-image""},{""operation_id"":""Normalize"",""parameters"":{""mean"":[0.485,0.456,0.406],""std"":[0.229,0.224,0.225]},""stochastic"":false,""randomness_scope"":""deterministic""},{""operation_id"":""ToTensor"",""parameters"":{""layout"":""CHW"",""dtype"":""float16""},""stochastic"":false,""randomness_scope"":""deterministic""}]",dfb3a1633d429d50e20516f2d62807ef500953d7bf1ad8e9ae9745b5409b3661,8192,3.1686761010000737,2585.306840738472,1814.0,50,987e96a3f47424362eeee209f48e3b631c1d7ec1541afa78baf774cb1488e50c,8192,3.081599605000065,2658.359634622236,1814.0,50,377ae17b784b0cc89e64abcc1d5679c762fbe9d500bb6a901879ed7402ae6669,8192,3.2021823680001944,2558.2552954708863,1814.0,50
3f8e2e315710528399b8e82e2359ab85c58c809644595b68a92fb9d83492cc8c,torchvision_cpu,0.28.0+cu130,R08,RandomCrop224+Affine+Normalize+ToTensor,True,True,2383.7554087470617,1814.0,"[{""operation_id"":""RandomCrop224"",""parameters"":{""height"":224,""width"":224},""stochastic"":true,""randomness_scope"":""per-image""},{""operation_id"":""Affine"",""parameters"":{""angle"":25.0,""shift"":[20,20],""scale"":2.0,""shear"":[10.0,15.0],""interpolation"":""bilinear"",""mode"":""constant"",""fill"":0,""reference_size"":512},""stochastic"":true,""randomness_scope"":""per-image""},{""operation_id"":""Normalize"",""parameters"":{""mean"":[0.485,0.456,0.406],""std"":[0.229,0.224,0.225]},""stochastic"":false,""randomness_scope"":""deterministic""},{""operation_id"":""ToTensor"",""parameters"":{""layout"":""CHW"",""dtype"":""float16""},""stochastic"":false,""randomness_scope"":""deterministic""}]",6944a3b781b8bfd4f2666aa0a477cf628b45dfeeb5d7e549a6f5d5c47e60cc8b,8192,3.436594194999998,2383.7554087470617,1814.0,50,67f1ae007f61c2d847b41eb046b395ed65c16a90b2cb683f55eaaf6a9958212e,8192,3.2968141950000245,2484.823079330359,1814.0,50,b21eb190e99401f845f123abfb785196b1981197e197ed0de55df707db945833,8192,3.560353884000051,2300.8948736287707,1814.0,50
3f8e2e315710528399b8e82e2359ab85c58c809644595b68a92fb9d83492cc8c,torchvision_cpu,0.28.0+cu130,R09,RandomCrop224+Perspective+Normalize+ToTensor,False,True,2179.0868191415784,1814.0,"[{""operation_id"":""RandomCrop224"",""parameters"":{""height"":224,""width"":224},""stochastic"":true,""randomness_scope"":""per-image""},{""operation_id"":""Perspective"",""parameters"":{""scale"":[0.05,0.1],""interpolation"":""bilinear"",""fill"":0},""stochastic"":true,""randomness_scope"":""per-image""},{""operation_id"":""Normalize"",""parameters"":{""mean"":[0.485,0.456,0.406],""std"":[0.229,0.224,0.225]},""stochastic"":false,""randomness_scope"":""deterministic""},{""operation_id"":""ToTensor"",""parameters"":{""layout"":""CHW"",""dtype"":""float16""},""stochastic"":false,""randomness_scope"":""deterministic""}]",92577e1012b4c4ac56d4715e47383a2f42768be099680022a81aa7812cc159fe,8192,3.686528027999884,2222.1450475298698,1814.0,50,076aa2133883315367df431191b24ab27658c91c6584eb9fd494d2e8d9267561,8192,3.7593729299996994,2179.0868191415784,1814.0,50,65bf9bfcb2d2e902322ec42560715e9202fd176c771dd0436f1485181f3fe2b8,8192,3.831273646000227,2138.192349834443,1814.0,50
3f8e2e315710528399b8e82e2359ab85c58c809644595b68a92fb9d83492cc8c,torchvision_cpu,0.28.0+cu130,R10,RandomCrop224+Elastic+Normalize+ToTensor,False,True,235.87145763135078,1814.0,"[{""operation_id"":""RandomCrop224"",""parameters"":{""height"":224,""width"":224},""stochastic"":true,""randomness_scope"":""per-image""},{""operation_id"":""Elastic"",""parameters"":{""alpha"":50.0,""sigma"":5.0,""interpolation"":""bilinear"",""approximate"":false,""same_dxdy"":true},""stochastic"":true,""randomness_scope"":""per-image""},{""operation_id"":""Normalize"",""parameters"":{""mean"":[0.485,0.456,0.406],""std"":[0.229,0.224,0.225]},""stochastic"":false,""randomness_scope"":""deterministic""},{""operation_id"":""ToTensor"",""parameters"":{""layout"":""CHW"",""dtype"":""float16""},""stochastic"":false,""randomness_scope"":""deterministic""}]",b2d303678a3955342cfbdb2da623a42ee4fc0de4b24d3ec31f5659356bc24ae3,8192,35.62954323999975,229.92155540190018,1814.0,50,d2d2d25c7aafecd1530453115340a1a0db24ff0f400bebd3907aedae5f9ab4f3,8192,34.473226407999846,237.63369007140471,1814.0,50,a83f8dfbfc84a8975979953ec5c1c566e196f8aa342888db1a4dcea3228d122e,8192,34.73078125799975,235.87145763135078,1814.0,50
3f8e2e315710528399b8e82e2359ab85c58c809644595b68a92fb9d83492cc8c,torchvision_cpu,0.28.0+cu130,R11,RandomCrop224+ColorJitter+Normalize+ToTensor,False,True,1202.542649072323,1814.0,"[{""operation_id"":""RandomCrop224"",""parameters"":{""height"":224,""width"":224},""stochastic"":true,""randomness_scope"":""per-image""},{""operation_id"":""ColorJitter"",""parameters"":{""brightness"":0.5,""contrast"":1.5,""saturation"":1.5,""hue"":0.5},""stochastic"":true,""randomness_scope"":""per-image""},{""operation_id"":""Normalize"",""parameters"":{""mean"":[0.485,0.456,0.406],""std"":[0.229,0.224,0.225]},""stochastic"":false,""randomness_scope"":""deterministic""},{""operation_id"":""ToTensor"",""parameters"":{""layout"":""CHW"",""dtype"":""float16""},""stochastic"":false,""randomness_scope"":""deterministic""}]",0e6f69bac78adbceef265e1bd1a2e219961003692014ce0e1accbcc5653f2b21,8192,6.77882228999988,1208.4695024510143,1814.0,50,86877336bd414adf8aad6b42f5fce299264650039c2ab414325f1710b910309a,8192,6.812232403000053,1202.542649072323,1814.0,50,3253c47e18c11282b9cbf053041df79911928e0ab0510ab5869e17068e9e5907,8192,8.685394961999918,943.1925704981057,1814.0,50
3f8e2e315710528399b8e82e2359ab85c58c809644595b68a92fb9d83492cc8c,torchvision_cpu,0.28.0+cu130,R12,RandomCrop224+ChannelShuffle+Normalize+ToTensor,False,False,4225.3862037680365,1814.0,"[{""operation_id"":""RandomCrop224"",""parameters"":{""height"":224,""width"":224},""stochastic"":true,""randomness_scope"":""per-image""},{""operation_id"":""ChannelShuffle"",""parameters"":{},""stochastic"":true,""randomness_scope"":""per-image""},{""operation_id"":""Normalize"",""parameters"":{""mean"":[0.485,0.456,0.406],""std"":[0.229,0.224,0.225]},""stochastic"":false,""randomness_scope"":""deterministic""},{""operation_id"":""ToTensor"",""parameters"":{""layout"":""CHW"",""dtype"":""float16""},""stochastic"":false,""randomness_scope"":""deterministic""}]",a2a0ebd70589a826bb6cbf3e95f417cd97ac136d1bc4927bdbd70ce081c8b1a1,8192,1.9387576909998643,4225.3862037680365,1814.0,50,ffa3b4d988f7f9c18e4b3dd7d5b14915d4581b07992ccd120ee2adf87898d149,8192,1.837937867999699,4457.169169116517,1814.0,50,ed0edc49b371c3fe11b65858f0f574500cdf4c3e94a5ee01bf8aaaeaff764394,8192,2.0617109009999695,3973.3989843225463,1814.0,50
3f8e2e315710528399b8e82e2359ab85c58c809644595b68a92fb9d83492cc8c,torchvision_cpu,0.28.0+cu130,R13,RandomCrop224+Grayscale+Normalize+ToTensor,False,False,3890.760084693564,1814.0,"[{""operation_id"":""RandomCrop224"",""parameters"":{""height"":224,""width"":224},""stochastic"":true,""randomness_scope"":""per-image""},{""operation_id"":""Grayscale"",""parameters"":{""num_output_channels"":3},""stochastic"":false,""randomness_scope"":""deterministic""},{""operation_id"":""Normalize"",""parameters"":{""mean"":[0.485,0.456,0.406],""std"":[0.229,0.224,0.225]},""stochastic"":false,""randomness_scope"":""deterministic""},{""operation_id"":""ToTensor"",""parameters"":{""layout"":""CHW"",""dtype"":""float16""},""stochastic"":false,""randomness_scope"":""deterministic""}]",048b42ff355e5790adb339c5c39b19c22a2fde9d6fa141cc8e3e36b20ee0f706,8192,2.1055011930002365,3890.760084693564,1814.0,50,aa93349ea8e0e728b2b418fcccaf5a6f6e0b2cf7ad719d91ad7b78ec2eebf46d,8192,2.0215221449998353,4052.3919167853924,1814.0,50,cd186e568350bc734c5f931af46095e57da3c2d23e78dd9b99c2978da8fe301a,8192,2.10868257500033,3884.890071706842,1814.0,50
3f8e2e315710528399b8e82e2359ab85c58c809644595b68a92fb9d83492cc8c,torchvision_cpu,0.28.0+cu130,R15,RandomCrop224+GaussianBlur+Normalize+ToTensor,True,False,2447.3321601651187,1814.0,"[{""operation_id"":""RandomCrop224"",""parameters"":{""height"":224,""width"":224},""stochastic"":true,""randomness_scope"":""per-image""},{""operation_id"":""GaussianBlur"",""parameters"":{""sigma"":2.0,""kernel_size"":[5,5]},""stochastic"":true,""randomness_scope"":""per-image""},{""operation_id"":""Normalize"",""parameters"":{""mean"":[0.485,0.456,0.406],""std"":[0.229,0.224,0.225]},""stochastic"":false,""randomness_scope"":""deterministic""},{""operation_id"":""ToTensor"",""parameters"":{""layout"":""CHW"",""dtype"":""float16""},""stochastic"":false,""randomness_scope"":""deterministic""}]",9b50628b1f0111664bf6e254365ae11a93a0da63c6aed33a7c7c1d221bb752e9,8192,3.325243197999953,2463.579206756148,1814.0,50,1ef8b0a7485978bdb86adf5304b75526d9482f636ab80f1d5e390fbf08531f54,8192,3.3473184119998223,2447.3321601651187,1814.0,50,689077a224b5e382f08e7ed36b4cdaeedcbe0d742b18edf8b2c6f271fb191d6a,8192,3.567588459000035,2296.2289776820694,1814.0,50
3f8e2e315710528399b8e82e2359ab85c58c809644595b68a92fb9d83492cc8c,torchvision_cpu,0.28.0+cu130,R17,RandomCrop224+Invert+Normalize+ToTensor,False,False,4066.541055522222,1814.0,"[{""operation_id"":""RandomCrop224"",""parameters"":{""height"":224,""width"":224},""stochastic"":true,""randomness_scope"":""per-image""},{""operation_id"":""Invert"",""parameters"":{},""stochastic"":false,""randomness_scope"":""deterministic""},{""operation_id"":""Normalize"",""parameters"":{""mean"":[0.485,0.456,0.406],""std"":[0.229,0.224,0.225]},""stochastic"":false,""randomness_scope"":""deterministic""},{""operation_id"":""ToTensor"",""parameters"":{""layout"":""CHW"",""dtype"":""float16""},""stochastic"":false,""randomness_scope"":""deterministic""}]",b7b05cdb9adc0705d8f24b56e330d366ca67835ce5bd086421af39137032d5f8,8192,1.869713344000047,4381.420299688353,1814.0,50,c85694de861d7c5f42c5c27b53367f4fe7fd71cdbb140d836c9d09086b7f34b1,8192,2.4607593000000634,3329.0537599511617,1814.0,50,e6326c9c92656c4448696854e8403f574be70282d640c073fff9bab6e8da6c6f,8192,2.0144884530000127,4066.541055522222,1814.0,50
3f8e2e315710528399b8e82e2359ab85c58c809644595b68a92fb9d83492cc8c,torchvision_cpu,0.28.0+cu130,R18,RandomCrop224+Posterize+Normalize+ToTensor,False,False,4335.63672237629,1814.0,"[{""operation_id"":""RandomCrop224"",""parameters"":{""height"":224,""width"":224},""stochastic"":true,""randomness_scope"":""per-image""},{""operation_id"":""Posterize"",""parameters"":{""bits"":4},""stochastic"":false,""randomness_scope"":""deterministic""},{""operation_id"":""Normalize"",""parameters"":{""mean"":[0.485,0.456,0.406],""std"":[0.229,0.224,0.225]},""stochastic"":false,""randomness_scope"":""deterministic""},{""operation_id"":""ToTensor"",""parameters"":{""layout"":""CHW"",""dtype"":""float16""},""stochastic"":false,""randomness_scope"":""deterministic""}]",6f59b1b875f6fb45cc4c44060a3aa2b8929fc8d3c99ac001bc2405b535cbdc84,8192,1.8894571949999772,4335.63672237629,1814.0,50,44a31903ade3953223cd94759d1971a5fee52c112e0dee093057e799be9d811b,8192,1.9420857029999752,4218.145464613466,1814.0,50,1efdc0f46be12b6fdfe0c6419e77c93ec0b0b235199f2890aa58c3973cc69445,8192,1.8774875220001377,4363.277999990563,1814.0,50
3f8e2e315710528399b8e82e2359ab85c58c809644595b68a92fb9d83492cc8c,torchvision_cpu,0.28.0+cu130,R19,RandomCrop224+Solarize+Normalize+ToTensor,False,False,3671.2666263160386,1814.0,"[{""operation_id"":""RandomCrop224"",""parameters"":{""height"":224,""width"":224},""stochastic"":true,""randomness_scope"":""per-image""},{""operation_id"":""Solarize"",""parameters"":{""threshold"":0.5},""stochastic"":false,""randomness_scope"":""deterministic""},{""operation_id"":""Normalize"",""parameters"":{""mean"":[0.485,0.456,0.406],""std"":[0.229,0.224,0.225]},""stochastic"":false,""randomness_scope"":""deterministic""},{""operation_id"":""ToTensor"",""parameters"":{""layout"":""CHW"",""dtype"":""float16""},""stochastic"":false,""randomness_scope"":""deterministic""}]",77878463571b35ad117b0c709a6ec07cdf93dc71994ce1f2b2816fbf530562a3,8192,2.2465794310001,3646.4323882611184,1814.0,50,8868fb971f9117fabc6eb9941823552efeef664f93f748e7e98029a2ac1d64c0,8192,2.1614354349999303,3790.0738867086557,1814.0,50,6c53f0a45dc38cf70b7e44683826c0e0dd7919d36c219db14b2ce795111faa39,8192,2.23138247199995,3671.2666263160386,1814.0,50
3f8e2e315710528399b8e82e2359ab85c58c809644595b68a92fb9d83492cc8c,torchvision_cpu,0.28.0+cu130,R20,RandomCrop224+Sharpen+Normalize+ToTensor,False,False,2117.32732792308,1814.0,"[{""operation_id"":""RandomCrop224"",""parameters"":{""height"":224,""width"":224},""stochastic"":true,""randomness_scope"":""per-image""},{""operation_id"":""Sharpen"",""parameters"":{""alpha"":[0.2,0.5],""lightness"":[0.5,1]},""stochastic"":true,""randomness_scope"":""per-image""},{""operation_id"":""Normalize"",""parameters"":{""mean"":[0.485,0.456,0.406],""std"":[0.229,0.224,0.225]},""stochastic"":false,""randomness_scope"":""deterministic""},{""operation_id"":""ToTensor"",""parameters"":{""layout"":""CHW"",""dtype"":""float16""},""stochastic"":false,""randomness_scope"":""deterministic""}]",9989c184fd72f79f848e20c6e5604de795748467c841fcb14f5aea9fa1f2cffa,8192,4.792123263000121,1709.4718875973522,1814.0,50,9e4ee0c2e8d3803980534161fde8dcea9f70125d02a8a0a549baaa5da6593240,8192,3.7227907930000583,2200.4996937790243,1814.0,50,93daec0dc66df97f492f0fd10abe3a5a6e21aba58eb7a696fdd4e35ef2fa5de6,8192,3.869028606000029,2117.32732792308,1814.0,50
3f8e2e315710528399b8e82e2359ab85c58c809644595b68a92fb9d83492cc8c,torchvision_cpu,0.28.0+cu130,R21,RandomCrop224+AutoContrast+Normalize+ToTensor,False,False,2687.4911626010526,1814.0,"[{""operation_id"":""RandomCrop224"",""parameters"":{""height"":224,""width"":224},""stochastic"":true,""randomness_scope"":""per-image""},{""operation_id"":""AutoContrast"",""parameters"":{},""stochastic"":false,""randomness_scope"":""deterministic""},{""operation_id"":""Normalize"",""parameters"":{""mean"":[0.485,0.456,0.406],""std"":[0.229,0.224,0.225]},""stochastic"":false,""randomness_scope"":""deterministic""},{""operation_id"":""ToTensor"",""parameters"":{""layout"":""CHW"",""dtype"":""float16""},""stochastic"":false,""randomness_scope"":""deterministic""}]",de3cf63ece5b7f89c35af9979afbd0ccca0cf0da0a363ad845d4b43a702e2ecc,8192,2.9174352640002326,2807.9457669842395,1814.0,50,f6b385feab459c4e468d9c3f9fe46ce8fd579ce618a393b2952be33021ecdabe,8192,3.602806301999408,2273.78307722338,1814.0,50,f9ba8b7e80852cc368f7323744568b344e9d7d239a4ee47a5004e8e9f89138b3,8192,3.0481960699999036,2687.4911626010526,1814.0,50
3f8e2e315710528399b8e82e2359ab85c58c809644595b68a92fb9d83492cc8c,torchvision_cpu,0.28.0+cu130,R22,RandomCrop224+Equalize+Normalize+ToTensor,True,True,3063.8803692708047,1814.0,"[{""operation_id"":""RandomCrop224"",""parameters"":{""height"":224,""width"":224},""stochastic"":true,""randomness_scope"":""per-image""},{""operation_id"":""Equalize"",""parameters"":{""mode"":""pil""},""stochastic"":false,""randomness_scope"":""deterministic""},{""operation_id"":""Normalize"",""parameters"":{""mean"":[0.485,0.456,0.406],""std"":[0.229,0.224,0.225]},""stochastic"":false,""randomness_scope"":""deterministic""},{""operation_id"":""ToTensor"",""parameters"":{""layout"":""CHW"",""dtype"":""float16""},""stochastic"":false,""randomness_scope"":""deterministic""}]",844789a9dc576d411550238c21be9b92668a5ad8e4fcc08349e43f3bf8430269,8192,2.611413219999122,3136.998747368965,1814.0,50,45ccbba02edf4e7a5e272558b33a568093c7399df8b41f180b1d2c3f916447bb,8192,2.7122415399999227,3020.3799621770536,1814.0,50,3fbdb7aee83b5f22130df317b8e1bafadc86c9041ee349906dc8ba0eda881ce9,8192,2.673733636000179,3063.8803692708047,1814.0,50
3f8e2e315710528399b8e82e2359ab85c58c809644595b68a92fb9d83492cc8c,torchvision_cpu,0.28.0+cu130,R23,RandomCrop224+Erasing+Normalize+ToTensor,False,True,4010.4271203040653,1814.0,"[{""operation_id"":""RandomCrop224"",""parameters"":{""height"":224,""width"":224},""stochastic"":true,""randomness_scope"":""per-image""},{""operation_id"":""Erasing"",""parameters"":{""scale"":[0.02,0.33],""ratio"":[0.3,3.3],""fill"":0},""stochastic"":true,""randomness_scope"":""per-image""},{""operation_id"":""Normalize"",""parameters"":{""mean"":[0.485,0.456,0.406],""std"":[0.229,0.224,0.225]},""stochastic"":false,""randomness_scope"":""deterministic""},{""operation_id"":""ToTensor"",""parameters"":{""layout"":""CHW"",""dtype"":""float16""},""stochastic"":false,""randomness_scope"":""deterministic""}]",4f0a19112dfb65deec06760c01979676751d8bd120f6fa3e617147f0f3e6ce75,8192,1.9772680000005494,4143.0903650884575,1814.0,50,e8c249a9c038537e9b8090946caec948b98c4012aff18cf01adac091de092d3f,8192,2.0426751949999016,4010.4271203040653,1814.0,50,30ed9968fa11f651fe39a98c79b4fad17e05610f2adb30c1d45790575689323f,8192,2.7928991039998436,2933.152861937564,1814.0,50
3f8e2e315710528399b8e82e2359ab85c58c809644595b68a92fb9d83492cc8c,torchvision_cpu,0.28.0+cu130,R24,RandomCrop224+JpegCompression+Normalize+ToTensor,False,True,3447.6060323055694,1814.0,"[{""operation_id"":""RandomCrop224"",""parameters"":{""height"":224,""width"":224},""stochastic"":true,""randomness_scope"":""per-image""},{""operation_id"":""JpegCompression"",""parameters"":{""quality"":50},""stochastic"":true,""randomness_scope"":""per-image""},{""operation_id"":""Normalize"",""parameters"":{""mean"":[0.485,0.456,0.406],""std"":[0.229,0.224,0.225]},""stochastic"":false,""randomness_scope"":""deterministic""},{""operation_id"":""ToTensor"",""parameters"":{""layout"":""CHW"",""dtype"":""float16""},""stochastic"":false,""randomness_scope"":""deterministic""}]",9b2457866439e9eef3b30e74d884c4c7f5f3401b6b130d8760ac401387362813,8192,2.3251706080000076,3523.1823298533513,1814.0,50,6b5b485d22bf1a2da3d03d26f4c520a43e1fde40390e3039d000c7b71df0b083,8192,2.376657217000684,3446.8580245401213,1814.0,50,050136cb74ca72319a135bd9c12bcc0a9b0ab42d75f08c61b3e9dba8e598336a,8192,2.3761415669996495,3447.6060323055694,1814.0,50
3f8e2e315710528399b8e82e2359ab85c58c809644595b68a92fb9d83492cc8c,torchvision_cpu,0.28.0+cu130,R30,RandomCrop224+Brightness+Normalize+ToTensor,True,False,3822.852865849038,1814.0,"[{""operation_id"":""RandomCrop224"",""parameters"":{""height"":224,""width"":224},""stochastic"":true,""randomness_scope"":""per-image""},{""operation_id"":""Brightness"",""parameters"":{""brightness_limit"":[0.2,0.2]},""stochastic"":true,""randomness_scope"":""per-image""},{""operation_id"":""Normalize"",""parameters"":{""mean"":[0.485,0.456,0.406],""std"":[0.229,0.224,0.225]},""stochastic"":false,""randomness_scope"":""deterministic""},{""operation_id"":""ToTensor"",""parameters"":{""layout"":""CHW"",""dtype"":""float16""},""stochastic"":false,""randomness_scope"":""deterministic""}]",25cf1d4f736b4868ab595e0553cf5bd5619e1663352716fa7658ec514eb7e3b5,8192,2.134741189000124,3837.4675310579414,1814.0,50,c302b4d68bb15017a21c0856313049967e67db8ee300b7faf9480a4af4ec9d51,8192,2.1429022479997,3822.852865849038,1814.0,50,c848bbab3b5e28764534d35e877c6a0bdae4f2be4f28e620aa87168673f85168,8192,2.162822705000508,3787.6428710776254,1814.0,50
3f8e2e315710528399b8e82e2359ab85c58c809644595b68a92fb9d83492cc8c,torchvision_cpu,0.28.0+cu130,R31,RandomCrop224+Contrast+Normalize+ToTensor,True,True,3377.350709581378,1814.0,"[{""operation_id"":""RandomCrop224"",""parameters"":{""height"":224,""width"":224},""stochastic"":true,""randomness_scope"":""per-image""},{""operation_id"":""Contrast"",""parameters"":{""contrast_limit"":[0.2,0.2]},""stochastic"":true,""randomness_scope"":""per-image""},{""operation_id"":""Normalize"",""parameters"":{""mean"":[0.485,0.456,0.406],""std"":[0.229,0.224,0.225]},""stochastic"":false,""randomness_scope"":""deterministic""},{""operation_id"":""ToTensor"",""parameters"":{""layout"":""CHW"",""dtype"":""float16""},""stochastic"":false,""randomness_scope"":""deterministic""}]",8860f251b3a9c43a990ef29331842355e19aea3015356ec4cb35a82d4b7101e2,8192,2.3492173779995937,3487.1187641969746,1814.0,50,2cac2048336788d524caf008f7a05a39330655489b084252b5f4fc72aca676d4,8192,3.052358402000209,2683.826379835273,1814.0,50,7ba434001575730f9d02eec3b37a21cef3856a120f622403f7c20b000778106f,8192,2.425569834000271,3377.350709581378,1814.0,50
3f8e2e315710528399b8e82e2359ab85c58c809644595b68a92fb9d83492cc8c,torchvision_cpu,0.28.0+cu130,R48,RandomCrop224+PhotoMetricDistort+Normalize+ToTensor,False,True,1170.340493744548,1814.0,"[{""operation_id"":""RandomCrop224"",""parameters"":{""height"":224,""width"":224},""stochastic"":true,""randomness_scope"":""per-image""},{""operation_id"":""PhotoMetricDistort"",""parameters"":{""brightness_range"":[0.875,1.125],""contrast_range"":[0.5,1.5],""saturation_range"":[0.5,1.5],""hue_range"":[-0.05,0.05]},""stochastic"":true,""randomness_scope"":""per-image""},{""operation_id"":""Normalize"",""parameters"":{""mean"":[0.485,0.456,0.406],""std"":[0.229,0.224,0.225]},""stochastic"":false,""randomness_scope"":""deterministic""},{""operation_id"":""ToTensor"",""parameters"":{""layout"":""CHW"",""dtype"":""float16""},""stochastic"":false,""randomness_scope"":""deterministic""}]",7de47a1bb03be0e6aa892c7f4859c64c096300b93ee76cbfd4c13692f1569171,8192,9.00176600099985,910.0436513335375,1814.0,50,b7b8f92a5d3823d9c20af0aa396f4c2e0263858e11f08b3a6c388a44170e380f,8192,6.873305846000221,1191.8573367089675,1814.0,50,c40b8708d7c2ef337f591f32ada3528f0f4034cde2d0792fc056eee6bf3d8f12,8192,6.999672354999348,1170.340493744548,1814.0,50
3f8e2e315710528399b8e82e2359ab85c58c809644595b68a92fb9d83492cc8c,torchvision_cpu,0.28.0+cu130,R49,RandomCrop224+ColorJiggle+Normalize+ToTensor,False,True,1220.5422334946882,1814.0,"[{""operation_id"":""RandomCrop224"",""parameters"":{""height"":224,""width"":224},""stochastic"":true,""randomness_scope"":""per-image""},{""operation_id"":""ColorJiggle"",""parameters"":{""brightness"":[0.875,1.125],""contrast"":[0.5,1.5],""saturation"":[0.5,1.5],""hue"":[-0.05,0.05]},""stochastic"":true,""randomness_scope"":""per-image""},{""operation_id"":""Normalize"",""parameters"":{""mean"":[0.485,0.456,0.406],""std"":[0.229,0.224,0.225]},""stochastic"":false,""randomness_scope"":""deterministic""},{""operation_id"":""ToTensor"",""parameters"":{""layout"":""CHW"",""dtype"":""float16""},""stochastic"":false,""randomness_scope"":""deterministic""}]",f8044dc6c9ff84bf4c4297aaa43ff6c0c60ba600bc2af03789d8e345cd91ac8f,8192,6.642127119000179,1233.3398402698922,1814.0,50,df06beec9b893e374e8ee95b6692ac3cd5eaa07b353500a8774024a35ad25254,8192,6.711771027000395,1220.5422334946882,1814.0,50,43f4d52eba76358404cb7f7a98c63353a8dcbec3f25319c301f3bfa13178ae0f,8192,6.739878332000444,1215.452207958264,1814.0,50
3f8e2e315710528399b8e82e2359ab85c58c809644595b68a92fb9d83492cc8c,torchvision_gpu,0.28.0+cu130,R01,Resize224+Normalize+ToTensor,True,True,3852.144613588989,1814.0,"[{""operation_id"":""Resize"",""parameters"":{""target_size"":224,""interpolation"":""bilinear""},""stochastic"":false,""randomness_scope"":""deterministic""},{""operation_id"":""Normalize"",""parameters"":{""mean"":[0.485,0.456,0.406],""std"":[0.229,0.224,0.225]},""stochastic"":false,""randomness_scope"":""deterministic""},{""operation_id"":""ToTensor"",""parameters"":{""layout"":""CHW"",""dtype"":""float16""},""stochastic"":false,""randomness_scope"":""deterministic""}]",c5ec6f07f1f4717abe12e20a035c45a314585bacf9569f4bbea9339a60dea095,8192,2.1266075969997473,3852.144613588989,1814.0,50,8bf58e690f900cea3298f00aa694ff6377ea9d3896064fc3874ad0db2403bab6,8192,2.109479177999674,3883.4230199741114,1814.0,50,86d05ed3a935e3d027ddbf30822c253b409c71d146c00b55d76eea06de1b0709,8192,2.3232673719994636,3526.068544125317,1814.0,50
3f8e2e315710528399b8e82e2359ab85c58c809644595b68a92fb9d83492cc8c,torchvision_gpu,0.28.0+cu130,R02,RandomCrop224+Normalize+ToTensor,True,False,4375.333953359053,1814.0,"[{""operation_id"":""RandomCrop224"",""parameters"":{""height"":224,""width"":224},""stochastic"":true,""randomness_scope"":""per-image""},{""operation_id"":""Normalize"",""parameters"":{""mean"":[0.485,0.456,0.406],""std"":[0.229,0.224,0.225]},""stochastic"":false,""randomness_scope"":""deterministic""},{""operation_id"":""ToTensor"",""parameters"":{""layout"":""CHW"",""dtype"":""float16""},""stochastic"":false,""randomness_scope"":""deterministic""}]",1daaafe19e99ef0b2a887483b9377c16f5476c8e3ec8dd79d83f1871e2a93f1c,8192,1.872314225000082,4375.333953359053,1814.0,50,1c7f0b88e3b2f60066923458a5d6431952e44a87906e4ae821c158c53d31ebc4,8192,1.8225109229997543,4494.897614394767,1814.0,50,be270fa20bf4c067d479056823db14d86947b6f3b39f6de0119cbfa83511ceb9,8192,1.9188860720005323,4269.143499207038,1814.0,50
3f8e2e315710528399b8e82e2359ab85c58c809644595b68a92fb9d83492cc8c,torchvision_gpu,0.28.0+cu130,R03,RandomResizedCrop+Normalize+ToTensor,True,True,3558.020214998071,1814.0,"[{""operation_id"":""RandomResizedCrop"",""parameters"":{""size"":[224,224],""width"":224,""scale"":[0.08,1.0],""ratio"":[0.75,1.3333333333333333],""interpolation"":""bilinear""},""stochastic"":true,""randomness_scope"":""per-image""},{""operation_id"":""Normalize"",""parameters"":{""mean"":[0.485,0.456,0.406],""std"":[0.229,0.224,0.225]},""stochastic"":false,""randomness_scope"":""deterministic""},{""operation_id"":""ToTensor"",""parameters"":{""layout"":""CHW"",""dtype"":""float16""},""stochastic"":false,""randomness_scope"":""deterministic""}]",66bb5e2ff1a6f501929571482926d2727f49110d2f992fa3d8e840e7a963c47d,8192,2.273317287000282,3603.544497217816,1814.0,50,34834cc5ffda7217b06905be41cb4f2356128708243e0e13cf3dbc1a05695b6d,8192,2.302404007000405,3558.020214998071,1814.0,50,8076d1b2b868e361940178d92027c59160dc12bc04bf57016b8c7dd25abe9569,8192,2.3346641359994464,3508.8558879554153,1814.0,50
3f8e2e315710528399b8e82e2359ab85c58c809644595b68a92fb9d83492cc8c,torchvision_gpu,0.28.0+cu130,R04,RandomCrop224+HorizontalFlip+Normalize+ToTensor,True,True,4374.2595706660095,1972.0,"[{""operation_id"":""RandomCrop224"",""parameters"":{""height"":224,""width"":224},""stochastic"":true,""randomness_scope"":""per-image""},{""operation_id"":""HorizontalFlip"",""parameters"":{},""stochastic"":false,""randomness_scope"":""deterministic""},{""operation_id"":""Normalize"",""parameters"":{""mean"":[0.485,0.456,0.406],""std"":[0.229,0.224,0.225]},""stochastic"":false,""randomness_scope"":""deterministic""},{""operation_id"":""ToTensor"",""parameters"":{""layout"":""CHW"",""dtype"":""float16""},""stochastic"":false,""randomness_scope"":""deterministic""}]",01aa13550fabba323d52cda31ce23566fe50f71008fde11932bc910092df4034,8192,1.8212520909992236,4498.004444571695,1972.0,50,952b9f68594f29f8aa86e15a7f71ed6a0f0cb711f1dc19611b459ae964c616b4,8192,1.8969142670002839,4318.592644123317,1972.0,50,de836d1defaf5110423bf93df37804716428ff3ba53cbd129a710cb69167f047,8192,1.8727740929998618,4374.2595706660095,1972.0,50
3f8e2e315710528399b8e82e2359ab85c58c809644595b68a92fb9d83492cc8c,torchvision_gpu,0.28.0+cu130,R05,RandomCrop224+VerticalFlip+Normalize+ToTensor,True,True,4594.042543320529,1972.0,"[{""operation_id"":""RandomCrop224"",""parameters"":{""height"":224,""width"":224},""stochastic"":true,""randomness_scope"":""per-image""},{""operation_id"":""VerticalFlip"",""parameters"":{},""stochastic"":false,""randomness_scope"":""deterministic""},{""operation_id"":""Normalize"",""parameters"":{""mean"":[0.485,0.456,0.406],""std"":[0.229,0.224,0.225]},""stochastic"":false,""randomness_scope"":""deterministic""},{""operation_id"":""ToTensor"",""parameters"":{""layout"":""CHW"",""dtype"":""float16""},""stochastic"":false,""randomness_scope"":""deterministic""}]",231f0f4b3db110504cf84a685ba23f02a650ac6ceb9b2c5f4bda436fb5124d67,8192,1.7831789589999971,4594.042543320529,1972.0,50,6f6bf8b9ddb6f1c2ce4fa6be478392bc7c08bedc4170c60eebdf553bdd22db23,8192,1.8105185610002081,4524.670542716993,1972.0,50,ea458d34b133f83dd1a20b6d4b8f2ceaed0c11a9dd85f09acbfb7329e21037a2,8192,1.7747339119996468,4615.9032318088875,1972.0,50
3f8e2e315710528399b8e82e2359ab85c58c809644595b68a92fb9d83492cc8c,torchvision_gpu,0.28.0+cu130,R06,Pad+RandomCrop224+Normalize+ToTensor,False,False,3625.64960198871,1814.0,"[{""operation_id"":""Pad"",""parameters"":{""padding"":10,""fill"":0,""border_mode"":""constant""},""stochastic"":false,""randomness_scope"":""deterministic""},{""operation_id"":""RandomCrop224"",""parameters"":{""height"":224,""width"":224},""stochastic"":true,""randomness_scope"":""per-image""},{""operation_id"":""Normalize"",""parameters"":{""mean"":[0.485,0.456,0.406],""std"":[0.229,0.224,0.225]},""stochastic"":false,""randomness_scope"":""deterministic""},{""operation_id"":""ToTensor"",""parameters"":{""layout"":""CHW"",""dtype"":""float16""},""stochastic"":false,""randomness_scope"":""deterministic""}]",5cf795dc2ca80ea45811aa47b50da0905e5773453747dab36069bbae925fee98,8192,2.2594571730005555,3625.64960198871,1814.0,50,1b0eb9492336cac13ec6340953c5c972fe8036a45f74f03c9aa668856656fe89,8192,2.2138149819993487,3700.3995666347923,1814.0,50,6e7424ecfc6347ea8c453befe792f4d91824557f3614fabbd4bc1527dca25759,8192,2.2951269799996226,3569.3014248829695,1814.0,50
3f8e2e315710528399b8e82e2359ab85c58c809644595b68a92fb9d83492cc8c,torchvision_gpu,0.28.0+cu130,R07,RandomCrop224+Rotate+Normalize+ToTensor,True,False,1535.1571015565821,1972.0,"[{""operation_id"":""RandomCrop224"",""parameters"":{""height"":224,""width"":224},""stochastic"":true,""randomness_scope"":""per-image""},{""operation_id"":""Rotate"",""parameters"":{""angle_range"":[-45,45],""interpolation"":""nearest"",""mode"":""constant"",""fill"":0},""stochastic"":true,""randomness_scope"":""per-image""},{""operation_id"":""Normalize"",""parameters"":{""mean"":[0.485,0.456,0.406],""std"":[0.229,0.224,0.225]},""stochastic"":false,""randomness_scope"":""deterministic""},{""operation_id"":""ToTensor"",""parameters"":{""layout"":""CHW"",""dtype"":""float16""},""stochastic"":false,""randomness_scope"":""deterministic""}]",ca8cdca9f3d2f7260c1d55c773950dc2162617ed494fcf9eee4fe8355087ed4a,8192,5.710121636000622,1434.6454457908342,1972.0,50,065f3ad4bef8e5e396907de203a63197370e029964d4f75fc06914a9e92a03a6,8192,5.336261671000102,1535.1571015565821,1972.0,50,42275860fdad8755d123f155c5806497930624219975855166c0795f2819a0e7,8192,5.319601545000296,1539.9649636727715,1972.0,50
3f8e2e315710528399b8e82e2359ab85c58c809644595b68a92fb9d83492cc8c,torchvision_gpu,0.28.0+cu130,R08,RandomCrop224+Affine+Normalize+ToTensor,True,False,1477.7937804076116,1990.0,"[{""operation_id"":""RandomCrop224"",""parameters"":{""height"":224,""width"":224},""stochastic"":true,""randomness_scope"":""per-image""},{""operation_id"":""Affine"",""parameters"":{""angle"":25.0,""shift"":[20,20],""scale"":2.0,""shear"":[10.0,15.0],""interpolation"":""bilinear"",""mode"":""constant"",""fill"":0,""reference_size"":512},""stochastic"":true,""randomness_scope"":""per-image""},{""operation_id"":""Normalize"",""parameters"":{""mean"":[0.485,0.456,0.406],""std"":[0.229,0.224,0.225]},""stochastic"":false,""randomness_scope"":""deterministic""},{""operation_id"":""ToTensor"",""parameters"":{""layout"":""CHW"",""dtype"":""float16""},""stochastic"":false,""randomness_scope"":""deterministic""}]",6804a29a6f379503348a0be456d260ffed2de18f0c995f25c5551a9a55c60dbc,8192,5.3948760520006545,1518.4778892115696,1990.0,50,fbde70b831a180f38627916221b44f89ea6056e09e6cf86e6ba8017be90054bf,8192,5.543398617999628,1477.7937804076116,1990.0,50,6f236426b36803cfeaecdf7a0aa92044a0d8ccfec5d224c594d295e6865b86d1,8192,5.550002396999844,1476.0353985483569,1990.0,50
3f8e2e315710528399b8e82e2359ab85c58c809644595b68a92fb9d83492cc8c,torchvision_gpu,0.28.0+cu130,R09,RandomCrop224+Perspective+Normalize+ToTensor,False,False,885.9814564291028,1990.0,"[{""operation_id"":""RandomCrop224"",""parameters"":{""height"":224,""width"":224},""stochastic"":true,""randomness_scope"":""per-image""},{""operation_id"":""Perspective"",""parameters"":{""scale"":[0.05,0.1],""interpolation"":""bilinear"",""fill"":0},""stochastic"":true,""randomness_scope"":""per-image""},{""operation_id"":""Normalize"",""parameters"":{""mean"":[0.485,0.456,0.406],""std"":[0.229,0.224,0.225]},""stochastic"":false,""randomness_scope"":""deterministic""},{""operation_id"":""ToTensor"",""parameters"":{""layout"":""CHW"",""dtype"":""float16""},""stochastic"":false,""randomness_scope"":""deterministic""}]",c9e4cde67c6ca274f696fbd41615889579b397704bc97424c23e2cd25ff69692,8192,9.11777899000026,898.4644186906055,1990.0,50,fa287586d04c9b948d3a7bd81ccd0000a933ea39e4b147fd5e03fa1933ea8a45,8192,9.252037985999777,885.4265419571524,1990.0,50,2b7b2c414a884ae08e7e1fa55c4c082a8399b8ac6745471057c5feea4a6949cd,8192,9.246243180999954,885.9814564291028,1990.0,50
3f8e2e315710528399b8e82e2359ab85c58c809644595b68a92fb9d83492cc8c,torchvision_gpu,0.28.0+cu130,R10,RandomCrop224+Elastic+Normalize+ToTensor,False,False,22.216697439665875,1990.0,"[{""operation_id"":""RandomCrop224"",""parameters"":{""height"":224,""width"":224},""stochastic"":true,""randomness_scope"":""per-image""},{""operation_id"":""Elastic"",""parameters"":{""alpha"":50.0,""sigma"":5.0,""interpolation"":""bilinear"",""approximate"":false,""same_dxdy"":true},""stochastic"":true,""randomness_scope"":""per-image""},{""operation_id"":""Normalize"",""parameters"":{""mean"":[0.485,0.456,0.406],""std"":[0.229,0.224,0.225]},""stochastic"":false,""randomness_scope"":""deterministic""},{""operation_id"":""ToTensor"",""parameters"":{""layout"":""CHW"",""dtype"":""float16""},""stochastic"":false,""randomness_scope"":""deterministic""}]",72889ec557f71d67bfa4c73f26382de0f8bfe3b01d08c6497e09cc76d7db8718,8192,368.8392422860006,22.21021805930255,1990.0,50,eac09211f103754ec480a9cf617eaf8fd21c8c36f84ee3857e42ec0fe993b158,8192,368.7316723040003,22.216697439665875,1990.0,50,36235036aadfe47483aae2aef9f66e88877f0b4829f33c90a414191e75f25bbb,8192,368.3505318870002,22.23968554635637,1990.0,50
3f8e2e315710528399b8e82e2359ab85c58c809644595b68a92fb9d83492cc8c,torchvision_gpu,0.28.0+cu130,R11,RandomCrop224+ColorJitter+Normalize+ToTensor,False,False,730.8976370088773,1976.0,"[{""operation_id"":""RandomCrop224"",""parameters"":{""height"":224,""width"":224},""stochastic"":true,""randomness_scope"":""per-image""},{""operation_id"":""ColorJitter"",""parameters"":{""brightness"":0.5,""contrast"":1.5,""saturation"":1.5,""hue"":0.5},""stochastic"":true,""randomness_scope"":""per-image""},{""operation_id"":""Normalize"",""parameters"":{""mean"":[0.485,0.456,0.406],""std"":[0.229,0.224,0.225]},""stochastic"":false,""randomness_scope"":""deterministic""},{""operation_id"":""ToTensor"",""parameters"":{""layout"":""CHW"",""dtype"":""float16""},""stochastic"":false,""randomness_scope"":""deterministic""}]",ebd27c88a51412f211da1ddfcedb2a3124e5a6aaab5b8ed9c8891102c58fe79c,8192,11.208135839000533,730.8976370088773,1976.0,50,b2af1e6637ddf2dfb14a8fc0e0467afb61ba34c8e3e763d0056e95b3a63bd2dc,8192,11.13177816499956,735.9111795595438,1976.0,50,88b56550d46ac9ea894e1b001a782661a8d9e3ac4e56ab4be6e9b0366f930c2b,8192,11.446808513000178,715.6579924173902,1976.0,50
3f8e2e315710528399b8e82e2359ab85c58c809644595b68a92fb9d83492cc8c,torchvision_gpu,0.28.0+cu130,R12,RandomCrop224+ChannelShuffle+Normalize+ToTensor,False,True,4336.869334699865,1972.0,"[{""operation_id"":""RandomCrop224"",""parameters"":{""height"":224,""width"":224},""stochastic"":true,""randomness_scope"":""per-image""},{""operation_id"":""ChannelShuffle"",""parameters"":{},""stochastic"":true,""randomness_scope"":""per-image""},{""operation_id"":""Normalize"",""parameters"":{""mean"":[0.485,0.456,0.406],""std"":[0.229,0.224,0.225]},""stochastic"":false,""randomness_scope"":""deterministic""},{""operation_id"":""ToTensor"",""parameters"":{""layout"":""CHW"",""dtype"":""float16""},""stochastic"":false,""randomness_scope"":""deterministic""}]",ab397b8072d5fe8c6372e15e6ea790a793eda64aceb7c19dc78bfd4dbe4b2376,8192,1.8051287119997141,4538.180543882068,1972.0,50,725e0bc9049dd35781c659a623f2313817d38e4cb3efafed04c9e2ee13cfae09,8192,1.888920178999797,4336.869334699865,1972.0,50,3080ce8f382c337a02d942932561d8f5b90baf68071f2d8e40eea03d9be44c24,8192,1.9060149560000355,4297.9725705782175,1972.0,50
3f8e2e315710528399b8e82e2359ab85c58c809644595b68a92fb9d83492cc8c,torchvision_gpu,0.28.0+cu130,R13,RandomCrop224+Grayscale+Normalize+ToTensor,False,True,4386.524918870417,1912.0,"[{""operation_id"":""RandomCrop224"",""parameters"":{""height"":224,""width"":224},""stochastic"":true,""randomness_scope"":""per-image""},{""operation_id"":""Grayscale"",""parameters"":{""num_output_channels"":3},""stochastic"":false,""randomness_scope"":""deterministic""},{""operation_id"":""Normalize"",""parameters"":{""mean"":[0.485,0.456,0.406],""std"":[0.229,0.224,0.225]},""stochastic"":false,""randomness_scope"":""deterministic""},{""operation_id"":""ToTensor"",""parameters"":{""layout"":""CHW"",""dtype"":""float16""},""stochastic"":false,""randomness_scope"":""deterministic""}]",86ac220c392e5a8f00901a8421c56890dce5ceb14ab07a3c02221e0d15965e1f,8192,1.7975119490001816,4557.410594436707,1912.0,50,58abc6b2323e9dfa1878680e95ebe83987f5e412640f68f65f5e919999e4cdc7,8192,1.8807576930003052,4355.691342105637,1912.0,50,4bf64541a60167b0f67c7a96cba198752ba42df0caaf3bc98e38e20e60112f11,8192,1.8675375499997244,4386.524918870417,1912.0,50
3f8e2e315710528399b8e82e2359ab85c58c809644595b68a92fb9d83492cc8c,torchvision_gpu,0.28.0+cu130,R15,RandomCrop224+GaussianBlur+Normalize+ToTensor,True,True,2811.303654868714,1972.0,"[{""operation_id"":""RandomCrop224"",""parameters"":{""height"":224,""width"":224},""stochastic"":true,""randomness_scope"":""per-image""},{""operation_id"":""GaussianBlur"",""parameters"":{""sigma"":2.0,""kernel_size"":[5,5]},""stochastic"":true,""randomness_scope"":""per-image""},{""operation_id"":""Normalize"",""parameters"":{""mean"":[0.485,0.456,0.406],""std"":[0.229,0.224,0.225]},""stochastic"":false,""randomness_scope"":""deterministic""},{""operation_id"":""ToTensor"",""parameters"":{""layout"":""CHW"",""dtype"":""float16""},""stochastic"":false,""randomness_scope"":""deterministic""}]",3776775e6d836246ecdc1d1a2ce830aec0a740bfb93b310c801d93a8e93df2ee,8192,2.718245441000363,3013.708724178048,1972.0,50,e930b0bfb31f97c9ade40e0249fd00526d2646ea324188d16dfa609d6031a125,8192,2.985331027999564,2744.0842985809063,1972.0,50,3dcde7a8f994ed482f2444980de4962716c468e8c3e09813d70dac5f5b6bc102,8192,2.913950610000029,2811.303654868714,1972.0,50
3f8e2e315710528399b8e82e2359ab85c58c809644595b68a92fb9d83492cc8c,torchvision_gpu,0.28.0+cu130,R17,RandomCrop224+Invert+Normalize+ToTensor,False,True,4429.98231149967,1972.0,"[{""operation_id"":""RandomCrop224"",""parameters"":{""height"":224,""width"":224},""stochastic"":true,""randomness_scope"":""per-image""},{""operation_id"":""Invert"",""parameters"":{},""stochastic"":false,""randomness_scope"":""deterministic""},{""operation_id"":""Normalize"",""parameters"":{""mean"":[0.485,0.456,0.406],""std"":[0.229,0.224,0.225]},""stochastic"":false,""randomness_scope"":""deterministic""},{""operation_id"":""ToTensor"",""parameters"":{""layout"":""CHW"",""dtype"":""float16""},""stochastic"":false,""randomness_scope"":""deterministic""}]",71c1f347f0ffb9fb3c0b795cc52a0fcb21126b7546436fecee3a2ea81c8e8add,8192,1.8492173160002494,4429.98231149967,1972.0,50,0512c9d3cb246d243834c341c1aef44af4c1a41e9ef27e13081323b8eeef9874,8192,1.8642385370003467,4394.287446273554,1972.0,50,0b56ddd247fc778605dccb656f88fc7071e1d86433dd418da016151c59a265a8,8192,1.8268341249995501,4484.260441545024,1972.0,50
3f8e2e315710528399b8e82e2359ab85c58c809644595b68a92fb9d83492cc8c,torchvision_gpu,0.28.0+cu130,R18,RandomCrop224+Posterize+Normalize+ToTensor,False,True,4452.584150915403,1972.0,"[{""operation_id"":""RandomCrop224"",""parameters"":{""height"":224,""width"":224},""stochastic"":true,""randomness_scope"":""per-image""},{""operation_id"":""Posterize"",""parameters"":{""bits"":4},""stochastic"":false,""randomness_scope"":""deterministic""},{""operation_id"":""Normalize"",""parameters"":{""mean"":[0.485,0.456,0.406],""std"":[0.229,0.224,0.225]},""stochastic"":false,""randomness_scope"":""deterministic""},{""operation_id"":""ToTensor"",""parameters"":{""layout"":""CHW"",""dtype"":""float16""},""stochastic"":false,""randomness_scope"":""deterministic""}]",89594d04f47c48b5904c26c189f598f1ce1809c3a4cc281eae8597fb488a7db1,8192,1.8309594769998512,4474.156912212572,1972.0,50,531d9d2b2055a5a2a75900b08594208bdab841f90f6885c6a72994a100d70538,8192,1.839830472000358,4452.584150915403,1972.0,50,32240e7bbf8afa7beb2074d01e1d8f5aa063cb20275f21c92ab7d2bba4335219,8192,1.8778321319996394,4362.477273874645,1972.0,50
3f8e2e315710528399b8e82e2359ab85c58c809644595b68a92fb9d83492cc8c,torchvision_gpu,0.28.0+cu130,R19,RandomCrop224+Solarize+Normalize+ToTensor,False,True,4520.241398195408,1972.0,"[{""operation_id"":""RandomCrop224"",""parameters"":{""height"":224,""width"":224},""stochastic"":true,""randomness_scope"":""per-image""},{""operation_id"":""Solarize"",""parameters"":{""threshold"":0.5},""stochastic"":false,""randomness_scope"":""deterministic""},{""operation_id"":""Normalize"",""parameters"":{""mean"":[0.485,0.456,0.406],""std"":[0.229,0.224,0.225]},""stochastic"":false,""randomness_scope"":""deterministic""},{""operation_id"":""ToTensor"",""parameters"":{""layout"":""CHW"",""dtype"":""float16""},""stochastic"":false,""randomness_scope"":""deterministic""}]",f2b139549d9d2aa9a74ac8891829cf350368d5a0823e50b58c7b34ebb4c82ca5,8192,1.8122925919997215,4520.241398195408,1972.0,50,f0fc35cc70b83e4e0f061f2b7258231277bab2b50171b1c30790e6f6ec181a80,8192,1.8251384669993058,4488.426575912564,1972.0,50,27cfd9efa987ae8e9c9e88a3a60fd187c32d131e658acc2cc0602f537814bab8,8192,1.8035018079999645,4542.274348526831,1972.0,50
3f8e2e315710528399b8e82e2359ab85c58c809644595b68a92fb9d83492cc8c,torchvision_gpu,0.28.0+cu130,R20,RandomCrop224+Sharpen+Normalize+ToTensor,False,True,3239.273430637651,1972.0,"[{""operation_id"":""RandomCrop224"",""parameters"":{""height"":224,""width"":224},""stochastic"":true,""randomness_scope"":""per-image""},{""operation_id"":""Sharpen"",""parameters"":{""alpha"":[0.2,0.5],""lightness"":[0.5,1]},""stochastic"":true,""randomness_scope"":""per-image""},{""operation_id"":""Normalize"",""parameters"":{""mean"":[0.485,0.456,0.406],""std"":[0.229,0.224,0.225]},""stochastic"":false,""randomness_scope"":""deterministic""},{""operation_id"":""ToTensor"",""parameters"":{""layout"":""CHW"",""dtype"":""float16""},""stochastic"":false,""randomness_scope"":""deterministic""}]",0ab0e41c0e14ee6c590a5bac5adb328634c40eef502a005b2cb0bc4754651e15,8192,2.3347054050000224,3508.7938642948066,1972.0,50,6f573d9bee120abf4b0314b602f2ea0d57839f1b4a9e1659d2d3d23c03922975,8192,2.5289621809997698,3239.273430637651,1972.0,50,a49a134eaafdd1961fa58264dcad94ab1389460fc08cc98edaaa6fe61b0aee77,8192,2.537484587999643,3228.393992516006,1972.0,50
3f8e2e315710528399b8e82e2359ab85c58c809644595b68a92fb9d83492cc8c,torchvision_gpu,0.28.0+cu130,R21,RandomCrop224+AutoContrast+Normalize+ToTensor,False,True,3859.448171210121,1972.0,"[{""operation_id"":""RandomCrop224"",""parameters"":{""height"":224,""width"":224},""stochastic"":true,""randomness_scope"":""per-image""},{""operation_id"":""AutoContrast"",""parameters"":{},""stochastic"":false,""randomness_scope"":""deterministic""},{""operation_id"":""Normalize"",""parameters"":{""mean"":[0.485,0.456,0.406],""std"":[0.229,0.224,0.225]},""stochastic"":false,""randomness_scope"":""deterministic""},{""operation_id"":""ToTensor"",""parameters"":{""layout"":""CHW"",""dtype"":""float16""},""stochastic"":false,""randomness_scope"":""deterministic""}]",71a090b1aa26477811d430fd72f9f6eaf96e5f45e654a37dd907d02850688068,8192,2.1257794580005793,3853.645291927441,1972.0,50,550c527ff1a263d237371d1e907978fb71cdc74823e40ee153b48c3d9b614f21,8192,2.1225832390000505,3859.448171210121,1972.0,50,59b839e61426e8e70d973cf9afeda02bc662932d2e8a70ba5ca94fa0f1c2964f,8192,2.099426676000803,3902.0176763710256,1972.0,50
3f8e2e315710528399b8e82e2359ab85c58c809644595b68a92fb9d83492cc8c,torchvision_gpu,0.28.0+cu130,R22,RandomCrop224+Equalize+Normalize+ToTensor,True,False,1591.3418057465776,1972.0,"[{""operation_id"":""RandomCrop224"",""parameters"":{""height"":224,""width"":224},""stochastic"":true,""randomness_scope"":""per-image""},{""operation_id"":""Equalize"",""parameters"":{""mode"":""pil""},""stochastic"":false,""randomness_scope"":""deterministic""},{""operation_id"":""Normalize"",""parameters"":{""mean"":[0.485,0.456,0.406],""std"":[0.229,0.224,0.225]},""stochastic"":false,""randomness_scope"":""deterministic""},{""operation_id"":""ToTensor"",""parameters"":{""layout"":""CHW"",""dtype"":""float16""},""stochastic"":false,""randomness_scope"":""deterministic""}]",b210843d0eff609eb76e5791e0fcbe4e564358aa5715178008065ff0c4edb5ce,8192,5.633863576999829,1454.0643180363345,1972.0,50,8db9f39623306aa549574a0853e81dcefc7d4d4c14e9f5490fb4ab276d9b3a5b,8192,5.030419610000536,1628.4923793860464,1972.0,50,1c15ec16ff84b1653db4c0a0dccdb17d7b93b8a0c17f10380c27929c53c610d1,8192,5.14785696600029,1591.3418057465776,1972.0,50
3f8e2e315710528399b8e82e2359ab85c58c809644595b68a92fb9d83492cc8c,torchvision_gpu,0.28.0+cu130,R23,RandomCrop224+Erasing+Normalize+ToTensor,False,False,2907.4075335511843,1972.0,"[{""operation_id"":""RandomCrop224"",""parameters"":{""height"":224,""width"":224},""stochastic"":true,""randomness_scope"":""per-image""},{""operation_id"":""Erasing"",""parameters"":{""scale"":[0.02,0.33],""ratio"":[0.3,3.3],""fill"":0},""stochastic"":true,""randomness_scope"":""per-image""},{""operation_id"":""Normalize"",""parameters"":{""mean"":[0.485,0.456,0.406],""std"":[0.229,0.224,0.225]},""stochastic"":false,""randomness_scope"":""deterministic""},{""operation_id"":""ToTensor"",""parameters"":{""layout"":""CHW"",""dtype"":""float16""},""stochastic"":false,""randomness_scope"":""deterministic""}]",548766eae72d32762fccf7c641099fee140b21de8a50735b84f35634387a00eb,8192,2.771083732999614,2956.2441229924184,1972.0,50,fc748fe3e400a9dc3592b69f505d01fcdea8aaa9933ed55f87fca0185202eae8,8192,2.8665375320006206,2857.80315399625,1972.0,50,c5c2e1b5e8b55acff0886727f66290d77a18cd8c60d30e6d983d88443679ae79,8192,2.8176304509997863,2907.4075335511843,1972.0,50
3f8e2e315710528399b8e82e2359ab85c58c809644595b68a92fb9d83492cc8c,torchvision_gpu,0.28.0+cu130,R30,RandomCrop224+Brightness+Normalize+ToTensor,True,True,4434.448544958183,1972.0,"[{""operation_id"":""RandomCrop224"",""parameters"":{""height"":224,""width"":224},""stochastic"":true,""randomness_scope"":""per-image""},{""operation_id"":""Brightness"",""parameters"":{""brightness_limit"":[0.2,0.2]},""stochastic"":true,""randomness_scope"":""per-image""},{""operation_id"":""Normalize"",""parameters"":{""mean"":[0.485,0.456,0.406],""std"":[0.229,0.224,0.225]},""stochastic"":false,""randomness_scope"":""deterministic""},{""operation_id"":""ToTensor"",""parameters"":{""layout"":""CHW"",""dtype"":""float16""},""stochastic"":false,""randomness_scope"":""deterministic""}]",a557b540563fd287a9d0ece1234dbdc65f29a69b000c4eb5f7158e9cf009c9d2,8192,1.7569862420004938,4662.5293950353525,1972.0,50,f84a29f478dd2d2e650b8cf15238e5ddcaefff62446d0362d83fde98c9f0fdb8,8192,1.8676049759997113,4386.366552495878,1972.0,50,2662e7c2f36d94038d294a219073dd9488b381f7969bc545a6e1870749d1ce8b,8192,1.8473548440006198,4434.448544958183,1972.0,50
3f8e2e315710528399b8e82e2359ab85c58c809644595b68a92fb9d83492cc8c,torchvision_gpu,0.28.0+cu130,R31,RandomCrop224+Contrast+Normalize+ToTensor,True,False,3333.150898385765,1972.0,"[{""operation_id"":""RandomCrop224"",""parameters"":{""height"":224,""width"":224},""stochastic"":true,""randomness_scope"":""per-image""},{""operation_id"":""Contrast"",""parameters"":{""contrast_limit"":[0.2,0.2]},""stochastic"":true,""randomness_scope"":""per-image""},{""operation_id"":""Normalize"",""parameters"":{""mean"":[0.485,0.456,0.406],""std"":[0.229,0.224,0.225]},""stochastic"":false,""randomness_scope"":""deterministic""},{""operation_id"":""ToTensor"",""parameters"":{""layout"":""CHW"",""dtype"":""float16""},""stochastic"":false,""randomness_scope"":""deterministic""}]",ab3a63d02b20953e23c513b76dac703a1796ee3fa69c1177c53d135136e49591,8192,2.457734513000105,3333.150898385765,1972.0,50,2e15db95b04fb6840371e099dd186f990e2f1eeda627886c203e8cb07587c102,8192,2.4915348679996896,3287.9331151311108,1972.0,50,38e6817444f561c7da1d8e4c0d272c7b6159da4735b557361a5e4d14264646e1,8192,2.4464434020001136,3348.5344452696313,1972.0,50
3f8e2e315710528399b8e82e2359ab85c58c809644595b68a92fb9d83492cc8c,torchvision_gpu,0.28.0+cu130,R48,RandomCrop224+PhotoMetricDistort+Normalize+ToTensor,False,False,669.6646082471797,1976.0,"[{""operation_id"":""RandomCrop224"",""parameters"":{""height"":224,""width"":224},""stochastic"":true,""randomness_scope"":""per-image""},{""operation_id"":""PhotoMetricDistort"",""parameters"":{""brightness_range"":[0.875,1.125],""contrast_range"":[0.5,1.5],""saturation_range"":[0.5,1.5],""hue_range"":[-0.05,0.05]},""stochastic"":true,""randomness_scope"":""per-image""},{""operation_id"":""Normalize"",""parameters"":{""mean"":[0.485,0.456,0.406],""std"":[0.229,0.224,0.225]},""stochastic"":false,""randomness_scope"":""deterministic""},{""operation_id"":""ToTensor"",""parameters"":{""layout"":""CHW"",""dtype"":""float16""},""stochastic"":false,""randomness_scope"":""deterministic""}]",5a19ff7d3b2bbab08010222658a627af0e4ffe16e18f03aaada3181adfcbbdff,8192,12.232989318999898,669.6646082471797,1976.0,50,dd951f1158f086fd44194f605c58301898bd72048c7ea1639ff30c3b7ab3d1bb,8192,12.24118567700043,669.2162194215945,1976.0,50,ce2f5dc940e1edce56e4f36fc0c6459652188d93fce982aa75f81c1be27bb3b2,8192,12.193545162000191,671.8308655246092,1976.0,50
3f8e2e315710528399b8e82e2359ab85c58c809644595b68a92fb9d83492cc8c,torchvision_gpu,0.28.0+cu130,R49,RandomCrop224+ColorJiggle+Normalize+ToTensor,False,False,742.3375815604843,1976.0,"[{""operation_id"":""RandomCrop224"",""parameters"":{""height"":224,""width"":224},""stochastic"":true,""randomness_scope"":""per-image""},{""operation_id"":""ColorJiggle"",""parameters"":{""brightness"":[0.875,1.125],""contrast"":[0.5,1.5],""saturation"":[0.5,1.5],""hue"":[-0.05,0.05]},""stochastic"":true,""randomness_scope"":""per-image""},{""operation_id"":""Normalize"",""parameters"":{""mean"":[0.485,0.456,0.406],""std"":[0.229,0.224,0.225]},""stochastic"":false,""randomness_scope"":""deterministic""},{""operation_id"":""ToTensor"",""parameters"":{""layout"":""CHW"",""dtype"":""float16""},""stochastic"":false,""randomness_scope"":""deterministic""}]",a793ac41447a11eceab0457592d5614c1b80fc28b2e44871595b8ddcbce39813,8192,11.035410578000665,742.3375815604843,1976.0,50,f59bccf18b11b9e33ceb5ec3f2fa2f87f7d9f64c5e7b4950241bac6e2003101e,8192,11.155142485000397,734.3698219018946,1976.0,50,115a80116ca794f6644746de4bf1ca0b1dddae182b431df2e6f79f96097c8600,8192,10.997259142000075,744.9128818574078,1976.0,50
3f8e2e315710528399b8e82e2359ab85c58c809644595b68a92fb9d83492cc8c,kornia_cpu,0.8.3,R01,Resize224+Normalize+ToTensor,True,True,2062.766362512507,1776.0,"[{""operation_id"":""Resize"",""parameters"":{""target_size"":224,""interpolation"":""bilinear""},""stochastic"":false,""randomness_scope"":""deterministic""},{""operation_id"":""Normalize"",""parameters"":{""mean"":[0.485,0.456,0.406],""std"":[0.229,0.224,0.225]},""stochastic"":false,""randomness_scope"":""deterministic""},{""operation_id"":""ToTensor"",""parameters"":{""layout"":""CHW"",""dtype"":""float16""},""stochastic"":false,""randomness_scope"":""deterministic""}]",3f252a76c55030f225d6f943da6a24bab2e7ff610a328213e846876e463d6c50,8192,3.1079705080001077,2635.803647078789,1776.0,50,c687fbcd914d488ff4697fdedc179a70e991e04c575369bf628abe190e4a87ba,8192,3.9713659039998674,2062.766362512507,1776.0,50,9ab86359f97f0f8989c0f4bbdcc3118d63b2782b08829f636c0141f33d393c03,8192,4.177510419999635,1960.9765569419492,1776.0,50
3f8e2e315710528399b8e82e2359ab85c58c809644595b68a92fb9d83492cc8c,kornia_cpu,0.8.3,R02,RandomCrop224+Normalize+ToTensor,True,False,2072.8870922760634,1776.0,"[{""operation_id"":""RandomCrop224"",""parameters"":{""height"":224,""width"":224},""stochastic"":true,""randomness_scope"":""per-image""},{""operation_id"":""Normalize"",""parameters"":{""mean"":[0.485,0.456,0.406],""std"":[0.229,0.224,0.225]},""stochastic"":false,""randomness_scope"":""deterministic""},{""operation_id"":""ToTensor"",""parameters"":{""layout"":""CHW"",""dtype"":""float16""},""stochastic"":false,""randomness_scope"":""deterministic""}]",01cc754d9bd439f0d4ddcf4f1b4ca6b430c28ed4b7ebd1916a3be639ef78c2bd,8192,3.742707340999914,2188.789892883102,1776.0,50,ec6cf51866158b62c714c7b5671813a22afc57baae44e12fcb2003a2f8410e22,8192,3.9519759810000323,2072.8870922760634,1776.0,50,4a18b24da5c4e8256ab12f9b84aacf21a594600d3b78e1e112396dd140bfc540,8192,3.9952939300001162,2050.412346007234,1776.0,50
3f8e2e315710528399b8e82e2359ab85c58c809644595b68a92fb9d83492cc8c,kornia_cpu,0.8.3,R03,RandomResizedCrop+Normalize+ToTensor,True,True,1776.2429673976856,1776.0,"[{""operation_id"":""RandomResizedCrop"",""parameters"":{""size"":[224,224],""width"":224,""scale"":[0.08,1.0],""ratio"":[0.75,1.3333333333333333],""interpolation"":""bilinear""},""stochastic"":true,""randomness_scope"":""per-image""},{""operation_id"":""Normalize"",""parameters"":{""mean"":[0.485,0.456,0.406],""std"":[0.229,0.224,0.225]},""stochastic"":false,""randomness_scope"":""deterministic""},{""operation_id"":""ToTensor"",""parameters"":{""layout"":""CHW"",""dtype"":""float16""},""stochastic"":false,""randomness_scope"":""deterministic""}]",709a22c46378095db138a09797a68bfb14c6a1382d8d5b63f0ebc138109233f6,8192,4.611981666000247,1776.2429673976856,1776.0,50,f680602abc58e16713a2594c5af0134fab2cde2833c290088f50815d6d806f8c,8192,4.51653788800013,1813.7786515120592,1776.0,50,363e8f17e7590a27834e5b7b82cf976d3e58552de1abc4ca7982ea8276cc8ab1,8192,4.653323647999969,1760.462116904544,1776.0,50
3f8e2e315710528399b8e82e2359ab85c58c809644595b68a92fb9d83492cc8c,kornia_cpu,0.8.3,R04,RandomCrop224+HorizontalFlip+Normalize+ToTensor,True,False,2011.0656402480556,1776.0,"[{""operation_id"":""RandomCrop224"",""parameters"":{""height"":224,""width"":224},""stochastic"":true,""randomness_scope"":""per-image""},{""operation_id"":""HorizontalFlip"",""parameters"":{},""stochastic"":false,""randomness_scope"":""deterministic""},{""operation_id"":""Normalize"",""parameters"":{""mean"":[0.485,0.456,0.406],""std"":[0.229,0.224,0.225]},""stochastic"":false,""randomness_scope"":""deterministic""},{""operation_id"":""ToTensor"",""parameters"":{""layout"":""CHW"",""dtype"":""float16""},""stochastic"":false,""randomness_scope"":""deterministic""}]",8bb7d3dc421a0538d452854833de3eb51dbd9ed3ac7c8debb4e92f02e69ff4a9,8192,4.073462266000206,2011.0656402480556,1776.0,50,3a1b42383481b8fa2d3ad3f8773a8b0fc6060f2d57963d5434eacece1a57e25a,8192,4.0811895119995825,2007.257927110158,1776.0,50,2547ba91695b8ed0bb93b9ed60083dabd8c58485c6aab15430db66307e2df33a,8192,4.033870781000587,2030.803772541272,1776.0,50
3f8e2e315710528399b8e82e2359ab85c58c809644595b68a92fb9d83492cc8c,kornia_cpu,0.8.3,R05,RandomCrop224+VerticalFlip+Normalize+ToTensor,True,False,1979.984375651181,1776.0,"[{""operation_id"":""RandomCrop224"",""parameters"":{""height"":224,""width"":224},""stochastic"":true,""randomness_scope"":""per-image""},{""operation_id"":""VerticalFlip"",""parameters"":{},""stochastic"":false,""randomness_scope"":""deterministic""},{""operation_id"":""Normalize"",""parameters"":{""mean"":[0.485,0.456,0.406],""std"":[0.229,0.224,0.225]},""stochastic"":false,""randomness_scope"":""deterministic""},{""operation_id"":""ToTensor"",""parameters"":{""layout"":""CHW"",""dtype"":""float16""},""stochastic"":false,""randomness_scope"":""deterministic""}]",45e9b0db1fa5a2b90541803d51fd0d1eaae2f66a16a803cae3bed9e833e23400,8192,5.350882329999877,1530.9624646521033,1776.0,50,0c20dcd549d1e325dc7fcb1b773338da253bd1fd8e46c963f0755e150b731566,8192,4.081922964000114,2006.8972570643964,1776.0,50,e12edb50de990bb3d68d6b4ac44d8c905d4fd7570e243910b309d19dbb1afb4a,8192,4.137406386000293,1979.984375651181,1776.0,50
3f8e2e315710528399b8e82e2359ab85c58c809644595b68a92fb9d83492cc8c,kornia_cpu,0.8.3,R07,RandomCrop224+Rotate+Normalize+ToTensor,True,False,1465.9622314908943,1776.0,"[{""operation_id"":""RandomCrop224"",""parameters"":{""height"":224,""width"":224},""stochastic"":true,""randomness_scope"":""per-image""},{""operation_id"":""Rotate"",""parameters"":{""angle_range"":[-45,45],""interpolation"":""nearest"",""mode"":""constant"",""fill"":0},""stochastic"":true,""randomness_scope"":""per-image""},{""operation_id"":""Normalize"",""parameters"":{""mean"":[0.485,0.456,0.406],""std"":[0.229,0.224,0.225]},""stochastic"":false,""randomness_scope"":""deterministic""},{""operation_id"":""ToTensor"",""parameters"":{""layout"":""CHW"",""dtype"":""float16""},""stochastic"":false,""randomness_scope"":""deterministic""}]",799da827dff3ace4f6820da915d58e9243c04313accdb349356385772a895bd0,8192,5.679987169999549,1442.25677890055,1776.0,50,42af6da2f22221b6415fb0bbb4d6767dca30e23fca962931d2ddad62b3439171,8192,5.493957898999724,1491.0926058409555,1776.0,50,92d2b13ba1723b54493839d6980151a7fc7d4c920118ad5c5124134c452bd197,8192,5.588138510000135,1465.9622314908943,1776.0,50
3f8e2e315710528399b8e82e2359ab85c58c809644595b68a92fb9d83492cc8c,kornia_cpu,0.8.3,R08,RandomCrop224+Affine+Normalize+ToTensor,True,False,1444.6949976815606,1776.0,"[{""operation_id"":""RandomCrop224"",""parameters"":{""height"":224,""width"":224},""stochastic"":true,""randomness_scope"":""per-image""},{""operation_id"":""Affine"",""parameters"":{""angle"":25.0,""shift"":[20,20],""scale"":2.0,""shear"":[10.0,15.0],""interpolation"":""bilinear"",""mode"":""constant"",""fill"":0,""reference_size"":512},""stochastic"":true,""randomness_scope"":""per-image""},{""operation_id"":""Normalize"",""parameters"":{""mean"":[0.485,0.456,0.406],""std"":[0.229,0.224,0.225]},""stochastic"":false,""randomness_scope"":""deterministic""},{""operation_id"":""ToTensor"",""parameters"":{""layout"":""CHW"",""dtype"":""float16""},""stochastic"":false,""randomness_scope"":""deterministic""}]",5f5bf561fb3c28cd9124383b699b87a19662e729a21d9bfa868181e7aa081b3b,8192,7.040978248999636,1163.4746920520452,1776.0,50,4a4513d0d524c7262e3b3d24ba3cb7895a34121b3173505362dd033e3788683c,8192,5.46614615999988,1498.6792815653835,1776.0,50,b6fe974b1e8635c26e2ea4a8af208f7d164cf50a8921afcea19217f1796b9696,8192,5.670401028000015,1444.6949976815606,1776.0,50
3f8e2e315710528399b8e82e2359ab85c58c809644595b68a92fb9d83492cc8c,kornia_cpu,0.8.3,R09,RandomCrop224+Perspective+Normalize+ToTensor,False,True,1303.2122586090652,1776.0,"[{""operation_id"":""RandomCrop224"",""parameters"":{""height"":224,""width"":224},""stochastic"":true,""randomness_scope"":""per-image""},{""operation_id"":""Perspective"",""parameters"":{""scale"":[0.05,0.1],""interpolation"":""bilinear"",""fill"":0},""stochastic"":true,""randomness_scope"":""per-image""},{""operation_id"":""Normalize"",""parameters"":{""mean"":[0.485,0.456,0.406],""std"":[0.229,0.224,0.225]},""stochastic"":false,""randomness_scope"":""deterministic""},{""operation_id"":""ToTensor"",""parameters"":{""layout"":""CHW"",""dtype"":""float16""},""stochastic"":false,""randomness_scope"":""deterministic""}]",78e81e653aae2f465f0d235e3d9ebf310aec67525f51c19aaa52be5ae4fcb8be,8192,6.28600594099953,1303.2122586090652,1776.0,50,93a476fd17893d2996f4d89fb72ec638b581a2bd9cdc1716f4a80f9c36991c5e,8192,6.276625118000084,1305.1599937850376,1776.0,50,072d1e9a0bfd4e7d0774a0e19f3dec851e299d4f051252fabe1cfcaf7c2056fe,8192,6.465810972000327,1266.9717743798567,1776.0,50
3f8e2e315710528399b8e82e2359ab85c58c809644595b68a92fb9d83492cc8c,kornia_cpu,0.8.3,R10,RandomCrop224+Elastic+Normalize+ToTensor,False,False,102.08813617460818,1776.0,"[{""operation_id"":""RandomCrop224"",""parameters"":{""height"":224,""width"":224},""stochastic"":true,""randomness_scope"":""per-image""},{""operation_id"":""Elastic"",""parameters"":{""alpha"":50.0,""sigma"":5.0,""interpolation"":""bilinear"",""approximate"":false,""same_dxdy"":true},""stochastic"":true,""randomness_scope"":""per-image""},{""operation_id"":""Normalize"",""parameters"":{""mean"":[0.485,0.456,0.406],""std"":[0.229,0.224,0.225]},""stochastic"":false,""randomness_scope"":""deterministic""},{""operation_id"":""ToTensor"",""parameters"":{""layout"":""CHW"",""dtype"":""float16""},""stochastic"":false,""randomness_scope"":""deterministic""}]",a020efeb969828971a751ad5c0b6c3c4230df64db83de703e92f508db95c26d5,8192,106.45955661799962,76.94940933668082,1776.0,50,39acb805709476fc1d7f22e96d845e6d7cb093cadb87ac5c61b6318fdb959766,8192,80.24438790800014,102.08813617460818,1776.0,50,4c72e95713b94d46df4abf143950e1ca1378858fc9ec979ea4ced1bcab2e8abf,8192,77.57763747199988,105.59744105325122,1776.0,50
3f8e2e315710528399b8e82e2359ab85c58c809644595b68a92fb9d83492cc8c,kornia_cpu,0.8.3,R11,RandomCrop224+ColorJitter+Normalize+ToTensor,False,False,1005.6570141759481,1776.0,"[{""operation_id"":""RandomCrop224"",""parameters"":{""height"":224,""width"":224},""stochastic"":true,""randomness_scope"":""per-image""},{""operation_id"":""ColorJitter"",""parameters"":{""brightness"":0.5,""contrast"":1.5,""saturation"":1.5,""hue"":0.5},""stochastic"":true,""randomness_scope"":""per-image""},{""operation_id"":""Normalize"",""parameters"":{""mean"":[0.485,0.456,0.406],""std"":[0.229,0.224,0.225]},""stochastic"":false,""randomness_scope"":""deterministic""},{""operation_id"":""ToTensor"",""parameters"":{""layout"":""CHW"",""dtype"":""float16""},""stochastic"":false,""randomness_scope"":""deterministic""}]",607733dee0fd1ccb9dea2e4905859fe85ceb3d000061c828699b53d131a6bd83,8192,8.14591842399932,1005.6570141759481,1776.0,50,ed70c1ac1d234a43151b48ce1e099f5ea3a669aa16499eb87f1be0397f6e5454,8192,8.050106489999962,1017.6262898107375,1776.0,50,6f76f8843915a5515601fef1117322f98ed3cf26912e02c4326175fe41d8d2de,8192,8.570380479999585,955.8502121483872,1776.0,50
3f8e2e315710528399b8e82e2359ab85c58c809644595b68a92fb9d83492cc8c,kornia_cpu,0.8.3,R12,RandomCrop224+ChannelShuffle+Normalize+ToTensor,False,False,1944.0801833367213,1776.0,"[{""operation_id"":""RandomCrop224"",""parameters"":{""height"":224,""width"":224},""stochastic"":true,""randomness_scope"":""per-image""},{""operation_id"":""ChannelShuffle"",""parameters"":{},""stochastic"":true,""randomness_scope"":""per-image""},{""operation_id"":""Normalize"",""parameters"":{""mean"":[0.485,0.456,0.406],""std"":[0.229,0.224,0.225]},""stochastic"":false,""randomness_scope"":""deterministic""},{""operation_id"":""ToTensor"",""parameters"":{""layout"":""CHW"",""dtype"":""float16""},""stochastic"":false,""randomness_scope"":""deterministic""}]",417e23dac6594f71cb718e485d365b7d96b560e45f0a1f02d64db1b397c7e28d,8192,4.113613645999976,1991.4364121107467,1776.0,50,d174857b10e313b7f9ad0f52fd8237906e11cb08811c496395bff97b1e0bf1c0,8192,4.213817963999645,1944.0801833367213,1776.0,50,dd466f5ac7afb7966c622060e2a1e4c7e95fec7b94cb7aa1f0dd4db0385e135d,8192,4.516581779999797,1813.7610252681773,1776.0,50
3f8e2e315710528399b8e82e2359ab85c58c809644595b68a92fb9d83492cc8c,kornia_cpu,0.8.3,R13,RandomCrop224+Grayscale+Normalize+ToTensor,False,False,1892.1221941457145,1776.0,"[{""operation_id"":""RandomCrop224"",""parameters"":{""height"":224,""width"":224},""stochastic"":true,""randomness_scope"":""per-image""},{""operation_id"":""Grayscale"",""parameters"":{""num_output_channels"":3},""stochastic"":false,""randomness_scope"":""deterministic""},{""operation_id"":""Normalize"",""parameters"":{""mean"":[0.485,0.456,0.406],""std"":[0.229,0.224,0.225]},""stochastic"":false,""randomness_scope"":""deterministic""},{""operation_id"":""ToTensor"",""parameters"":{""layout"":""CHW"",""dtype"":""float16""},""stochastic"":false,""randomness_scope"":""deterministic""}]",10a8bc011c85a91114e9b4fff492185d7f2a9dd3eeee56f867875490541c0117,8192,4.445309972999894,1842.8411178875951,1776.0,50,20fb0a233496e22a2d6cad2297122cfeb9328535e4c9fcbf166fbd3ea4509e15,8192,3.996052375000545,2050.023180689388,1776.0,50,d345491b25d973d6b2108c61edcca55480211a3eeccb617f5c5d89ca1825a1ac,8192,4.329530103999787,1892.1221941457145,1776.0,50
3f8e2e315710528399b8e82e2359ab85c58c809644595b68a92fb9d83492cc8c,kornia_cpu,0.8.3,R14,RandomCrop224+RGBShift+Normalize+ToTensor,False,False,1888.699012824302,1776.0,"[{""operation_id"":""RandomCrop224"",""parameters"":{""height"":224,""width"":224},""stochastic"":true,""randomness_scope"":""per-image""},{""operation_id"":""RGBShift"",""parameters"":{""pixel_shift"":100},""stochastic"":true,""randomness_scope"":""per-image""},{""operation_id"":""Normalize"",""parameters"":{""mean"":[0.485,0.456,0.406],""std"":[0.229,0.224,0.225]},""stochastic"":false,""randomness_scope"":""deterministic""},{""operation_id"":""ToTensor"",""parameters"":{""layout"":""CHW"",""dtype"":""float16""},""stochastic"":false,""randomness_scope"":""deterministic""}]",4edce69aeb0be70bc8892e00b70de2e0525522af514d52d77754e3ea575a29d4,8192,4.334884427999896,1889.7850994795187,1776.0,50,4f28aa51ef59a945c2f4ff7510bd1d302dd2034858ecf4cd87e87c38849d0ff3,8192,4.337377180999283,1888.699012824302,1776.0,50,389b714f282a0e7fe0aee87be1c02ab81a6e98b7b7896cf7f4a5a9e5d3b7ad9b,8192,4.387473089000196,1867.1339593029318,1776.0,50
3f8e2e315710528399b8e82e2359ab85c58c809644595b68a92fb9d83492cc8c,kornia_cpu,0.8.3,R15,RandomCrop224+GaussianBlur+Normalize+ToTensor,True,False,1189.2381649409376,1776.0,"[{""operation_id"":""RandomCrop224"",""parameters"":{""height"":224,""width"":224},""stochastic"":true,""randomness_scope"":""per-image""},{""operation_id"":""GaussianBlur"",""parameters"":{""sigma"":2.0,""kernel_size"":[5,5]},""stochastic"":true,""randomness_scope"":""per-image""},{""operation_id"":""Normalize"",""parameters"":{""mean"":[0.485,0.456,0.406],""std"":[0.229,0.224,0.225]},""stochastic"":false,""randomness_scope"":""deterministic""},{""operation_id"":""ToTensor"",""parameters"":{""layout"":""CHW"",""dtype"":""float16""},""stochastic"":false,""randomness_scope"":""deterministic""}]",b17ecba97d2ed6cc82ac60c2823c04399e911267f4ca455edd4ae486829406f7,8192,6.888443578000079,1189.2381649409376,1776.0,50,587a8b374332efd4a5e1e7696c41768a8921f76c7b7226ed42765cbef14f5cb0,8192,6.8414843870004916,1197.4009639729097,1776.0,50,5c9859eaab9ccfa9c821a2c73accb0b139c3c09ec50594d97ae5673007fe28f0,8192,6.982853569999861,1173.15935639764,1776.0,50
3f8e2e315710528399b8e82e2359ab85c58c809644595b68a92fb9d83492cc8c,kornia_cpu,0.8.3,R16,RandomCrop224+GaussianNoise+Normalize+ToTensor,False,False,1662.141452407934,1776.0,"[{""operation_id"":""RandomCrop224"",""parameters"":{""height"":224,""width"":224},""stochastic"":true,""randomness_scope"":""per-image""},{""operation_id"":""GaussianNoise"",""parameters"":{""mean"":0,""std"":0.44,""per_channel"":true},""stochastic"":true,""randomness_scope"":""per-image""},{""operation_id"":""Normalize"",""parameters"":{""mean"":[0.485,0.456,0.406],""std"":[0.229,0.224,0.225]},""stochastic"":false,""randomness_scope"":""deterministic""},{""operation_id"":""ToTensor"",""parameters"":{""layout"":""CHW"",""dtype"":""float16""},""stochastic"":false,""randomness_scope"":""deterministic""}]",09e4219e9cce57ce7e8a22284bf2a6c8be7fbc44554a4791a2f02921890bbc78,8192,5.100115148000441,1606.2382440937179,1776.0,50,0689989e0ca837751fbb58225568e1811952a1bce35a5a319f92fefe1869f122,8192,4.928581733000101,1662.141452407934,1776.0,50,70af689d7c81ca4947d0a8eefe60c314b07bc2dff08b2e265322139ea74bf47c,8192,4.9015130300003875,1671.3206615711786,1776.0,50
3f8e2e315710528399b8e82e2359ab85c58c809644595b68a92fb9d83492cc8c,kornia_cpu,0.8.3,R17,RandomCrop224+Invert+Normalize+ToTensor,False,False,1920.045682237043,1776.0,"[{""operation_id"":""RandomCrop224"",""parameters"":{""height"":224,""width"":224},""stochastic"":true,""randomness_scope"":""per-image""},{""operation_id"":""Invert"",""parameters"":{},""stochastic"":false,""randomness_scope"":""deterministic""},{""operation_id"":""Normalize"",""parameters"":{""mean"":[0.485,0.456,0.406],""std"":[0.229,0.224,0.225]},""stochastic"":false,""randomness_scope"":""deterministic""},{""operation_id"":""ToTensor"",""parameters"":{""layout"":""CHW"",""dtype"":""float16""},""stochastic"":false,""randomness_scope"":""deterministic""}]",1dc539965c8758f7e88e34265387b0d924ea73d1fbe0ccbf0f5c31ef475bf9ef,8192,4.266565152999647,1920.045682237043,1776.0,50,93b03eba2f29606e3843c13d6380d469d8b5d04f51bb3999d8352e9fb70cf7ee,8192,3.9295885550000094,2084.6966254460654,1776.0,50,1ad1e834e71fea205352fbab7cb3c9d551c95b20a018ced37b2e990df51995d7,8192,4.426782122000077,1850.554143897814,1776.0,50
3f8e2e315710528399b8e82e2359ab85c58c809644595b68a92fb9d83492cc8c,kornia_cpu,0.8.3,R18,RandomCrop224+Posterize+Normalize+ToTensor,False,False,1750.6679561712965,1776.0,"[{""operation_id"":""RandomCrop224"",""parameters"":{""height"":224,""width"":224},""stochastic"":true,""randomness_scope"":""per-image""},{""operation_id"":""Posterize"",""parameters"":{""bits"":4},""stochastic"":false,""randomness_scope"":""deterministic""},{""operation_id"":""Normalize"",""parameters"":{""mean"":[0.485,0.456,0.406],""std"":[0.229,0.224,0.225]},""stochastic"":false,""randomness_scope"":""deterministic""},{""operation_id"":""ToTensor"",""parameters"":{""layout"":""CHW"",""dtype"":""float16""},""stochastic"":false,""randomness_scope"":""deterministic""}]",ac4fb4a54d0e4a4dfbb45169aa2b18c780dc345b46e8223212cf0c0df3ff4ecc,8192,4.679356796999855,1750.6679561712965,1776.0,50,85226a03132830633e643b35f835c50ba90548e214ae6c0d4b7dcebd895e3d2c,8192,4.773042075999911,1716.3058421779883,1776.0,50,b8eecb39a79cec1e59318dc1f32edeb9cdc3ffe1abc5e129577cb9ada439852b,8192,4.669806220999817,1754.2483804062585,1776.0,50
3f8e2e315710528399b8e82e2359ab85c58c809644595b68a92fb9d83492cc8c,kornia_cpu,0.8.3,R19,RandomCrop224+Solarize+Normalize+ToTensor,False,False,1655.202128617485,1776.0,"[{""operation_id"":""RandomCrop224"",""parameters"":{""height"":224,""width"":224},""stochastic"":true,""randomness_scope"":""per-image""},{""operation_id"":""Solarize"",""parameters"":{""threshold"":0.5},""stochastic"":false,""randomness_scope"":""deterministic""},{""operation_id"":""Normalize"",""parameters"":{""mean"":[0.485,0.456,0.406],""std"":[0.229,0.224,0.225]},""stochastic"":false,""randomness_scope"":""deterministic""},{""operation_id"":""ToTensor"",""parameters"":{""layout"":""CHW"",""dtype"":""float16""},""stochastic"":false,""randomness_scope"":""deterministic""}]",3f382cda0089120ac831283eafee35595447604586edd939301ad1ea342919d3,8192,4.949244481000278,1655.202128617485,1776.0,50,34bd5e3ac03217c8d8beb769dae6ea5a921775d14849fe857071bcaf5f7f174b,8192,4.788930642000196,1710.6115357265735,1776.0,50,40d965a3d4a5ea5c1a0fe5a54429c36495f6d1914bea9da7660589bb7208a540,8192,5.035455567000099,1626.8637248407754,1776.0,50
3f8e2e315710528399b8e82e2359ab85c58c809644595b68a92fb9d83492cc8c,kornia_cpu,0.8.3,R20,RandomCrop224+Sharpen+Normalize+ToTensor,False,False,1240.806883647952,1776.0,"[{""operation_id"":""RandomCrop224"",""parameters"":{""height"":224,""width"":224},""stochastic"":true,""randomness_scope"":""per-image""},{""operation_id"":""Sharpen"",""parameters"":{""alpha"":[0.2,0.5],""lightness"":[0.5,1]},""stochastic"":true,""randomness_scope"":""per-image""},{""operation_id"":""Normalize"",""parameters"":{""mean"":[0.485,0.456,0.406],""std"":[0.229,0.224,0.225]},""stochastic"":false,""randomness_scope"":""deterministic""},{""operation_id"":""ToTensor"",""parameters"":{""layout"":""CHW"",""dtype"":""float16""},""stochastic"":false,""randomness_scope"":""deterministic""}]",02266f70b2ce3e360581b329f6f40cd452f4f0d38c1e136a271f8def610a573d,8192,8.544930375000149,958.6971034857446,1776.0,50,955e861bb6a3bb7651eae1e5a011ddd7d5245e2d2640aa95d82efa0c72a97b34,8192,6.390901316999589,1281.8223273467777,1776.0,50,6a77541f73a1de51acccaf22ec30a38f74f2f692d9b1612ba42cd09dff44a9dd,8192,6.602155507000134,1240.806883647952,1776.0,50
3f8e2e315710528399b8e82e2359ab85c58c809644595b68a92fb9d83492cc8c,kornia_cpu,0.8.3,R21,RandomCrop224+AutoContrast+Normalize+ToTensor,False,False,1697.4649988910567,1776.0,"[{""operation_id"":""RandomCrop224"",""parameters"":{""height"":224,""width"":224},""stochastic"":true,""randomness_scope"":""per-image""},{""operation_id"":""AutoContrast"",""parameters"":{},""stochastic"":false,""randomness_scope"":""deterministic""},{""operation_id"":""Normalize"",""parameters"":{""mean"":[0.485,0.456,0.406],""std"":[0.229,0.224,0.225]},""stochastic"":false,""randomness_scope"":""deterministic""},{""operation_id"":""ToTensor"",""parameters"":{""layout"":""CHW"",""dtype"":""float16""},""stochastic"":false,""randomness_scope"":""deterministic""}]",fe92f6c83cdc6db848149bbc336e6a24fb702b0406eb2e26d71c1a65e5b1b330,8192,4.764888975000758,1719.2425768952353,1776.0,50,72ff79c761a0cd70cf67ad8788f34f4e55f1f7c99ee7c20e44de0510ca2dc344,8192,4.826019980000638,1697.4649988910567,1776.0,50,fc0f2f0a5a99936a77d58226e68ff370e45d2dad983e92f90b6e2f2c0d574273,8192,4.865094087000216,1683.8317725220256,1776.0,50
3f8e2e315710528399b8e82e2359ab85c58c809644595b68a92fb9d83492cc8c,kornia_cpu,0.8.3,R22,RandomCrop224+Equalize+Normalize+ToTensor,True,True,1264.9349881575156,1776.0,"[{""operation_id"":""RandomCrop224"",""parameters"":{""height"":224,""width"":224},""stochastic"":true,""randomness_scope"":""per-image""},{""operation_id"":""Equalize"",""parameters"":{""mode"":""pil""},""stochastic"":false,""randomness_scope"":""deterministic""},{""operation_id"":""Normalize"",""parameters"":{""mean"":[0.485,0.456,0.406],""std"":[0.229,0.224,0.225]},""stochastic"":false,""randomness_scope"":""deterministic""},{""operation_id"":""ToTensor"",""parameters"":{""layout"":""CHW"",""dtype"":""float16""},""stochastic"":false,""randomness_scope"":""deterministic""}]",b35e9ea27c8c09f246b467f52c7db542e10426527e99dce0b4791ac6d31b0c00,8192,6.502289939000548,1259.8638444072787,1776.0,50,03b7efd451f7de90d357ba90e75c826d178c53fde65047e06b8ea5800f016215,8192,6.3699550649998855,1286.037329370101,1776.0,50,66fb090d8c68fddd30ce4358b01b79dee375f69a4d8b89461e3fc73fd6a110b5,8192,6.476222158999917,1264.9349881575156,1776.0,50
3f8e2e315710528399b8e82e2359ab85c58c809644595b68a92fb9d83492cc8c,kornia_cpu,0.8.3,R23,RandomCrop224+Erasing+Normalize+ToTensor,False,True,1558.0378803471153,1776.0,"[{""operation_id"":""RandomCrop224"",""parameters"":{""height"":224,""width"":224},""stochastic"":true,""randomness_scope"":""per-image""},{""operation_id"":""Erasing"",""parameters"":{""scale"":[0.02,0.33],""ratio"":[0.3,3.3],""fill"":0},""stochastic"":true,""randomness_scope"":""per-image""},{""operation_id"":""Normalize"",""parameters"":{""mean"":[0.485,0.456,0.406],""std"":[0.229,0.224,0.225]},""stochastic"":false,""randomness_scope"":""deterministic""},{""operation_id"":""ToTensor"",""parameters"":{""layout"":""CHW"",""dtype"":""float16""},""stochastic"":false,""randomness_scope"":""deterministic""}]",15b4d46eecc5159bb23f260cbdfdfd6132bc764b6c92ec418263a535a0449f9f,8192,6.636717147000127,1234.345206907436,1776.0,50,7c346a8b4a891804112e846171bc9a2698fe890b7c94e451b7a2d385ceee4161,8192,5.228389681999943,1566.830419737656,1776.0,50,73e87c3e43a494445998e0c8710b6a1b3219119cc687e47356689a35cc23c565,8192,5.257895269000073,1558.0378803471153,1776.0,50
3f8e2e315710528399b8e82e2359ab85c58c809644595b68a92fb9d83492cc8c,kornia_cpu,0.8.3,R24,RandomCrop224+JpegCompression+Normalize+ToTensor,False,False,683.565463824708,1776.0,"[{""operation_id"":""RandomCrop224"",""parameters"":{""height"":224,""width"":224},""stochastic"":true,""randomness_scope"":""per-image""},{""operation_id"":""JpegCompression"",""parameters"":{""quality"":50},""stochastic"":true,""randomness_scope"":""per-image""},{""operation_id"":""Normalize"",""parameters"":{""mean"":[0.485,0.456,0.406],""std"":[0.229,0.224,0.225]},""stochastic"":false,""randomness_scope"":""deterministic""},{""operation_id"":""ToTensor"",""parameters"":{""layout"":""CHW"",""dtype"":""float16""},""stochastic"":false,""randomness_scope"":""deterministic""}]",817582344d0837d6d5a19aefd527473ffb0e3422fb18475c53b66b1b3c30958a,8192,11.847604808999677,691.447776328359,1776.0,50,3679cbffd9117cc716ce974030e999c86d3b5d89e83a19e81828d821a78e4086,8192,11.98422160500013,683.565463824708,1776.0,50,ae9e541eab8fdd7d1fb8881b130904a303695a27c23f0e4b649086208f0504d2,8192,12.125057154999922,675.6256812052984,1776.0,50
3f8e2e315710528399b8e82e2359ab85c58c809644595b68a92fb9d83492cc8c,kornia_cpu,0.8.3,R25,RandomCrop224+RandomGamma+Normalize+ToTensor,False,False,1685.5161470834912,1776.0,"[{""operation_id"":""RandomCrop224"",""parameters"":{""height"":224,""width"":224},""stochastic"":true,""randomness_scope"":""per-image""},{""operation_id"":""RandomGamma"",""parameters"":{""gamma"":120},""stochastic"":true,""randomness_scope"":""per-image""},{""operation_id"":""Normalize"",""parameters"":{""mean"":[0.485,0.456,0.406],""std"":[0.229,0.224,0.225]},""stochastic"":false,""randomness_scope"":""deterministic""},{""operation_id"":""ToTensor"",""parameters"":{""layout"":""CHW"",""dtype"":""float16""},""stochastic"":false,""randomness_scope"":""deterministic""}]",d31c4a331ae1ff7f600f311f139b46ca891aeeeca124966bddad391f21520813,8192,4.860232287999679,1685.5161470834912,1776.0,50,a0b0eea0096d206089255254d3d4b9a10349a014467dcf5f08c2a582daf00f1a,8192,4.801299781000125,1706.2046474201995,1776.0,50,5cb43f181b0c4fced9708f03a0804ccc2dba3a6f88481774a307876aa3f085dc,8192,5.083222718000798,1611.5760521352618,1776.0,50
3f8e2e315710528399b8e82e2359ab85c58c809644595b68a92fb9d83492cc8c,kornia_cpu,0.8.3,R26,RandomCrop224+PlankianJitter+Normalize+ToTensor,False,False,1856.7807238986795,1776.0,"[{""operation_id"":""RandomCrop224"",""parameters"":{""height"":224,""width"":224},""stochastic"":true,""randomness_scope"":""per-image""},{""operation_id"":""PlankianJitter"",""parameters"":{""mode"":""blackbody""},""stochastic"":true,""randomness_scope"":""per-image""},{""operation_id"":""Normalize"",""parameters"":{""mean"":[0.485,0.456,0.406],""std"":[0.229,0.224,0.225]},""stochastic"":false,""randomness_scope"":""deterministic""},{""operation_id"":""ToTensor"",""parameters"":{""layout"":""CHW"",""dtype"":""float16""},""stochastic"":false,""randomness_scope"":""deterministic""}]",87dd43d1d8402d6d9e5815604542cd6b2e4482535586b6f106a41c5f2825baaa,8192,4.277407362999838,1915.1788232427723,1776.0,50,1584f5b550b0dc2053083425e3a28af47abccdb390b5cc15798fc05b9500dbd7,8192,4.41193722799926,1856.7807238986795,1776.0,50,518c1cd374713b016aaa601e1085d2c8ef20ba93eed43b02369d5bc49d11c7f6,8192,4.53588395999941,1806.0426748661944,1776.0,50
3f8e2e315710528399b8e82e2359ab85c58c809644595b68a92fb9d83492cc8c,kornia_cpu,0.8.3,R27,RandomCrop224+MedianBlur+Normalize+ToTensor,False,False,124.11220040203834,1776.0,"[{""operation_id"":""RandomCrop224"",""parameters"":{""height"":224,""width"":224},""stochastic"":true,""randomness_scope"":""per-image""},{""operation_id"":""MedianBlur"",""parameters"":{""blur_limit"":5},""stochastic"":true,""randomness_scope"":""per-image""},{""operation_id"":""Normalize"",""parameters"":{""mean"":[0.485,0.456,0.406],""std"":[0.229,0.224,0.225]},""stochastic"":false,""randomness_scope"":""deterministic""},{""operation_id"":""ToTensor"",""parameters"":{""layout"":""CHW"",""dtype"":""float16""},""stochastic"":false,""randomness_scope"":""deterministic""}]",f3ed13124b786f31731240558897f361cfdfe16e3bc16763004d73a88bf00cb1,8192,64.60268395700041,126.8058770662315,1776.0,50,9e287435db9c3b9a7cc46d76475579ca1d3862df2a22fdbd76a5932fba8fb9b5,8192,66.42260284299937,123.3315114037781,1776.0,50,5566c52160bdb5afc7c123ffa3343453225cc3bc254d658b1148ad6422f9a85b,8192,66.00479222400008,124.11220040203834,1776.0,50
3f8e2e315710528399b8e82e2359ab85c58c809644595b68a92fb9d83492cc8c,kornia_cpu,0.8.3,R28,RandomCrop224+MotionBlur+Normalize+ToTensor,False,False,1210.411464913734,1776.0,"[{""operation_id"":""RandomCrop224"",""parameters"":{""height"":224,""width"":224},""stochastic"":true,""randomness_scope"":""per-image""},{""operation_id"":""MotionBlur"",""parameters"":{""kernel_size"":5,""angle_range"":[0,360],""direction_range"":[-1,1]},""stochastic"":true,""randomness_scope"":""per-image""},{""operation_id"":""Normalize"",""parameters"":{""mean"":[0.485,0.456,0.406],""std"":[0.229,0.224,0.225]},""stochastic"":false,""randomness_scope"":""deterministic""},{""operation_id"":""ToTensor"",""parameters"":{""layout"":""CHW"",""dtype"":""float16""},""stochastic"":false,""randomness_scope"":""deterministic""}]",9835820d4b3ee29ff22e83679fab38c412951ecbedc2e70764b99f03c95d4fc7,8192,6.883072545999312,1190.1661569383696,1776.0,50,0f40b3445b31a8bd6fb14ee98f73810eb041ea10f32dc775ec9a89d152200698,8192,6.6027956719999565,1240.686582918093,1776.0,50,84f9f1767aeb0d09402ab9c954c097bbccbbe495be3a557fa5dbe15206372799,8192,6.76794646899998,1210.411464913734,1776.0,50
3f8e2e315710528399b8e82e2359ab85c58c809644595b68a92fb9d83492cc8c,kornia_cpu,0.8.3,R29,RandomCrop224+CLAHE+Normalize+ToTensor,False,True,692.3195617175431,1776.0,"[{""operation_id"":""RandomCrop224"",""parameters"":{""height"":224,""width"":224},""stochastic"":true,""randomness_scope"":""per-image""},{""operation_id"":""CLAHE"",""parameters"":{""clip_limit"":[1,4],""tile_grid_size"":[8,8]},""stochastic"":true,""randomness_scope"":""per-image""},{""operation_id"":""Normalize"",""parameters"":{""mean"":[0.485,0.456,0.406],""std"":[0.229,0.224,0.225]},""stochastic"":false,""randomness_scope"":""deterministic""},{""operation_id"":""ToTensor"",""parameters"":{""layout"":""CHW"",""dtype"":""float16""},""stochastic"":false,""randomness_scope"":""deterministic""}]",8fe46209690ed76d7fe77e94497b0fc05700e3c8b4f223a12ca3cb1d1b3f8805,8192,12.889529852000123,635.5546008319933,1776.0,50,7fec28003af9440b3ba0284ffc0406e495e88c34b82843dd5f01827867a768f1,8192,11.571030918999895,707.9749468604867,1776.0,50,e48b0c9fb64e7eb5dec672fc07c7a78196eca82ad9f4c7c6cc81265d34b5385a,8192,11.832686020999972,692.3195617175431,1776.0,50
3f8e2e315710528399b8e82e2359ab85c58c809644595b68a92fb9d83492cc8c,kornia_cpu,0.8.3,R30,RandomCrop224+Brightness+Normalize+ToTensor,True,False,1871.7633689513973,1776.0,"[{""operation_id"":""RandomCrop224"",""parameters"":{""height"":224,""width"":224},""stochastic"":true,""randomness_scope"":""per-image""},{""operation_id"":""Brightness"",""parameters"":{""brightness_limit"":[0.2,0.2]},""stochastic"":true,""randomness_scope"":""per-image""},{""operation_id"":""Normalize"",""parameters"":{""mean"":[0.485,0.456,0.406],""std"":[0.229,0.224,0.225]},""stochastic"":false,""randomness_scope"":""deterministic""},{""operation_id"":""ToTensor"",""parameters"":{""layout"":""CHW"",""dtype"":""float16""},""stochastic"":false,""randomness_scope"":""deterministic""}]",fc211e8823f0e79e4756088f81596ce34b50833c8b1594e88d86879f0b99cc1c,8192,5.596650452000176,1463.732650494954,1776.0,50,78a8c853d474594d01cb65bf16db820242e577292a29ceb2f0be3243e75c6a53,8192,4.310678879999614,1900.396718950388,1776.0,50,b4c1593b22ed181469f804158c77ddc8c763ecf8dec56527ec270b1b99f56aae,8192,4.376621604999855,1871.7633689513973,1776.0,50
3f8e2e315710528399b8e82e2359ab85c58c809644595b68a92fb9d83492cc8c,kornia_cpu,0.8.3,R31,RandomCrop224+Contrast+Normalize+ToTensor,True,False,1868.0834488230537,1776.0,"[{""operation_id"":""RandomCrop224"",""parameters"":{""height"":224,""width"":224},""stochastic"":true,""randomness_scope"":""per-image""},{""operation_id"":""Contrast"",""parameters"":{""contrast_limit"":[0.2,0.2]},""stochastic"":true,""randomness_scope"":""per-image""},{""operation_id"":""Normalize"",""parameters"":{""mean"":[0.485,0.456,0.406],""std"":[0.229,0.224,0.225]},""stochastic"":false,""randomness_scope"":""deterministic""},{""operation_id"":""ToTensor"",""parameters"":{""layout"":""CHW"",""dtype"":""float16""},""stochastic"":false,""randomness_scope"":""deterministic""}]",57b8d8b6555ac5189c06f60f2d8fe01cff1592fd613368f36e246b64886b1482,8192,4.297434916999919,1906.2534181946182,1776.0,50,f6b6de77b8a001ef8a353be3924b552823ebe803946ef41204025265299fa8f7,8192,4.385243070999422,1868.0834488230537,1776.0,50,f5d6480ff4dedb1ca51de7235cb7abed5442cea9256ff1664af70cf5f46d05af,8192,4.411175588998958,1857.1013179411968,1776.0,50
3f8e2e315710528399b8e82e2359ab85c58c809644595b68a92fb9d83492cc8c,kornia_cpu,0.8.3,R32,RandomCrop224+Blur+Normalize+ToTensor,False,False,1284.108890222625,1776.0,"[{""operation_id"":""RandomCrop224"",""parameters"":{""height"":224,""width"":224},""stochastic"":true,""randomness_scope"":""per-image""},{""operation_id"":""Blur"",""parameters"":{""radius"":5,""border_mode"":""constant""},""stochastic"":true,""randomness_scope"":""per-image""},{""operation_id"":""Normalize"",""parameters"":{""mean"":[0.485,0.456,0.406],""std"":[0.229,0.224,0.225]},""stochastic"":false,""randomness_scope"":""deterministic""},{""operation_id"":""ToTensor"",""parameters"":{""layout"":""CHW"",""dtype"":""float16""},""stochastic"":false,""randomness_scope"":""deterministic""}]",43ea4606189490989f0aae033a828c2d1e111c47072c8155de4eb97ad055f9f8,8192,6.264881480999975,1307.606540497942,1776.0,50,bda35446b600842d9259c288b7b5b78f63862a0fcb8cb6578af6da236ffc68a0,8192,6.612036097998498,1238.952703612699,1776.0,50,7a621d8968066262ddd4d89bada223fdfdd574328b4e4725d078b86c3b550846,8192,6.379521286999079,1284.108890222625,1776.0,50
3f8e2e315710528399b8e82e2359ab85c58c809644595b68a92fb9d83492cc8c,kornia_cpu,0.8.3,R33,RandomCrop224+ChannelDropout+Normalize+ToTensor,False,False,1911.4061071406124,1776.0,"[{""operation_id"":""RandomCrop224"",""parameters"":{""height"":224,""width"":224},""stochastic"":true,""randomness_scope"":""per-image""},{""operation_id"":""ChannelDropout"",""parameters"":{},""stochastic"":true,""randomness_scope"":""per-image""},{""operation_id"":""Normalize"",""parameters"":{""mean"":[0.485,0.456,0.406],""std"":[0.229,0.224,0.225]},""stochastic"":false,""randomness_scope"":""deterministic""},{""operation_id"":""ToTensor"",""parameters"":{""layout"":""CHW"",""dtype"":""float16""},""stochastic"":false,""randomness_scope"":""deterministic""}]",42aa56b9df63635dba29e281ca4fcf50d0dfc414919c4536a51aabdedbec2140,8192,4.285850071000823,1911.4061071406124,1776.0,50,41f73fb40f1c3e12a97baf53bcc334b7d0ff24f474bc4b357d3252ccf6c503db,8192,4.112063317999855,1992.1872224440026,1776.0,50,76a60829b88b48003caac7ae70c2618704cb3eab4763e7520bdec4ce842f2865,8192,4.293667619000189,1907.9259800523557,1776.0,50
3f8e2e315710528399b8e82e2359ab85c58c809644595b68a92fb9d83492cc8c,kornia_cpu,0.8.3,R34,RandomCrop224+LinearIllumination+Normalize+ToTensor,False,True,1698.3232204199549,1776.0,"[{""operation_id"":""RandomCrop224"",""parameters"":{""height"":224,""width"":224},""stochastic"":true,""randomness_scope"":""per-image""},{""operation_id"":""LinearIllumination"",""parameters"":{""gain"":[0.01,0.2]},""stochastic"":true,""randomness_scope"":""per-image""},{""operation_id"":""Normalize"",""parameters"":{""mean"":[0.485,0.456,0.406],""std"":[0.229,0.224,0.225]},""stochastic"":false,""randomness_scope"":""deterministic""},{""operation_id"":""ToTensor"",""parameters"":{""layout"":""CHW"",""dtype"":""float16""},""stochastic"":false,""randomness_scope"":""deterministic""}]",803027e16bde8ec8c5c39a9c384adc94f3809ca0778fa95b47488cb4b1fd39fc,8192,6.232127008999669,1314.4789873778445,1776.0,50,fa112b9cdb3f1ff97ad4f68eacecada9e7d726c5523ba8226c2066edd899b3ed,8192,4.823581225000453,1698.3232204199549,1776.0,50,c19ced15426c492c281f7e2df02b9919a365f437185ba96cfb54893a78ebb3db,8192,4.669620881999435,1754.318007180993,1776.0,50
3f8e2e315710528399b8e82e2359ab85c58c809644595b68a92fb9d83492cc8c,kornia_cpu,0.8.3,R35,RandomCrop224+CornerIllumination+Normalize+ToTensor,False,True,1480.7274854915506,1776.0,"[{""operation_id"":""RandomCrop224"",""parameters"":{""height"":224,""width"":224},""stochastic"":true,""randomness_scope"":""per-image""},{""operation_id"":""CornerIllumination"",""parameters"":{""gain"":[0.01,0.2]},""stochastic"":true,""randomness_scope"":""per-image""},{""operation_id"":""Normalize"",""parameters"":{""mean"":[0.485,0.456,0.406],""std"":[0.229,0.224,0.225]},""stochastic"":false,""randomness_scope"":""deterministic""},{""operation_id"":""ToTensor"",""parameters"":{""layout"":""CHW"",""dtype"":""float16""},""stochastic"":false,""randomness_scope"":""deterministic""}]",7141ec822352175429ad4e18bd0bf7670fdd446363c13e07f96a15f4f3666f7c,8192,5.357301089001339,1529.1281680655138,1776.0,50,20b5fcca7bd0c0890840dc1e4393067e0f6fb1ff97f9c63c1447490e6c045551,8192,5.532415707999462,1480.7274854915506,1776.0,50,a13dbe6e619d052b31e22cd5400eebc2af2eb4bfbbde5482bc0d62984c03c913,8192,5.61473275499884,1459.0186848530946,1776.0,50
3f8e2e315710528399b8e82e2359ab85c58c809644595b68a92fb9d83492cc8c,kornia_cpu,0.8.3,R36,RandomCrop224+GaussianIllumination+Normalize+ToTensor,False,True,1492.4424883101306,1776.0,"[{""operation_id"":""RandomCrop224"",""parameters"":{""height"":224,""width"":224},""stochastic"":true,""randomness_scope"":""per-image""},{""operation_id"":""GaussianIllumination"",""parameters"":{""gain"":[0.01,0.2]},""stochastic"":true,""randomness_scope"":""per-image""},{""operation_id"":""Normalize"",""parameters"":{""mean"":[0.485,0.456,0.406],""std"":[0.229,0.224,0.225]},""stochastic"":false,""randomness_scope"":""deterministic""},{""operation_id"":""ToTensor"",""parameters"":{""layout"":""CHW"",""dtype"":""float16""},""stochastic"":false,""randomness_scope"":""deterministic""}]",8ff2751011dac5ce5d26b01d34b48392910544dae1c4f9e2cb5f3877427970ce,8192,5.578170761000365,1468.58178980001,1776.0,50,260b5269fef0efcb8ef72e7afbf83054086fbafb9f6f863c90b8c494905eb80e,8192,5.4117654410001705,1513.7389248130464,1776.0,50,ed50f10ff18153521d0021f60983dd5b1971ca5e951f23fa0fbca47cba6fb549,8192,5.488988731000063,1492.4424883101306,1776.0,50
3f8e2e315710528399b8e82e2359ab85c58c809644595b68a92fb9d83492cc8c,kornia_cpu,0.8.3,R37,RandomCrop224+Hue+Normalize+ToTensor,False,False,1126.2288070691002,1776.0,"[{""operation_id"":""RandomCrop224"",""parameters"":{""height"":224,""width"":224},""stochastic"":true,""randomness_scope"":""per-image""},{""operation_id"":""Hue"",""parameters"":{""hue"":20},""stochastic"":true,""randomness_scope"":""per-image""},{""operation_id"":""Normalize"",""parameters"":{""mean"":[0.485,0.456,0.406],""std"":[0.229,0.224,0.225]},""stochastic"":false,""randomness_scope"":""deterministic""},{""operation_id"":""ToTensor"",""parameters"":{""layout"":""CHW"",""dtype"":""float16""},""stochastic"":false,""randomness_scope"":""deterministic""}]",574e5cde6669dc2cb220c7fc7a60984690603b1aa9da8edf6813012b8035657c,8192,7.273832767001295,1126.2288070691002,1776.0,50,6a41e32571cb4aa4f061d0676e66816ef473867bf84c3cad362a8c229699fa15,8192,7.190778067000792,1139.2369398235103,1776.0,50,e24d59e68fc4d07eb730c35af5eaeb6cd3946db1d9f3dad634b2a139af6c0a54,8192,7.358303240000168,1113.30013629607,1776.0,50
3f8e2e315710528399b8e82e2359ab85c58c809644595b68a92fb9d83492cc8c,kornia_cpu,0.8.3,R38,RandomCrop224+PlasmaBrightness+Normalize+ToTensor,False,False,469.44142820510257,1776.0,"[{""operation_id"":""RandomCrop224"",""parameters"":{""height"":224,""width"":224},""stochastic"":true,""randomness_scope"":""per-image""},{""operation_id"":""PlasmaBrightness"",""parameters"":{""roughness"":0.5},""stochastic"":true,""randomness_scope"":""per-image""},{""operation_id"":""Normalize"",""parameters"":{""mean"":[0.485,0.456,0.406],""std"":[0.229,0.224,0.225]},""stochastic"":false,""randomness_scope"":""deterministic""},{""operation_id"":""ToTensor"",""parameters"":{""layout"":""CHW"",""dtype"":""float16""},""stochastic"":false,""randomness_scope"":""deterministic""}]",31191a38c76b9af493a5621114e292a6b03ad329422f964b27f805837339ffe0,8192,17.559000089999245,466.5413724022797,1776.0,50,ded95d56293a11acfd7027e890d89e5710abd12c05e8f93c0e64a4b662a77034,8192,17.229432166999686,475.4654663367554,1776.0,50,2d8f0896cae20ae97c0b3dd69c5f39d81a460254208df019d4ef74015cff952a,8192,17.450526323000304,469.44142820510257,1776.0,50
3f8e2e315710528399b8e82e2359ab85c58c809644595b68a92fb9d83492cc8c,kornia_cpu,0.8.3,R39,RandomCrop224+PlasmaContrast+Normalize+ToTensor,False,False,477.3777345569893,1776.0,"[{""operation_id"":""RandomCrop224"",""parameters"":{""height"":224,""width"":224},""stochastic"":true,""randomness_scope"":""per-image""},{""operation_id"":""PlasmaContrast"",""parameters"":{""roughness"":0.5},""stochastic"":true,""randomness_scope"":""per-image""},{""operation_id"":""Normalize"",""parameters"":{""mean"":[0.485,0.456,0.406],""std"":[0.229,0.224,0.225]},""stochastic"":false,""randomness_scope"":""deterministic""},{""operation_id"":""ToTensor"",""parameters"":{""layout"":""CHW"",""dtype"":""float16""},""stochastic"":false,""randomness_scope"":""deterministic""}]",cb65c98fead246b9125692ac514f903dc4164f60b405d20c225aa3b69885c0be,8192,17.07736479199957,479.6993037144583,1776.0,50,e9f1decc6745c460511884e8374131b01f627e91ad4654d6798b89065a08596c,8192,17.160414923000644,477.3777345569893,1776.0,50,56972003a76ee017fb530c21b72ab674811a67bc2356e88327421772cdbc6f09,8192,17.283964719999858,473.9653275570946,1776.0,50
3f8e2e315710528399b8e82e2359ab85c58c809644595b68a92fb9d83492cc8c,kornia_cpu,0.8.3,R40,RandomCrop224+PlasmaShadow+Normalize+ToTensor,False,False,831.8258609277173,1776.0,"[{""operation_id"":""RandomCrop224"",""parameters"":{""height"":224,""width"":224},""stochastic"":true,""randomness_scope"":""per-image""},{""operation_id"":""PlasmaShadow"",""parameters"":{""roughness"":0.5},""stochastic"":true,""randomness_scope"":""per-image""},{""operation_id"":""Normalize"",""parameters"":{""mean"":[0.485,0.456,0.406],""std"":[0.229,0.224,0.225]},""stochastic"":false,""randomness_scope"":""deterministic""},{""operation_id"":""ToTensor"",""parameters"":{""layout"":""CHW"",""dtype"":""float16""},""stochastic"":false,""randomness_scope"":""deterministic""}]",349f6a5f96870fe8b6ec854e4edf9887c272c59ffbe8839bfb7bb9918a17bd30,8192,9.848215095000342,831.8258609277173,1776.0,50,471bd4e775a66c196aaeb527157273545ad5e53c5afc32852c87adf638137917,8192,9.734449049999967,841.5473703671014,1776.0,50,04fcbaacbebdfbce5c1035c5d3a8c31cd9e9fbd4d112f356f72e2b895b43a74e,8192,10.092714893999073,811.6745678480228,1776.0,50
3f8e2e315710528399b8e82e2359ab85c58c809644595b68a92fb9d83492cc8c,kornia_cpu,0.8.3,R41,RandomCrop224+Rain+Normalize+ToTensor,False,True,1455.0204598219113,1776.0,"[{""operation_id"":""RandomCrop224"",""parameters"":{""height"":224,""width"":224},""stochastic"":true,""randomness_scope"":""per-image""},{""operation_id"":""Rain"",""parameters"":{""drop_width"":5,""drop_height"":20,""brightness_coefficient"":1.0},""stochastic"":true,""randomness_scope"":""per-image""},{""operation_id"":""Normalize"",""parameters"":{""mean"":[0.485,0.456,0.406],""std"":[0.229,0.224,0.225]},""stochastic"":false,""randomness_scope"":""deterministic""},{""operation_id"":""ToTensor"",""parameters"":{""layout"":""CHW"",""dtype"":""float16""},""stochastic"":false,""randomness_scope"":""deterministic""}]",6322d7f4c88a233bcabf95cd68c565aadc4bd64b114ecdadd475817c4c1294a9,8192,7.229718687000059,1133.1007961250614,1776.0,50,86d313ba2a2b58cf8676efc9d0afc364efd07d1ed92dfb5181a177ddda83654a,8192,5.537361741000495,1479.4048832576111,1776.0,50,f1e4b446e59cd8cda49105fb2409f924a3f201888bdb9322819541aadab220c4,8192,5.6301613800005725,1455.0204598219113,1776.0,50
3f8e2e315710528399b8e82e2359ab85c58c809644595b68a92fb9d83492cc8c,kornia_cpu,0.8.3,R42,RandomCrop224+SaltAndPepper+Normalize+ToTensor,False,True,1479.2203916197884,1776.0,"[{""operation_id"":""RandomCrop224"",""parameters"":{""height"":224,""width"":224},""stochastic"":true,""randomness_scope"":""per-image""},{""operation_id"":""SaltAndPepper"",""parameters"":{""amount"":[0.01,0.06],""salt_vs_pepper"":[0.4,0.6]},""stochastic"":true,""randomness_scope"":""per-image""},{""operation_id"":""Normalize"",""parameters"":{""mean"":[0.485,0.456,0.406],""std"":[0.229,0.224,0.225]},""stochastic"":false,""randomness_scope"":""deterministic""},{""operation_id"":""ToTensor"",""parameters"":{""layout"":""CHW"",""dtype"":""float16""},""stochastic"":false,""randomness_scope"":""deterministic""}]",589010a32bd66807529892821bd742e16ee225c4f1221f9928ac4eb7ebddfaa7,8192,5.576715406999938,1468.9650452159233,1776.0,50,5c21c608fd8e56cd3a6eeb2957a69514a7bb41f030827553f7e84f54b9a236ea,8192,5.316589706000741,1540.8373511978616,1776.0,50,0cf6266a32bd11ddfe967bac862cad4f39a76dc7624b7babdc300d795acd9afe,8192,5.538052373000028,1479.2203916197884,1776.0,50
3f8e2e315710528399b8e82e2359ab85c58c809644595b68a92fb9d83492cc8c,kornia_cpu,0.8.3,R43,RandomCrop224+Saturation+Normalize+ToTensor,False,False,1124.0050718418215,1776.0,"[{""operation_id"":""RandomCrop224"",""parameters"":{""height"":224,""width"":224},""stochastic"":true,""randomness_scope"":""per-image""},{""operation_id"":""Saturation"",""parameters"":{""saturation_factor"":0.5},""stochastic"":true,""randomness_scope"":""per-image""},{""operation_id"":""Normalize"",""parameters"":{""mean"":[0.485,0.456,0.406],""std"":[0.229,0.224,0.225]},""stochastic"":false,""randomness_scope"":""deterministic""},{""operation_id"":""ToTensor"",""parameters"":{""layout"":""CHW"",""dtype"":""float16""},""stochastic"":false,""randomness_scope"":""deterministic""}]",65eedbb01374d51e416e73b94b8d96fbd216ba887355d780326da91037da4e2a,8192,7.02288730699911,1166.4718002573863,1776.0,50,4eb76ae4101b10793b2bdfeda2d32da3c3f387c1ea8461d090006fc6d8a6fbc2,8192,7.288223341000048,1124.0050718418215,1776.0,50,95489d9e28bf66007b966df6a48a63697d2a4694d0d10e42d279c567bfe753f5,8192,7.941546770000059,1031.5370843052958,1776.0,50
3f8e2e315710528399b8e82e2359ab85c58c809644595b68a92fb9d83492cc8c,kornia_cpu,0.8.3,R44,RandomCrop224+Snow+Normalize+ToTensor,False,False,1130.7064420808142,1776.0,"[{""operation_id"":""RandomCrop224"",""parameters"":{""height"":224,""width"":224},""stochastic"":true,""randomness_scope"":""per-image""},{""operation_id"":""Snow"",""parameters"":{""snow_point_range"":[0.5,0.5]},""stochastic"":true,""randomness_scope"":""per-image""},{""operation_id"":""Normalize"",""parameters"":{""mean"":[0.485,0.456,0.406],""std"":[0.229,0.224,0.225]},""stochastic"":false,""randomness_scope"":""deterministic""},{""operation_id"":""ToTensor"",""parameters"":{""layout"":""CHW"",""dtype"":""float16""},""stochastic"":false,""randomness_scope"":""deterministic""}]",db0942b2232cab6d4b3ac69627e9ff3725e146f846f3b0ebf82b5358a57bbaf8,8192,7.476368356999956,1095.7191525120634,1776.0,50,916da72d0292d33caa56043f612f2feea858244de5e63ce1b533a097aab058cf,8192,7.047127129000728,1162.459517196423,1776.0,50,3a9e2a09339c367fd4ef13910f97f1692e9a90b5ea606bfaa49ba6b5170fadef,8192,7.245028147999619,1130.7064420808142,1776.0,50
3f8e2e315710528399b8e82e2359ab85c58c809644595b68a92fb9d83492cc8c,kornia_cpu,0.8.3,R45,RandomCrop224+OpticalDistortion+Normalize+ToTensor,False,False,1433.1020877040626,1776.0,"[{""operation_id"":""RandomCrop224"",""parameters"":{""height"":224,""width"":224},""stochastic"":true,""randomness_scope"":""per-image""},{""operation_id"":""OpticalDistortion"",""parameters"":{""distort_limit"":0.5,""mode"":""fisheye""},""stochastic"":true,""randomness_scope"":""per-image""},{""operation_id"":""Normalize"",""parameters"":{""mean"":[0.485,0.456,0.406],""std"":[0.229,0.224,0.225]},""stochastic"":false,""randomness_scope"":""deterministic""},{""operation_id"":""ToTensor"",""parameters"":{""layout"":""CHW"",""dtype"":""float16""},""stochastic"":false,""randomness_scope"":""deterministic""}]",38bfce1d01beeccde13a42a163e5621223d3cc37dbe352311ecb5e5dff18f39c,8192,5.573293729001307,1469.8669042637998,1776.0,50,5db37e20d5f4df48eb9b4b31ffa985f0bd4cf3af66341b14ca6f754889bbbb4b,8192,5.71627106699998,1433.1020877040626,1776.0,50,5a2ef8da30f071c8a63ac6a53d2399ea72047fa396695edde82ee6f84a439e4d,8192,5.737513772999591,1427.7961368129659,1776.0,50
3f8e2e315710528399b8e82e2359ab85c58c809644595b68a92fb9d83492cc8c,kornia_cpu,0.8.3,R46,RandomCrop224+Shear+Normalize+ToTensor,False,True,1508.0905345863587,1776.0,"[{""operation_id"":""RandomCrop224"",""parameters"":{""height"":224,""width"":224},""stochastic"":true,""randomness_scope"":""per-image""},{""operation_id"":""Shear"",""parameters"":{""shear"":10},""stochastic"":true,""randomness_scope"":""per-image""},{""operation_id"":""Normalize"",""parameters"":{""mean"":[0.485,0.456,0.406],""std"":[0.229,0.224,0.225]},""stochastic"":false,""randomness_scope"":""deterministic""},{""operation_id"":""ToTensor"",""parameters"":{""layout"":""CHW"",""dtype"":""float16""},""stochastic"":false,""randomness_scope"":""deterministic""}]",536f527d9d9a122c70011244dd7ca6b06573fca12c83f40c995f273ecccffef1,8192,5.432034624000153,1508.0905345863587,1776.0,50,e9142bd327c41c7321d4e89edb108d3522a390799ba9115f9c5026b71860316f,8192,5.235161643000538,1564.8036409635572,1776.0,50,2d76c1db40407f62b1d39d9099e6d22a95c9a6ea3ea0c4c40df41d33162d828b,8192,5.445575338999333,1504.3405866285093,1776.0,50
3f8e2e315710528399b8e82e2359ab85c58c809644595b68a92fb9d83492cc8c,kornia_cpu,0.8.3,R47,RandomCrop224+ThinPlateSpline+Normalize+ToTensor,False,False,696.0373869270106,1776.0,"[{""operation_id"":""RandomCrop224"",""parameters"":{""height"":224,""width"":224},""stochastic"":true,""randomness_scope"":""per-image""},{""operation_id"":""ThinPlateSpline"",""parameters"":{""num_control_points"":2,""distortion_scale"":0.5},""stochastic"":true,""randomness_scope"":""per-image""},{""operation_id"":""Normalize"",""parameters"":{""mean"":[0.485,0.456,0.406],""std"":[0.229,0.224,0.225]},""stochastic"":false,""randomness_scope"":""deterministic""},{""operation_id"":""ToTensor"",""parameters"":{""layout"":""CHW"",""dtype"":""float16""},""stochastic"":false,""randomness_scope"":""deterministic""}]",de0affdb79a05a88d98c2f59bddbb59062dd8d12b711e3d5f80db902e1cbda70,8192,11.715577949000362,699.2399381115455,1776.0,50,07acc26e975fc0ee125c3e00f3bb5a66b3667c49030884b23faba633aab9446a,8192,11.769482723000692,696.0373869270106,1776.0,50,04823f44352670a16c3b6cc76a5be76145902d127b1127b12e6cb859bc829dcb,8192,11.998167329998978,682.7709411517849,1776.0,50
3f8e2e315710528399b8e82e2359ab85c58c809644595b68a92fb9d83492cc8c,kornia_cpu,0.8.3,R49,RandomCrop224+ColorJiggle+Normalize+ToTensor,False,False,758.3478152678283,1776.0,"[{""operation_id"":""RandomCrop224"",""parameters"":{""height"":224,""width"":224},""stochastic"":true,""randomness_scope"":""per-image""},{""operation_id"":""ColorJiggle"",""parameters"":{""brightness"":[0.875,1.125],""contrast"":[0.5,1.5],""saturation"":[0.5,1.5],""hue"":[-0.05,0.05]},""stochastic"":true,""randomness_scope"":""per-image""},{""operation_id"":""Normalize"",""parameters"":{""mean"":[0.485,0.456,0.406],""std"":[0.229,0.224,0.225]},""stochastic"":false,""randomness_scope"":""deterministic""},{""operation_id"":""ToTensor"",""parameters"":{""layout"":""CHW"",""dtype"":""float16""},""stochastic"":false,""randomness_scope"":""deterministic""}]",7b4b7aea16631406ed6bf3ff7ffb4006747a1f2afb6adeb6465eb090d833d2e1,8192,10.831967240001177,756.2799829884926,1776.0,50,2a05f042f3315c439590776a3e0590d6154bae4989f4b405010db00cebb02473,8192,10.745631761999903,762.3562933702617,1776.0,50,1b212ebf0d369511fc8dede577dff6e6730b8ff793d51fab7cf4c8a0f393b186,8192,10.80243106800117,758.3478152678283,1776.0,50
3f8e2e315710528399b8e82e2359ab85c58c809644595b68a92fb9d83492cc8c,kornia_cpu,0.8.3,R50,LongestMaxSize+RandomCrop224+Normalize+ToTensor,False,True,1073.1510255164287,1776.0,"[{""operation_id"":""LongestMaxSize"",""parameters"":{""max_size"":512,""interpolation"":""bilinear""},""stochastic"":true,""randomness_scope"":""per-image""},{""operation_id"":""RandomCrop224"",""parameters"":{""height"":224,""width"":224},""stochastic"":true,""randomness_scope"":""per-image""},{""operation_id"":""Normalize"",""parameters"":{""mean"":[0.485,0.456,0.406],""std"":[0.229,0.224,0.225]},""stochastic"":false,""randomness_scope"":""deterministic""},{""operation_id"":""ToTensor"",""parameters"":{""layout"":""CHW"",""dtype"":""float16""},""stochastic"":false,""randomness_scope"":""deterministic""}]",0b9edd29d617344a8bac55d92f580bc7b31e3dfc8560f0abb7b8a9ed2ea8d12d,8192,7.54270950099999,1086.0818647349377,1776.0,50,77abb84f86885614fd53bb5e81b0c950ae889c9ca7dcf9db36d60f01cde92364,8192,7.6335947180014045,1073.1510255164287,1776.0,50,ab8a4e910443fe4785f3fbee8a9e18d6cf6472f02f2c408e26ff7977681c173a,8192,7.737035465999725,1058.8034701404188,1776.0,50
3f8e2e315710528399b8e82e2359ab85c58c809644595b68a92fb9d83492cc8c,kornia_cpu,0.8.3,R51,SmallestMaxSize+RandomCrop224+Normalize+ToTensor,False,True,844.9279340924734,1776.0,"[{""operation_id"":""SmallestMaxSize"",""parameters"":{""max_size"":512,""interpolation"":""bilinear""},""stochastic"":true,""randomness_scope"":""per-image""},{""operation_id"":""RandomCrop224"",""parameters"":{""height"":224,""width"":224},""stochastic"":true,""randomness_scope"":""per-image""},{""operation_id"":""Normalize"",""parameters"":{""mean"":[0.485,0.456,0.406],""std"":[0.229,0.224,0.225]},""stochastic"":false,""randomness_scope"":""deterministic""},{""operation_id"":""ToTensor"",""parameters"":{""layout"":""CHW"",""dtype"":""float16""},""stochastic"":false,""randomness_scope"":""deterministic""}]",63bbf505f8b6c24e599bf811b8945dee45dc14263200c4d9502cbe6042d60665,8192,9.695501438000065,844.9279340924734,1776.0,50,33af1962886664586bba5ae844239ca24d6a1f4557f73914940f6b33bf9a29b1,8192,9.437464163000186,868.0297862339908,1776.0,50,8544dba19c2a8e5997226c8dda6188b38c11173194a44629c086a3ea64238df6,8192,12.078391057999397,678.2360300028969,1776.0,50
3f8e2e315710528399b8e82e2359ab85c58c809644595b68a92fb9d83492cc8c,kornia_cpu,0.8.3,R53,RandomCrop224+RandomRotate90+Normalize+ToTensor,False,False,1462.3724619620484,1776.0,"[{""operation_id"":""RandomCrop224"",""parameters"":{""height"":224,""width"":224},""stochastic"":true,""randomness_scope"":""per-image""},{""operation_id"":""RandomRotate90"",""parameters"":{""times"":[0,3]},""stochastic"":true,""randomness_scope"":""per-image""},{""operation_id"":""Normalize"",""parameters"":{""mean"":[0.485,0.456,0.406],""std"":[0.229,0.224,0.225]},""stochastic"":false,""randomness_scope"":""deterministic""},{""operation_id"":""ToTensor"",""parameters"":{""layout"":""CHW"",""dtype"":""float16""},""stochastic"":false,""randomness_scope"":""deterministic""}]",49dc862a43b695a3d3f2957c98382e697a42272a079a01c30334c2bf72810612,8192,5.490534038999613,1492.0224411344511,1776.0,50,d9c7ecee7db1e84aa0a3f91f7f0325c7b4dcd068a0912a0eee342d695f6d9fcc,8192,5.601856034001685,1462.3724619620484,1776.0,50,8fde96e9146ea6d1098a57c56a3c54c8858588985bd85aa1d0c45537b56cc8c4,8192,5.725392923000982,1430.8188294099016,1776.0,50
3f8e2e315710528399b8e82e2359ab85c58c809644595b68a92fb9d83492cc8c,kornia_cpu,0.8.3,R54,RandomCrop224+RandomJigsaw+Normalize+ToTensor,False,False,1751.4454915142292,1776.0,"[{""operation_id"":""RandomCrop224"",""parameters"":{""height"":224,""width"":224},""stochastic"":true,""randomness_scope"":""per-image""},{""operation_id"":""RandomJigsaw"",""parameters"":{""grid"":[4,4]},""stochastic"":true,""randomness_scope"":""per-image""},{""operation_id"":""Normalize"",""parameters"":{""mean"":[0.485,0.456,0.406],""std"":[0.229,0.224,0.225]},""stochastic"":false,""randomness_scope"":""deterministic""},{""operation_id"":""ToTensor"",""parameters"":{""layout"":""CHW"",""dtype"":""float16""},""stochastic"":false,""randomness_scope"":""deterministic""}]",9585845558f14fd13e86fbce954991f926c9530e3904bd63d71b388577bb1731,8192,4.649204801999076,1762.0217540164253,1776.0,50,4c74ce9872e57e1b9f16d64e1f9dfd3ec5c8ed02d4277ed6b0d4fe3e2b7130ae,8192,4.677279446999819,1751.4454915142292,1776.0,50,61d9113992dcdb9bdc3262ff25d96b22c2a40031d3b79feb62b3d478a75460f6,8192,4.847944228000415,1689.7884164354084,1776.0,50
3f8e2e315710528399b8e82e2359ab85c58c809644595b68a92fb9d83492cc8c,kornia_gpu,0.8.3,R01,Resize224+Normalize+ToTensor,True,False,1989.9284590398809,1776.0,"[{""operation_id"":""Resize"",""parameters"":{""target_size"":224,""interpolation"":""bilinear""},""stochastic"":false,""randomness_scope"":""deterministic""},{""operation_id"":""Normalize"",""parameters"":{""mean"":[0.485,0.456,0.406],""std"":[0.229,0.224,0.225]},""stochastic"":false,""randomness_scope"":""deterministic""},{""operation_id"":""ToTensor"",""parameters"":{""layout"":""CHW"",""dtype"":""float16""},""stochastic"":false,""randomness_scope"":""deterministic""}]",479fc0dccf95bde8e12960b85fdeff5792ef5e40817239fd73a269c50212632a,8192,4.116730912001003,1989.9284590398809,1776.0,50,e9f0a8239ff5c148b8d2b0a121f2a2af92f616a990b1f8fa55572a686851504f,8192,4.0488975169992045,2023.266819080027,1776.0,50,ec0c4691afda29a9e5a74fe9a827003789e96fa4a9c7b6c4112b1d481d798db2,8192,4.214765734999673,1943.643019580692,1776.0,50
3f8e2e315710528399b8e82e2359ab85c58c809644595b68a92fb9d83492cc8c,kornia_gpu,0.8.3,R02,RandomCrop224+Normalize+ToTensor,True,True,2106.8453737565915,1776.0,"[{""operation_id"":""RandomCrop224"",""parameters"":{""height"":224,""width"":224},""stochastic"":true,""randomness_scope"":""per-image""},{""operation_id"":""Normalize"",""parameters"":{""mean"":[0.485,0.456,0.406],""std"":[0.229,0.224,0.225]},""stochastic"":false,""randomness_scope"":""deterministic""},{""operation_id"":""ToTensor"",""parameters"":{""layout"":""CHW"",""dtype"":""float16""},""stochastic"":false,""randomness_scope"":""deterministic""}]",f702fce9ac2ff9c0a9b03b7df411dc76ca85405540c10bc248cfd3b6978bf903,8192,3.888277754998853,2106.8453737565915,1776.0,50,ff46d32e990da622ff6910e05a2f477236aa8d65cd56512fa1b73dd0056a95c4,8192,3.771368507999796,2172.1558056772224,1776.0,50,35418eb010b587f4f0aeaaaf826d1f999c2c67179478d6a26d6e90771799c0c3,8192,3.970185261001461,2063.3797824169055,1776.0,50
3f8e2e315710528399b8e82e2359ab85c58c809644595b68a92fb9d83492cc8c,kornia_gpu,0.8.3,R03,RandomResizedCrop+Normalize+ToTensor,True,False,1746.3662146032625,1776.0,"[{""operation_id"":""RandomResizedCrop"",""parameters"":{""size"":[224,224],""width"":224,""scale"":[0.08,1.0],""ratio"":[0.75,1.3333333333333333],""interpolation"":""bilinear""},""stochastic"":true,""randomness_scope"":""per-image""},{""operation_id"":""Normalize"",""parameters"":{""mean"":[0.485,0.456,0.406],""std"":[0.229,0.224,0.225]},""stochastic"":false,""randomness_scope"":""deterministic""},{""operation_id"":""ToTensor"",""parameters"":{""layout"":""CHW"",""dtype"":""float16""},""stochastic"":false,""randomness_scope"":""deterministic""}]",108aa58234ce04dc91de79e588d0780c7fdf8c4bb998d2010d848f7f5e4c526a,8192,4.552874023000186,1799.3030245545333,1776.0,50,45456941d78523ddae3bc877d0a243b0664fc33233958192ce43f15b7e1aa194,8192,5.664659584001129,1446.159275508261,1776.0,50,7d7608495dc3a150f56b22fa710b34da55c53d49ef7494e51a0f1555639c6af2,8192,4.690883236000445,1746.3662146032625,1776.0,50
3f8e2e315710528399b8e82e2359ab85c58c809644595b68a92fb9d83492cc8c,kornia_gpu,0.8.3,R04,RandomCrop224+HorizontalFlip+Normalize+ToTensor,True,True,2083.6851502086583,1850.0,"[{""operation_id"":""RandomCrop224"",""parameters"":{""height"":224,""width"":224},""stochastic"":true,""randomness_scope"":""per-image""},{""operation_id"":""HorizontalFlip"",""parameters"":{},""stochastic"":false,""randomness_scope"":""deterministic""},{""operation_id"":""Normalize"",""parameters"":{""mean"":[0.485,0.456,0.406],""std"":[0.229,0.224,0.225]},""stochastic"":false,""randomness_scope"":""deterministic""},{""operation_id"":""ToTensor"",""parameters"":{""layout"":""CHW"",""dtype"":""float16""},""stochastic"":false,""randomness_scope"":""deterministic""}]",e4a166fbd4d94dc98fe07a3416cc7376257a5423f4cb68e34c7c5cecb45a09b2,8192,3.9314960800002154,2083.6851502086583,1850.0,50,12587f62870bea384509959033edb2b821ab146b60b72945642776972ee9d07c,8192,3.8248001299998577,2141.8112637431605,1850.0,50,1984499fe88574e3812012644aec7af842fe22bcafdf65d8f0bd70777dd55344,8192,4.030667033001009,2032.4179429677909,1850.0,50
3f8e2e315710528399b8e82e2359ab85c58c809644595b68a92fb9d83492cc8c,kornia_gpu,0.8.3,R05,RandomCrop224+VerticalFlip+Normalize+ToTensor,True,True,2151.045836265968,1850.0,"[{""operation_id"":""RandomCrop224"",""parameters"":{""height"":224,""width"":224},""stochastic"":true,""randomness_scope"":""per-image""},{""operation_id"":""VerticalFlip"",""parameters"":{},""stochastic"":false,""randomness_scope"":""deterministic""},{""operation_id"":""Normalize"",""parameters"":{""mean"":[0.485,0.456,0.406],""std"":[0.229,0.224,0.225]},""stochastic"":false,""randomness_scope"":""deterministic""},{""operation_id"":""ToTensor"",""parameters"":{""layout"":""CHW"",""dtype"":""float16""},""stochastic"":false,""randomness_scope"":""deterministic""}]",8094280324f6ac8f518f3beec464ed8bde67aab5264feb800b5ded2b3832e09c,8192,3.674769405999541,2229.2555246120996,1850.0,50,8a93050bda0035bd12a3254dc7036cf1ecf1ac9594a04e513086d929dc6f1bf9,8192,3.8083800270014763,2151.045836265968,1850.0,50,9f36dca4e2d28827eddaeb487e7ba31e979fa86c75e5b750d01a74d66a01481b,8192,3.9280524130008416,2085.511886981597,1850.0,50
3f8e2e315710528399b8e82e2359ab85c58c809644595b68a92fb9d83492cc8c,kornia_gpu,0.8.3,R07,RandomCrop224+Rotate+Normalize+ToTensor,True,True,2122.120465481007,1900.0,"[{""operation_id"":""RandomCrop224"",""parameters"":{""height"":224,""width"":224},""stochastic"":true,""randomness_scope"":""per-image""},{""operation_id"":""Rotate"",""parameters"":{""angle_range"":[-45,45],""interpolation"":""nearest"",""mode"":""constant"",""fill"":0},""stochastic"":true,""randomness_scope"":""per-image""},{""operation_id"":""Normalize"",""parameters"":{""mean"":[0.485,0.456,0.406],""std"":[0.229,0.224,0.225]},""stochastic"":false,""randomness_scope"":""deterministic""},{""operation_id"":""ToTensor"",""parameters"":{""layout"":""CHW"",""dtype"":""float16""},""stochastic"":false,""randomness_scope"":""deterministic""}]",60b32fbdbf44b7786f69a4c18c90c7cc325c53d4978b2694f5ec6090fefdbda3,8192,3.8562411080001766,2124.348496520313,1900.0,50,aa5454b0b50a812ecc4e229d1469267d35bb6809dc6baf2f371929a36f541943,8192,3.860289805999855,2122.120465481007,1900.0,50,c28f8c6fea6a57dd5524cdd4c1bd79ad6470fbf7969738174c482f576b4c6d64,8192,3.8854637450003793,2108.3712363912946,1900.0,50
3f8e2e315710528399b8e82e2359ab85c58c809644595b68a92fb9d83492cc8c,kornia_gpu,0.8.3,R08,RandomCrop224+Affine+Normalize+ToTensor,True,True,2138.10240527015,1900.0,"[{""operation_id"":""RandomCrop224"",""parameters"":{""height"":224,""width"":224},""stochastic"":true,""randomness_scope"":""per-image""},{""operation_id"":""Affine"",""parameters"":{""angle"":25.0,""shift"":[20,20],""scale"":2.0,""shear"":[10.0,15.0],""interpolation"":""bilinear"",""mode"":""constant"",""fill"":0,""reference_size"":512},""stochastic"":true,""randomness_scope"":""per-image""},{""operation_id"":""Normalize"",""parameters"":{""mean"":[0.485,0.456,0.406],""std"":[0.229,0.224,0.225]},""stochastic"":false,""randomness_scope"":""deterministic""},{""operation_id"":""ToTensor"",""parameters"":{""layout"":""CHW"",""dtype"":""float16""},""stochastic"":false,""randomness_scope"":""deterministic""}]",081b5e0010cade1f5b5bd2611b915e0c6b57601905a3cba2c5998da0e71fe565,8192,3.7977900149999186,2157.043956523272,1900.0,50,939c4ed80f40d186b987d98a6e0c3b794f8d9e7f33ad2d17376b7efe01cd36a7,8192,3.831434817999252,2138.10240527015,1900.0,50,8d0621c75866401648dc12b72d2ddd34ba4bd7b79ebb194d29d7e222d4e0c2c3,8192,4.067985767000209,2013.77302409809,1900.0,50
3f8e2e315710528399b8e82e2359ab85c58c809644595b68a92fb9d83492cc8c,kornia_gpu,0.8.3,R10,RandomCrop224+Elastic+Normalize+ToTensor,False,True,270.5790133025312,2156.0,"[{""operation_id"":""RandomCrop224"",""parameters"":{""height"":224,""width"":224},""stochastic"":true,""randomness_scope"":""per-image""},{""operation_id"":""Elastic"",""parameters"":{""alpha"":50.0,""sigma"":5.0,""interpolation"":""bilinear"",""approximate"":false,""same_dxdy"":true},""stochastic"":true,""randomness_scope"":""per-image""},{""operation_id"":""Normalize"",""parameters"":{""mean"":[0.485,0.456,0.406],""std"":[0.229,0.224,0.225]},""stochastic"":false,""randomness_scope"":""deterministic""},{""operation_id"":""ToTensor"",""parameters"":{""layout"":""CHW"",""dtype"":""float16""},""stochastic"":false,""randomness_scope"":""deterministic""}]",a34f3020c7a06f731ca52ecdafdaf873df4823d1c2263ea39b32b4b393b6a3a5,8192,30.850928806999946,265.534955243917,2156.0,50,b5a7e6cb86f4f958a031b38592fb21eef4ed507614be1503927db1dc4506794e,8192,30.275814447000812,270.5790133025312,2156.0,50,5f8eec78ece7fb33b69c0b2f44ac510ef65f379b423513238944774dc6390eff,8192,30.255605549999018,270.7597435609834,2156.0,50
3f8e2e315710528399b8e82e2359ab85c58c809644595b68a92fb9d83492cc8c,kornia_gpu,0.8.3,R11,RandomCrop224+ColorJitter+Normalize+ToTensor,False,True,2047.2871985752802,3328.0,"[{""operation_id"":""RandomCrop224"",""parameters"":{""height"":224,""width"":224},""stochastic"":true,""randomness_scope"":""per-image""},{""operation_id"":""ColorJitter"",""parameters"":{""brightness"":0.5,""contrast"":1.5,""saturation"":1.5,""hue"":0.5},""stochastic"":true,""randomness_scope"":""per-image""},{""operation_id"":""Normalize"",""parameters"":{""mean"":[0.485,0.456,0.406],""std"":[0.229,0.224,0.225]},""stochastic"":false,""randomness_scope"":""deterministic""},{""operation_id"":""ToTensor"",""parameters"":{""layout"":""CHW"",""dtype"":""float16""},""stochastic"":false,""randomness_scope"":""deterministic""}]",3e7456d3b3a8cdb6ee3c80ef6193a512183498b61480117ade57aec226f463ac,8192,5.130040721000114,1596.8684159690158,3328.0,50,47dc04fae3295103b8aaa150f61e161001db0004e6b6bebd5c22f490d5cbfeed,8192,3.9455210019987135,2076.2783915863365,3324.0,50,fa723d9ab03a3608c4158bc329dc0eaf2e054624927b965c6a3727232faa8a22,8192,4.001392674999806,2047.2871985752802,3332.0,50
3f8e2e315710528399b8e82e2359ab85c58c809644595b68a92fb9d83492cc8c,kornia_gpu,0.8.3,R12,RandomCrop224+ChannelShuffle+Normalize+ToTensor,False,True,2119.76034719312,1850.0,"[{""operation_id"":""RandomCrop224"",""parameters"":{""height"":224,""width"":224},""stochastic"":true,""randomness_scope"":""per-image""},{""operation_id"":""ChannelShuffle"",""parameters"":{},""stochastic"":true,""randomness_scope"":""per-image""},{""operation_id"":""Normalize"",""parameters"":{""mean"":[0.485,0.456,0.406],""std"":[0.229,0.224,0.225]},""stochastic"":false,""randomness_scope"":""deterministic""},{""operation_id"":""ToTensor"",""parameters"":{""layout"":""CHW"",""dtype"":""float16""},""stochastic"":false,""randomness_scope"":""deterministic""}]",c3011a8fa7147fcd4f2b73c0fce169a59a01b3774291ef2e25453d486c0757e9,8192,3.864587810998273,2119.76034719312,1850.0,50,e891a982e1cc8139708985b596220b851155b00478fd0ddc848ecd1c172a4e00,8192,3.6711297889996786,2231.465644322039,1850.0,50,7dd9ab34b449a737cb58e54208cd0321a4fa721718a57a4cc20569c2e6a23dfb,8192,3.9370142079988,2080.764652399877,1850.0,50
3f8e2e315710528399b8e82e2359ab85c58c809644595b68a92fb9d83492cc8c,kornia_gpu,0.8.3,R13,RandomCrop224+Grayscale+Normalize+ToTensor,False,True,2112.958928227513,1902.0,"[{""operation_id"":""RandomCrop224"",""parameters"":{""height"":224,""width"":224},""stochastic"":true,""randomness_scope"":""per-image""},{""operation_id"":""Grayscale"",""parameters"":{""num_output_channels"":3},""stochastic"":false,""randomness_scope"":""deterministic""},{""operation_id"":""Normalize"",""parameters"":{""mean"":[0.485,0.456,0.406],""std"":[0.229,0.224,0.225]},""stochastic"":false,""randomness_scope"":""deterministic""},{""operation_id"":""ToTensor"",""parameters"":{""layout"":""CHW"",""dtype"":""float16""},""stochastic"":false,""randomness_scope"":""deterministic""}]",e5f4ee1fb59efe471fcb7b8907d9977f53777f0e78bf77b3c8240d620596e56d,8192,3.8028875809995952,2154.152555266101,1902.0,50,5ca10e9382e85c6a63a47d933d6eabc9cda36d37a06b6cfac8c4c03d2f4b5d94,8192,3.8941636890012887,2103.6609280543494,1902.0,50,ec40cdfac45a6fe4999edcbb2cf2afc65ca6299e64a7cd7b5bfee9977ca2cb25,8192,3.877027561000432,2112.958928227513,1902.0,50
3f8e2e315710528399b8e82e2359ab85c58c809644595b68a92fb9d83492cc8c,kornia_gpu,0.8.3,R14,RandomCrop224+RGBShift+Normalize+ToTensor,False,True,2149.150557017543,1850.0,"[{""operation_id"":""RandomCrop224"",""parameters"":{""height"":224,""width"":224},""stochastic"":true,""randomness_scope"":""per-image""},{""operation_id"":""RGBShift"",""parameters"":{""pixel_shift"":100},""stochastic"":true,""randomness_scope"":""per-image""},{""operation_id"":""Normalize"",""parameters"":{""mean"":[0.485,0.456,0.406],""std"":[0.229,0.224,0.225]},""stochastic"":false,""randomness_scope"":""deterministic""},{""operation_id"":""ToTensor"",""parameters"":{""layout"":""CHW"",""dtype"":""float16""},""stochastic"":false,""randomness_scope"":""deterministic""}]",4e2934510fecac318a1d7c041b58944e34fdfa337f2673b6e4525a5045957e86,8192,3.811738537000565,2149.150557017543,1850.0,50,9295d0b3ec165fbb1267ce1da23c769f0be46131aa223a03a8d080a2145aad70,8192,3.7316256939993764,2195.2898473105456,1850.0,50,f478743c9f82f54d353324cba8d354882ea59cd16153f6a6a55fc3d42e56ca4f,8192,3.9769356939996214,2059.8774107310924,1850.0,50
3f8e2e315710528399b8e82e2359ab85c58c809644595b68a92fb9d83492cc8c,kornia_gpu,0.8.3,R15,RandomCrop224+GaussianBlur+Normalize+ToTensor,True,True,2154.8680226296256,2000.0,"[{""operation_id"":""RandomCrop224"",""parameters"":{""height"":224,""width"":224},""stochastic"":true,""randomness_scope"":""per-image""},{""operation_id"":""GaussianBlur"",""parameters"":{""sigma"":2.0,""kernel_size"":[5,5]},""stochastic"":true,""randomness_scope"":""per-image""},{""operation_id"":""Normalize"",""parameters"":{""mean"":[0.485,0.456,0.406],""std"":[0.229,0.224,0.225]},""stochastic"":false,""randomness_scope"":""deterministic""},{""operation_id"":""ToTensor"",""parameters"":{""layout"":""CHW"",""dtype"":""float16""},""stochastic"":false,""randomness_scope"":""deterministic""}]",6737a63bb4dfbe46fea619271df0393ad9acf7b22dfc759b999eac03a210862a,8192,3.703493349999917,2211.965629693971,2000.0,50,8771efa31a3e80612c4fb7554da55fbef85ec8ab20ddb58a18cc533dab8b66c8,8192,3.918469104999531,2090.612374497969,2000.0,50,a3e9fd05de5cf38f26243173f8d694118c9d917fe2a12e18b372f9eee4064b32,8192,3.8016249320007773,2154.8680226296256,2000.0,50
3f8e2e315710528399b8e82e2359ab85c58c809644595b68a92fb9d83492cc8c,kornia_gpu,0.8.3,R16,RandomCrop224+GaussianNoise+Normalize+ToTensor,False,True,2022.0921156354755,1924.0,"[{""operation_id"":""RandomCrop224"",""parameters"":{""height"":224,""width"":224},""stochastic"":true,""randomness_scope"":""per-image""},{""operation_id"":""GaussianNoise"",""parameters"":{""mean"":0,""std"":0.44,""per_channel"":true},""stochastic"":true,""randomness_scope"":""per-image""},{""operation_id"":""Normalize"",""parameters"":{""mean"":[0.485,0.456,0.406],""std"":[0.229,0.224,0.225]},""stochastic"":false,""randomness_scope"":""deterministic""},{""operation_id"":""ToTensor"",""parameters"":{""layout"":""CHW"",""dtype"":""float16""},""stochastic"":false,""randomness_scope"":""deterministic""}]",cc14c940645d7ecbb8e076f980099ba0f29b775670ff91863971ae23121f30b9,8192,5.17675823799982,1582.4575194311565,1924.0,50,76dab149dc99fb0d029c769a377ae46b7dd8f72719c6530c8f7656abf97e0f0f,8192,3.840410716000406,2133.1051821799815,1924.0,50,53ad9bdf1efdfeaf5e11fa65d7e9b4e8b59e55b9c74c2856de16ff832943b9e5,8192,4.051249661999464,2022.0921156354755,1924.0,50
3f8e2e315710528399b8e82e2359ab85c58c809644595b68a92fb9d83492cc8c,kornia_gpu,0.8.3,R17,RandomCrop224+Invert+Normalize+ToTensor,False,True,2167.1511359226,1850.0,"[{""operation_id"":""RandomCrop224"",""parameters"":{""height"":224,""width"":224},""stochastic"":true,""randomness_scope"":""per-image""},{""operation_id"":""Invert"",""parameters"":{},""stochastic"":false,""randomness_scope"":""deterministic""},{""operation_id"":""Normalize"",""parameters"":{""mean"":[0.485,0.456,0.406],""std"":[0.229,0.224,0.225]},""stochastic"":false,""randomness_scope"":""deterministic""},{""operation_id"":""ToTensor"",""parameters"":{""layout"":""CHW"",""dtype"":""float16""},""stochastic"":false,""randomness_scope"":""deterministic""}]",4c76e0e869ec6ea2a710f984e4d96c8d26822f8bfcdcb6fbcc58aea5fc559c53,8192,3.78007784699912,2167.1511359226,1850.0,50,6a13c749fd6a97fff10b6f75e9aa80c1e2e076f35de45c558af88c2f77461c09,8192,3.7484217990004254,2185.4530891332784,1850.0,50,277e8e56058b3cc86762fa0756d3ee291f3fd822526d75339ecfeec432090987,8192,4.003690219000418,2046.1123493328753,1850.0,50
3f8e2e315710528399b8e82e2359ab85c58c809644595b68a92fb9d83492cc8c,kornia_gpu,0.8.3,R18,RandomCrop224+Posterize+Normalize+ToTensor,False,True,2135.348477261922,1934.0,"[{""operation_id"":""RandomCrop224"",""parameters"":{""height"":224,""width"":224},""stochastic"":true,""randomness_scope"":""per-image""},{""operation_id"":""Posterize"",""parameters"":{""bits"":4},""stochastic"":false,""randomness_scope"":""deterministic""},{""operation_id"":""Normalize"",""parameters"":{""mean"":[0.485,0.456,0.406],""std"":[0.229,0.224,0.225]},""stochastic"":false,""randomness_scope"":""deterministic""},{""operation_id"":""ToTensor"",""parameters"":{""layout"":""CHW"",""dtype"":""float16""},""stochastic"":false,""randomness_scope"":""deterministic""}]",4db7d187c707f7a3c0d8eb9154894a3a4db250ed4196f153ccbcda97abd7dbfa,8192,3.8363761639993754,2135.348477261922,1934.0,50,e9d15b38bb3e0c889b0d0b113a33159f58d4ba61f9e5ad63f3809951fdfd2682,8192,3.7960417569993297,2158.037377985947,1934.0,50,318d4e8b590c1a0ab8e5fc74a64400b7cb288ca730933ac8138ec61e8e0aa80a,8192,5.1227334730010625,1599.1462454908594,1934.0,50
3f8e2e315710528399b8e82e2359ab85c58c809644595b68a92fb9d83492cc8c,kornia_gpu,0.8.3,R19,RandomCrop224+Solarize+Normalize+ToTensor,False,True,2141.942085842181,2184.0,"[{""operation_id"":""RandomCrop224"",""parameters"":{""height"":224,""width"":224},""stochastic"":true,""randomness_scope"":""per-image""},{""operation_id"":""Solarize"",""parameters"":{""threshold"":0.5},""stochastic"":false,""randomness_scope"":""deterministic""},{""operation_id"":""Normalize"",""parameters"":{""mean"":[0.485,0.456,0.406],""std"":[0.229,0.224,0.225]},""stochastic"":false,""randomness_scope"":""deterministic""},{""operation_id"":""ToTensor"",""parameters"":{""layout"":""CHW"",""dtype"":""float16""},""stochastic"":false,""randomness_scope"":""deterministic""}]",1d66239b0c5898d3f0a3da75ee744d0f1b25a58dc795c4e42928ceda9aa256b2,8192,5.110535153999081,1602.9632422329823,2184.0,50,72f29674de11dacf02b0454e53444c942de5c43535fc314773cf730223387bd7,8192,3.79671003400108,2157.6575315568775,2184.0,50,166a3b481aa759eeff4d5e7779c9b60c0321bdbbcc1734ae7e714aaf3fee8d4d,8192,3.824566524999682,2141.942085842181,2184.0,50
3f8e2e315710528399b8e82e2359ab85c58c809644595b68a92fb9d83492cc8c,kornia_gpu,0.8.3,R20,RandomCrop224+Sharpen+Normalize+ToTensor,False,True,2143.6427606029474,2342.0,"[{""operation_id"":""RandomCrop224"",""parameters"":{""height"":224,""width"":224},""stochastic"":true,""randomness_scope"":""per-image""},{""operation_id"":""Sharpen"",""parameters"":{""alpha"":[0.2,0.5],""lightness"":[0.5,1]},""stochastic"":true,""randomness_scope"":""per-image""},{""operation_id"":""Normalize"",""parameters"":{""mean"":[0.485,0.456,0.406],""std"":[0.229,0.224,0.225]},""stochastic"":false,""randomness_scope"":""deterministic""},{""operation_id"":""ToTensor"",""parameters"":{""layout"":""CHW"",""dtype"":""float16""},""stochastic"":false,""randomness_scope"":""deterministic""}]",305575d4cbf76c7663d65b24d8fef435ebe87a29e2148c1fc074ab0286f057c9,8192,3.821532276999278,2143.6427606029474,2342.0,50,305918c2212e61067d0ee8602634cc692f63396e3d408b9f0a25abf69401db86,8192,3.847673226000552,2129.078931298732,2342.0,50,c1dae0a4a052d48e73a18fa123fefe15794d7003ef50ffc17ef8965cde4010d8,8192,3.701930639001148,2212.8993757188164,2342.0,50
3f8e2e315710528399b8e82e2359ab85c58c809644595b68a92fb9d83492cc8c,kornia_gpu,0.8.3,R21,RandomCrop224+AutoContrast+Normalize+ToTensor,False,True,2091.783006567872,1924.0,"[{""operation_id"":""RandomCrop224"",""parameters"":{""height"":224,""width"":224},""stochastic"":true,""randomness_scope"":""per-image""},{""operation_id"":""AutoContrast"",""parameters"":{},""stochastic"":false,""randomness_scope"":""deterministic""},{""operation_id"":""Normalize"",""parameters"":{""mean"":[0.485,0.456,0.406],""std"":[0.229,0.224,0.225]},""stochastic"":false,""randomness_scope"":""deterministic""},{""operation_id"":""ToTensor"",""parameters"":{""layout"":""CHW"",""dtype"":""float16""},""stochastic"":false,""randomness_scope"":""deterministic""}]",bf6fdeb2b4ca145260bf8b96f9c6d10250be0bd82973710b68a46afc043482fb,8192,3.916276197998741,2091.783006567872,1924.0,50,1e21a3e985b4a826d761feea4ed818348caaf04de9601b4cd7a8d1406f345846,8192,3.910554461999709,2094.8436032804725,1924.0,50,79b0c1116eb08772e6864bbf066e92649defd5136f721c062d55c1d56d330a89,8192,3.925091662000341,2087.08501748087,1924.0,50
3f8e2e315710528399b8e82e2359ab85c58c809644595b68a92fb9d83492cc8c,kornia_gpu,0.8.3,R22,RandomCrop224+Equalize+Normalize+ToTensor,True,False,523.134937208808,1934.0,"[{""operation_id"":""RandomCrop224"",""parameters"":{""height"":224,""width"":224},""stochastic"":true,""randomness_scope"":""per-image""},{""operation_id"":""Equalize"",""parameters"":{""mode"":""pil""},""stochastic"":false,""randomness_scope"":""deterministic""},{""operation_id"":""Normalize"",""parameters"":{""mean"":[0.485,0.456,0.406],""std"":[0.229,0.224,0.225]},""stochastic"":false,""randomness_scope"":""deterministic""},{""operation_id"":""ToTensor"",""parameters"":{""layout"":""CHW"",""dtype"":""float16""},""stochastic"":false,""randomness_scope"":""deterministic""}]",6e32e08387f0c21289e86c21aad9de150f58f32ee33461e8b08754453de33757,8192,15.409100791001038,531.6338773502055,1934.0,50,f4bf060c474dc13acbefb88707b9fc2c5fa329b31d693e585dcafb68dfa2021e,8192,15.695049429999926,521.9480216699158,1934.0,50,a6c76aacf07abd1adf3b4ab1151bedc66ee98e366303963d8d173544a4a3154f,8192,15.659439692000888,523.134937208808,1934.0,50
3f8e2e315710528399b8e82e2359ab85c58c809644595b68a92fb9d83492cc8c,kornia_gpu,0.8.3,R24,RandomCrop224+JpegCompression+Normalize+ToTensor,False,True,2151.321899923623,2450.0,"[{""operation_id"":""RandomCrop224"",""parameters"":{""height"":224,""width"":224},""stochastic"":true,""randomness_scope"":""per-image""},{""operation_id"":""JpegCompression"",""parameters"":{""quality"":50},""stochastic"":true,""randomness_scope"":""per-image""},{""operation_id"":""Normalize"",""parameters"":{""mean"":[0.485,0.456,0.406],""std"":[0.229,0.224,0.225]},""stochastic"":false,""randomness_scope"":""deterministic""},{""operation_id"":""ToTensor"",""parameters"":{""layout"":""CHW"",""dtype"":""float16""},""stochastic"":false,""randomness_scope"":""deterministic""}]",173b90ed06c4ffdceda9f90a762d461f0167fab5704d13697b23f093e4648225,8192,3.8078913249992183,2151.321899923623,2450.0,50,9b5b6ce876f2ae68c9cd30f46507598ad1f2b6d9d66fbea2ac716ee30b0fbbf8,8192,3.6765636809996067,2228.167580052009,2450.0,50,ff94f3757cbdefc0ca8dd3194c4a5049c5708a6a67029cc0e02613760b9caf81,8192,4.008394835000217,2043.7108461645735,2450.0,50
3f8e2e315710528399b8e82e2359ab85c58c809644595b68a92fb9d83492cc8c,kornia_gpu,0.8.3,R25,RandomCrop224+RandomGamma+Normalize+ToTensor,False,True,2113.8533309978015,1924.0,"[{""operation_id"":""RandomCrop224"",""parameters"":{""height"":224,""width"":224},""stochastic"":true,""randomness_scope"":""per-image""},{""operation_id"":""RandomGamma"",""parameters"":{""gamma"":120},""stochastic"":true,""randomness_scope"":""per-image""},{""operation_id"":""Normalize"",""parameters"":{""mean"":[0.485,0.456,0.406],""std"":[0.229,0.224,0.225]},""stochastic"":false,""randomness_scope"":""deterministic""},{""operation_id"":""ToTensor"",""parameters"":{""layout"":""CHW"",""dtype"":""float16""},""stochastic"":false,""randomness_scope"":""deterministic""}]",473d530c552e9b7a9ab2ff8342a6f255df776abdf0e35c4079855e3765f8f84b,8192,3.8753871330009133,2113.8533309978015,1924.0,50,d438757b1699a7303573b6c3c62f4a79baaa21983c20165c44fd8a705cae9b40,8192,3.8808665350006777,2110.868777918066,1924.0,50,7c6fdcb8fa1768d7add2b275ca74240ea34f0ba91086da9676b612a4910157c7,8192,3.851811390999501,2126.7915711403175,1924.0,50
3f8e2e315710528399b8e82e2359ab85c58c809644595b68a92fb9d83492cc8c,kornia_gpu,0.8.3,R26,RandomCrop224+PlankianJitter+Normalize+ToTensor,False,True,2124.6455789927254,2172.0,"[{""operation_id"":""RandomCrop224"",""parameters"":{""height"":224,""width"":224},""stochastic"":true,""randomness_scope"":""per-image""},{""operation_id"":""PlankianJitter"",""parameters"":{""mode"":""blackbody""},""stochastic"":true,""randomness_scope"":""per-image""},{""operation_id"":""Normalize"",""parameters"":{""mean"":[0.485,0.456,0.406],""std"":[0.229,0.224,0.225]},""stochastic"":false,""randomness_scope"":""deterministic""},{""operation_id"":""ToTensor"",""parameters"":{""layout"":""CHW"",""dtype"":""float16""},""stochastic"":false,""randomness_scope"":""deterministic""}]",156955a9a378e2713aae8bb267720dff7266e64d7008847fba3152c2c87c70dd,8192,3.93519200099945,2081.728159113816,2172.0,50,7a165a4c5f6133647ca7506dda9ffa090b0504307613d8def2c1d3853872cbbc,8192,3.775877923000735,2169.5616667314607,2172.0,50,df06c693221ee34d275ebbc6fc6954e6f1ad4c46b5c345dd09baff687d96055d,8192,3.855701902000874,2124.6455789927254,2172.0,50
3f8e2e315710528399b8e82e2359ab85c58c809644595b68a92fb9d83492cc8c,kornia_gpu,0.8.3,R27,RandomCrop224+MedianBlur+Normalize+ToTensor,False,True,1014.962919742717,3982.0,"[{""operation_id"":""RandomCrop224"",""parameters"":{""height"":224,""width"":224},""stochastic"":true,""randomness_scope"":""per-image""},{""operation_id"":""MedianBlur"",""parameters"":{""blur_limit"":5},""stochastic"":true,""randomness_scope"":""per-image""},{""operation_id"":""Normalize"",""parameters"":{""mean"":[0.485,0.456,0.406],""std"":[0.229,0.224,0.225]},""stochastic"":false,""randomness_scope"":""deterministic""},{""operation_id"":""ToTensor"",""parameters"":{""layout"":""CHW"",""dtype"":""float16""},""stochastic"":false,""randomness_scope"":""deterministic""}]",8e14eea1069c7c1e48efba0b9b390df6e8cd7665a9c79ecc533804e214278bdf,8192,8.019314512001074,1021.5336968939799,3982.0,50,da9c0a99aeab04316fd4b8bed0713a5d947039fc6f7df395e91cd8ac21cb8e56,8192,8.071230821000427,1014.962919742717,3982.0,50,0c279833b8a3e96fced19567662a7821f94253b7ffc04378150979e521e4fd3b,8192,8.08802024599936,1012.8560204893246,3982.0,50
3f8e2e315710528399b8e82e2359ab85c58c809644595b68a92fb9d83492cc8c,kornia_gpu,0.8.3,R28,RandomCrop224+MotionBlur+Normalize+ToTensor,False,True,2127.1959763079253,1928.0,"[{""operation_id"":""RandomCrop224"",""parameters"":{""height"":224,""width"":224},""stochastic"":true,""randomness_scope"":""per-image""},{""operation_id"":""MotionBlur"",""parameters"":{""kernel_size"":5,""angle_range"":[0,360],""direction_range"":[-1,1]},""stochastic"":true,""randomness_scope"":""per-image""},{""operation_id"":""Normalize"",""parameters"":{""mean"":[0.485,0.456,0.406],""std"":[0.229,0.224,0.225]},""stochastic"":false,""randomness_scope"":""deterministic""},{""operation_id"":""ToTensor"",""parameters"":{""layout"":""CHW"",""dtype"":""float16""},""stochastic"":false,""randomness_scope"":""deterministic""}]",239a58af722a7eb1819ceb6157c6a5d4e65548f37ebba58378279b63a703ad0f,8192,3.807112746999337,2151.761858499387,1928.0,50,d18a2e48cdb5c7688438b5c6986939e96d3212cfb59a29f69fa42cc95ad1e77a,8192,3.8510791160006193,2127.1959763079253,1928.0,50,73fcce3be9353d6dffa6f08a0989cd6b975b5492b54204d7db6531bdf8202562,8192,3.8833656160004466,2109.5103603551756,1928.0,50
3f8e2e315710528399b8e82e2359ab85c58c809644595b68a92fb9d83492cc8c,kornia_gpu,0.8.3,R29,RandomCrop224+CLAHE+Normalize+ToTensor,False,False,104.29330513123095,3406.0,"[{""operation_id"":""RandomCrop224"",""parameters"":{""height"":224,""width"":224},""stochastic"":true,""randomness_scope"":""per-image""},{""operation_id"":""CLAHE"",""parameters"":{""clip_limit"":[1,4],""tile_grid_size"":[8,8]},""stochastic"":true,""randomness_scope"":""per-image""},{""operation_id"":""Normalize"",""parameters"":{""mean"":[0.485,0.456,0.406],""std"":[0.229,0.224,0.225]},""stochastic"":false,""randomness_scope"":""deterministic""},{""operation_id"":""ToTensor"",""parameters"":{""layout"":""CHW"",""dtype"":""float16""},""stochastic"":false,""randomness_scope"":""deterministic""}]",2124bdbee1ce711136452afc5493137c1264425c6e311b72092eeca211c18d42,8192,78.74299011199946,104.03465741329069,3406.0,50,ff14d6b3d83845af80bce446c53220a2f147060895ab5258264ec24fbfd5affe,8192,78.54288818599889,104.2997041387168,3406.0,50,ebddc9b3151117d4c47e4379dacf919fb65f6f6bd9cf4fb11848989e7f987388,8192,78.54770725399976,104.29330513123095,3406.0,50
3f8e2e315710528399b8e82e2359ab85c58c809644595b68a92fb9d83492cc8c,kornia_gpu,0.8.3,R30,RandomCrop224+Brightness+Normalize+ToTensor,True,True,2101.3158733951723,1924.0,"[{""operation_id"":""RandomCrop224"",""parameters"":{""height"":224,""width"":224},""stochastic"":true,""randomness_scope"":""per-image""},{""operation_id"":""Brightness"",""parameters"":{""brightness_limit"":[0.2,0.2]},""stochastic"":true,""randomness_scope"":""per-image""},{""operation_id"":""Normalize"",""parameters"":{""mean"":[0.485,0.456,0.406],""std"":[0.229,0.224,0.225]},""stochastic"":false,""randomness_scope"":""deterministic""},{""operation_id"":""ToTensor"",""parameters"":{""layout"":""CHW"",""dtype"":""float16""},""stochastic"":false,""randomness_scope"":""deterministic""}]",7ed9156283d9a0fe4a9f0125d5b0f3176756b2304d020b9b0d15240607168426,8192,3.96250387299915,2067.379682786182,1924.0,50,cd685dfb98370b3f556823498db6e3a44b33661915365dc99283a14e71315354,8192,3.7765827929997613,2169.1567348092076,1924.0,50,6c0183aeec62908c5c81eebee02db5e9b2f9114a5314715b3fcf7bb706335d11,8192,3.8985095500011084,2101.3158733951723,1924.0,50
3f8e2e315710528399b8e82e2359ab85c58c809644595b68a92fb9d83492cc8c,kornia_gpu,0.8.3,R31,RandomCrop224+Contrast+Normalize+ToTensor,True,True,2092.373754324592,1924.0,"[{""operation_id"":""RandomCrop224"",""parameters"":{""height"":224,""width"":224},""stochastic"":true,""randomness_scope"":""per-image""},{""operation_id"":""Contrast"",""parameters"":{""contrast_limit"":[0.2,0.2]},""stochastic"":true,""randomness_scope"":""per-image""},{""operation_id"":""Normalize"",""parameters"":{""mean"":[0.485,0.456,0.406],""std"":[0.229,0.224,0.225]},""stochastic"":false,""randomness_scope"":""deterministic""},{""operation_id"":""ToTensor"",""parameters"":{""layout"":""CHW"",""dtype"":""float16""},""stochastic"":false,""randomness_scope"":""deterministic""}]",61772471371258e57cfe6758c85dea940bd0a5c068e7430e66c9684a99e618d2,8192,3.991239102999316,2052.495425253756,1924.0,50,902892f6be98161937268713dd5d5b71a96bd3f8ef77294053dfaa766f6e16d5,8192,3.91517050100083,2092.373754324592,1924.0,50,5fdfdd60e88196f33cbd226b92262967c72b84b7cb0df581f094217dcbec5a50,8192,3.8980950160002976,2101.539333026708,1924.0,50
3f8e2e315710528399b8e82e2359ab85c58c809644595b68a92fb9d83492cc8c,kornia_gpu,0.8.3,R32,RandomCrop224+Blur+Normalize+ToTensor,False,True,2147.0268671719846,2000.0,"[{""operation_id"":""RandomCrop224"",""parameters"":{""height"":224,""width"":224},""stochastic"":true,""randomness_scope"":""per-image""},{""operation_id"":""Blur"",""parameters"":{""radius"":5,""border_mode"":""constant""},""stochastic"":true,""randomness_scope"":""per-image""},{""operation_id"":""Normalize"",""parameters"":{""mean"":[0.485,0.456,0.406],""std"":[0.229,0.224,0.225]},""stochastic"":false,""randomness_scope"":""deterministic""},{""operation_id"":""ToTensor"",""parameters"":{""layout"":""CHW"",""dtype"":""float16""},""stochastic"":false,""randomness_scope"":""deterministic""}]",75e47cc04df855de6e985f0c72df34dfcf6b884613ca9bbc8afaf17e0cf125b3,8192,3.815508843999851,2147.0268671719846,2000.0,50,d3481dfb3893fb96eaf6ca8c461b9e2720e451995b6f2aee3c090d4d13b27607,8192,3.8023409209999954,2154.462256331699,2000.0,50,b8f3e516a3de50eb55205fdcc70c2a98035e00c50ef132e435610188df9de83f,8192,4.087375625000277,2004.220006082618,2000.0,50
3f8e2e315710528399b8e82e2359ab85c58c809644595b68a92fb9d83492cc8c,kornia_gpu,0.8.3,R33,RandomCrop224+ChannelDropout+Normalize+ToTensor,False,True,2083.851368727898,1850.0,"[{""operation_id"":""RandomCrop224"",""parameters"":{""height"":224,""width"":224},""stochastic"":true,""randomness_scope"":""per-image""},{""operation_id"":""ChannelDropout"",""parameters"":{},""stochastic"":true,""randomness_scope"":""per-image""},{""operation_id"":""Normalize"",""parameters"":{""mean"":[0.485,0.456,0.406],""std"":[0.229,0.224,0.225]},""stochastic"":false,""randomness_scope"":""deterministic""},{""operation_id"":""ToTensor"",""parameters"":{""layout"":""CHW"",""dtype"":""float16""},""stochastic"":false,""randomness_scope"":""deterministic""}]",33ec5b18ffd1d0113151da904177d4285dfc543eb19b34d9247862d9df2d75e1,8192,3.897997583000688,2101.5918623771386,1850.0,50,61e048f86998a0bf65abba83df0055c22e5254642238a1df098088735158c00b,8192,4.884219636000125,1677.2382510440793,1850.0,50,e43f56b4cb56bfd08dfbb97297244bd1641c2e660d88c58116115f5906865601,8192,3.931182483998782,2083.851368727898,1850.0,50
3f8e2e315710528399b8e82e2359ab85c58c809644595b68a92fb9d83492cc8c,kornia_gpu,0.8.3,R36,RandomCrop224+GaussianIllumination+Normalize+ToTensor,False,False,247.38305812335685,1850.0,"[{""operation_id"":""RandomCrop224"",""parameters"":{""height"":224,""width"":224},""stochastic"":true,""randomness_scope"":""per-image""},{""operation_id"":""GaussianIllumination"",""parameters"":{""gain"":[0.01,0.2]},""stochastic"":true,""randomness_scope"":""per-image""},{""operation_id"":""Normalize"",""parameters"":{""mean"":[0.485,0.456,0.406],""std"":[0.229,0.224,0.225]},""stochastic"":false,""randomness_scope"":""deterministic""},{""operation_id"":""ToTensor"",""parameters"":{""layout"":""CHW"",""dtype"":""float16""},""stochastic"":false,""randomness_scope"":""deterministic""}]",30e8946c8e2e19aa221c17b932a29a9cbbbc28f17f8bdc490241b11bd8ff4dc7,8192,33.41879644100118,245.13150898364847,1850.0,50,e25d9b29532d084ecc1a9c1e19a8792b102ebe04a93d19317638a3d71d6c4af1,8192,32.89759456899992,249.01516683288114,1850.0,50,b166b37dc5fa1454684202b7a705eacfb3001f8422695c11f330f3ac4be024e6,8192,33.114636313999654,247.38305812335685,1850.0,50
3f8e2e315710528399b8e82e2359ab85c58c809644595b68a92fb9d83492cc8c,kornia_gpu,0.8.3,R37,RandomCrop224+Hue+Normalize+ToTensor,False,True,2100.488789843993,3262.0,"[{""operation_id"":""RandomCrop224"",""parameters"":{""height"":224,""width"":224},""stochastic"":true,""randomness_scope"":""per-image""},{""operation_id"":""Hue"",""parameters"":{""hue"":20},""stochastic"":true,""randomness_scope"":""per-image""},{""operation_id"":""Normalize"",""parameters"":{""mean"":[0.485,0.456,0.406],""std"":[0.229,0.224,0.225]},""stochastic"":false,""randomness_scope"":""deterministic""},{""operation_id"":""ToTensor"",""parameters"":{""layout"":""CHW"",""dtype"":""float16""},""stochastic"":false,""randomness_scope"":""deterministic""}]",510292790ec143d95939102dd9a96f9045f64870c7a3e95708d2a5c554a32828,8192,4.066559524000695,2014.4793041024227,3262.0,50,e4c4a427f5766d094c89e78cccfcaa0134fd9bb2b0caee7f02afa58ff4fd974c,8192,3.668930715000897,2232.8031343044854,3262.0,50,659d90856976a61233c7eb2cf2d1de99dd34961947f175d6a456e188607e7cf4,8192,3.9000446179998107,2100.488789843993,3262.0,50
3f8e2e315710528399b8e82e2359ab85c58c809644595b68a92fb9d83492cc8c,kornia_gpu,0.8.3,R38,RandomCrop224+PlasmaBrightness+Normalize+ToTensor,False,True,2083.4316999460807,3082.0,"[{""operation_id"":""RandomCrop224"",""parameters"":{""height"":224,""width"":224},""stochastic"":true,""randomness_scope"":""per-image""},{""operation_id"":""PlasmaBrightness"",""parameters"":{""roughness"":0.5},""stochastic"":true,""randomness_scope"":""per-image""},{""operation_id"":""Normalize"",""parameters"":{""mean"":[0.485,0.456,0.406],""std"":[0.229,0.224,0.225]},""stochastic"":false,""randomness_scope"":""deterministic""},{""operation_id"":""ToTensor"",""parameters"":{""layout"":""CHW"",""dtype"":""float16""},""stochastic"":false,""randomness_scope"":""deterministic""}]",2bf397d328427b4e42ce7e2ceef8f9b24651ca871fd6be783f86a71867a1f6c3,8192,3.9573406420004176,2070.0770393773787,3082.0,50,9a063c7ee2b49e3ed4755c53659f9e6ccb1935f18b2a803b02c968b24f248609,8192,3.9319743480009492,2083.4316999460807,3082.0,50,9e99429965048a1a718684e98ee0abf5346597be58bdb0edd089cd0bdd187adc,8192,3.8889217830001144,2106.4964679439427,3082.0,50
3f8e2e315710528399b8e82e2359ab85c58c809644595b68a92fb9d83492cc8c,kornia_gpu,0.8.3,R39,RandomCrop224+PlasmaContrast+Normalize+ToTensor,False,True,2103.494505095815,3082.0,"[{""operation_id"":""RandomCrop224"",""parameters"":{""height"":224,""width"":224},""stochastic"":true,""randomness_scope"":""per-image""},{""operation_id"":""PlasmaContrast"",""parameters"":{""roughness"":0.5},""stochastic"":true,""randomness_scope"":""per-image""},{""operation_id"":""Normalize"",""parameters"":{""mean"":[0.485,0.456,0.406],""std"":[0.229,0.224,0.225]},""stochastic"":false,""randomness_scope"":""deterministic""},{""operation_id"":""ToTensor"",""parameters"":{""layout"":""CHW"",""dtype"":""float16""},""stochastic"":false,""randomness_scope"":""deterministic""}]",1a4615bd5832408ee8f5b4fcab3199a2098679425c6b58092d53209d293a6710,8192,3.7976556490011717,2157.1202755454124,3082.0,50,214f3ab78635637b124b23c2e00404f5b34366e5244caa7b9e8c47caba32d659,8192,3.89447178500086,2103.494505095815,3082.0,50,822a58ae8bb54d9a38c779e91c614556ec9b32914519153a5f304fa749f0331a,8192,3.917807507999896,2090.965414526491,3082.0,50
3f8e2e315710528399b8e82e2359ab85c58c809644595b68a92fb9d83492cc8c,kornia_gpu,0.8.3,R40,RandomCrop224+PlasmaShadow+Normalize+ToTensor,False,True,2122.5456866838617,2296.0,"[{""operation_id"":""RandomCrop224"",""parameters"":{""height"":224,""width"":224},""stochastic"":true,""randomness_scope"":""per-image""},{""operation_id"":""PlasmaShadow"",""parameters"":{""roughness"":0.5},""stochastic"":true,""randomness_scope"":""per-image""},{""operation_id"":""Normalize"",""parameters"":{""mean"":[0.485,0.456,0.406],""std"":[0.229,0.224,0.225]},""stochastic"":false,""randomness_scope"":""deterministic""},{""operation_id"":""ToTensor"",""parameters"":{""layout"":""CHW"",""dtype"":""float16""},""stochastic"":false,""randomness_scope"":""deterministic""}]",303f1a04aa24b3c3949b55803646091ac1ae66ff0fa58e5681c84c93c445bc5b,8192,3.784830496999348,2164.4298222852253,2296.0,50,27cd8bc582b38b162f8c460a5ca684c5d3cec21534371faba2b8e5255a5869ae,8192,3.859516452999742,2122.5456866838617,2296.0,50,660b2d91dd3bd6ed52aa3f2924a37c84c18245e5c921f51c348420f96700399c,8192,3.8632977810011653,2120.4681762525333,2296.0,50
3f8e2e315710528399b8e82e2359ab85c58c809644595b68a92fb9d83492cc8c,kornia_gpu,0.8.3,R41,RandomCrop224+Rain+Normalize+ToTensor,False,False,517.0811919894104,1850.0,"[{""operation_id"":""RandomCrop224"",""parameters"":{""height"":224,""width"":224},""stochastic"":true,""randomness_scope"":""per-image""},{""operation_id"":""Rain"",""parameters"":{""drop_width"":5,""drop_height"":20,""brightness_coefficient"":1.0},""stochastic"":true,""randomness_scope"":""per-image""},{""operation_id"":""Normalize"",""parameters"":{""mean"":[0.485,0.456,0.406],""std"":[0.229,0.224,0.225]},""stochastic"":false,""randomness_scope"":""deterministic""},{""operation_id"":""ToTensor"",""parameters"":{""layout"":""CHW"",""dtype"":""float16""},""stochastic"":false,""randomness_scope"":""deterministic""}]",387f4428e9a4bcd0c0159ff21b350883d6886296d1363f10c75a2bc47b38046f,8192,15.773990901001525,519.3359151411627,1850.0,50,7a6adbaf8a85108040a944d7e28617ad837b27740d98e7669e2bbad69363c03b,8192,15.865911951999806,516.3270806483611,1850.0,50,92058cdc711050a94514d5bf0da76d8b5817ec672d9adff5aa261d87b8ea6c08,8192,15.842773102000137,517.0811919894104,1850.0,50
3f8e2e315710528399b8e82e2359ab85c58c809644595b68a92fb9d83492cc8c,kornia_gpu,0.8.3,R42,RandomCrop224+SaltAndPepper+Normalize+ToTensor,False,False,436.75599621363807,1888.0,"[{""operation_id"":""RandomCrop224"",""parameters"":{""height"":224,""width"":224},""stochastic"":true,""randomness_scope"":""per-image""},{""operation_id"":""SaltAndPepper"",""parameters"":{""amount"":[0.01,0.06],""salt_vs_pepper"":[0.4,0.6]},""stochastic"":true,""randomness_scope"":""per-image""},{""operation_id"":""Normalize"",""parameters"":{""mean"":[0.485,0.456,0.406],""std"":[0.229,0.224,0.225]},""stochastic"":false,""randomness_scope"":""deterministic""},{""operation_id"":""ToTensor"",""parameters"":{""layout"":""CHW"",""dtype"":""float16""},""stochastic"":false,""randomness_scope"":""deterministic""}]",461fa6c1c31b879f2491134a040ba67eb912cdef7bb9457b6309d43731ee501f,8192,18.72489662100088,437.49240200409304,1888.0,50,a186e6bb3654be263968ff5f5ac569306ba8d78e1a0b07b7489fa541a50f5cc7,8192,18.756468305000453,436.75599621363807,1888.0,50,ec3c1157f80603397397c600bfa3190e0ba418a7d65b11ff5199e9b31ef3eeb4,8192,18.842411563000496,434.7638821394841,1888.0,50
3f8e2e315710528399b8e82e2359ab85c58c809644595b68a92fb9d83492cc8c,kornia_gpu,0.8.3,R43,RandomCrop224+Saturation+Normalize+ToTensor,False,True,2082.5526816684287,3262.0,"[{""operation_id"":""RandomCrop224"",""parameters"":{""height"":224,""width"":224},""stochastic"":true,""randomness_scope"":""per-image""},{""operation_id"":""Saturation"",""parameters"":{""saturation_factor"":0.5},""stochastic"":true,""randomness_scope"":""per-image""},{""operation_id"":""Normalize"",""parameters"":{""mean"":[0.485,0.456,0.406],""std"":[0.229,0.224,0.225]},""stochastic"":false,""randomness_scope"":""deterministic""},{""operation_id"":""ToTensor"",""parameters"":{""layout"":""CHW"",""dtype"":""float16""},""stochastic"":false,""randomness_scope"":""deterministic""}]",7cdd8d463810c8920423dbc730426ee7f93b6ce13d9ef9b103b5c67625e24d0a,8192,3.902258243000688,2099.297250430219,3262.0,50,f39eb768b19af8762d03e8e897200be82c6cb5f99302b362d20ad19cf519851c,8192,3.933633983000618,2082.5526816684287,3262.0,50,84a37145651b5083b85f7ffefa6d7d1bfc0bfb8c018c5122ca71ad5c0b2331f2,8192,4.084473241999149,2005.644183383221,3262.0,50
3f8e2e315710528399b8e82e2359ab85c58c809644595b68a92fb9d83492cc8c,kornia_gpu,0.8.3,R44,RandomCrop224+Snow+Normalize+ToTensor,False,True,2059.429179622998,2484.0,"[{""operation_id"":""RandomCrop224"",""parameters"":{""height"":224,""width"":224},""stochastic"":true,""randomness_scope"":""per-image""},{""operation_id"":""Snow"",""parameters"":{""snow_point_range"":[0.5,0.5]},""stochastic"":true,""randomness_scope"":""per-image""},{""operation_id"":""Normalize"",""parameters"":{""mean"":[0.485,0.456,0.406],""std"":[0.229,0.224,0.225]},""stochastic"":false,""randomness_scope"":""deterministic""},{""operation_id"":""ToTensor"",""parameters"":{""layout"":""CHW"",""dtype"":""float16""},""stochastic"":false,""randomness_scope"":""deterministic""}]",03e50ec319a721cf75b7cef7a4ec441409d9f9e1f3d6cf371a47749c2ec364dc,8192,5.049681597998642,1622.280502447276,2484.0,50,abf4966e5993ac2feeca7c2441e42aad030f394eb167bb99697dca5fc98cc126,8192,3.9245971890013607,2087.347976235112,2484.0,50,253c228dd7b7e201ed5b055b042dd49f8867affe01daf46264cc8ec16198686b,8192,3.9778012669994496,2059.429179622998,2484.0,50
3f8e2e315710528399b8e82e2359ab85c58c809644595b68a92fb9d83492cc8c,kornia_gpu,0.8.3,R45,RandomCrop224+OpticalDistortion+Normalize+ToTensor,False,True,2100.0282088497092,2004.0,"[{""operation_id"":""RandomCrop224"",""parameters"":{""height"":224,""width"":224},""stochastic"":true,""randomness_scope"":""per-image""},{""operation_id"":""OpticalDistortion"",""parameters"":{""distort_limit"":0.5,""mode"":""fisheye""},""stochastic"":true,""randomness_scope"":""per-image""},{""operation_id"":""Normalize"",""parameters"":{""mean"":[0.485,0.456,0.406],""std"":[0.229,0.224,0.225]},""stochastic"":false,""randomness_scope"":""deterministic""},{""operation_id"":""ToTensor"",""parameters"":{""layout"":""CHW"",""dtype"":""float16""},""stochastic"":false,""randomness_scope"":""deterministic""}]",d9cf4892a39e45781b0d7dc3cca19d16c78fca4a24e1de3b88d705df697f7bde,8192,3.940108593998957,2079.130512412006,2004.0,50,6da62f5784bfce9555fd45d39d95fd92e57143d8f8e2bd89291fc7ce7072a4ba,8192,3.849307772999964,2128.174851972294,2004.0,50,368a0c58236f584922cf4757b91eba8c7927274eb47790ae06c80b9b5fa7e36b,8192,3.900899980999384,2100.0282088497092,2004.0,50
3f8e2e315710528399b8e82e2359ab85c58c809644595b68a92fb9d83492cc8c,kornia_gpu,0.8.3,R47,RandomCrop224+ThinPlateSpline+Normalize+ToTensor,False,True,2121.0408405894686,2594.0,"[{""operation_id"":""RandomCrop224"",""parameters"":{""height"":224,""width"":224},""stochastic"":true,""randomness_scope"":""per-image""},{""operation_id"":""ThinPlateSpline"",""parameters"":{""num_control_points"":2,""distortion_scale"":0.5},""stochastic"":true,""randomness_scope"":""per-image""},{""operation_id"":""Normalize"",""parameters"":{""mean"":[0.485,0.456,0.406],""std"":[0.229,0.224,0.225]},""stochastic"":false,""randomness_scope"":""deterministic""},{""operation_id"":""ToTensor"",""parameters"":{""layout"":""CHW"",""dtype"":""float16""},""stochastic"":false,""randomness_scope"":""deterministic""}]",5acb35ef2378cfb3e32c1fac909464c371c1237669f1c35975fb34bdad835844,8192,3.862254720999772,2121.0408405894686,2594.0,50,7e48968eae05ca98dbf65e8116b5c826b2cdb0b4f570d8f3bc338e92b74b871f,8192,3.7663271199999144,2175.0633280096463,2594.0,50,6eb3d66838d84fdd2807d8c3d00d2912457c3bd6df9094cf76080a41c8fbff08,8192,3.906265961000827,2097.1434310379427,2594.0,50
3f8e2e315710528399b8e82e2359ab85c58c809644595b68a92fb9d83492cc8c,kornia_gpu,0.8.3,R49,RandomCrop224+ColorJiggle+Normalize+ToTensor,False,True,2105.838838448558,3332.0,"[{""operation_id"":""RandomCrop224"",""parameters"":{""height"":224,""width"":224},""stochastic"":true,""randomness_scope"":""per-image""},{""operation_id"":""ColorJiggle"",""parameters"":{""brightness"":[0.875,1.125],""contrast"":[0.5,1.5],""saturation"":[0.5,1.5],""hue"":[-0.05,0.05]},""stochastic"":true,""randomness_scope"":""per-image""},{""operation_id"":""Normalize"",""parameters"":{""mean"":[0.485,0.456,0.406],""std"":[0.229,0.224,0.225]},""stochastic"":false,""randomness_scope"":""deterministic""},{""operation_id"":""ToTensor"",""parameters"":{""layout"":""CHW"",""dtype"":""float16""},""stochastic"":false,""randomness_scope"":""deterministic""}]",4f4d3c9e9b59643d47d7cad50d367c6afad699016513d6841040ad381699b831,8192,3.8265638220000255,2140.8240868483144,3332.0,50,e50c62dbbf45765d04d6382fe3478d1aed9ad558036598b3a5c8648b5de31bcb,8192,3.9121445919990947,2093.9921333055618,3328.0,50,cd21a6ad7bff6bd74ef6c54290f2396b61f254adba8c952d9c0f5125b958774b,8192,3.8901362489996245,2105.838838448558,3332.0,50
3f8e2e315710528399b8e82e2359ab85c58c809644595b68a92fb9d83492cc8c,kornia_gpu,0.8.3,R50,LongestMaxSize+RandomCrop224+Normalize+ToTensor,False,False,1065.9304702674415,1776.0,"[{""operation_id"":""LongestMaxSize"",""parameters"":{""max_size"":512,""interpolation"":""bilinear""},""stochastic"":true,""randomness_scope"":""per-image""},{""operation_id"":""RandomCrop224"",""parameters"":{""height"":224,""width"":224},""stochastic"":true,""randomness_scope"":""per-image""},{""operation_id"":""Normalize"",""parameters"":{""mean"":[0.485,0.456,0.406],""std"":[0.229,0.224,0.225]},""stochastic"":false,""randomness_scope"":""deterministic""},{""operation_id"":""ToTensor"",""parameters"":{""layout"":""CHW"",""dtype"":""float16""},""stochastic"":false,""randomness_scope"":""deterministic""}]",fb0ae15c27eec2f595dea0a424bbbf3563f409bbb8bc00c2f0e4b6566e715138,8192,7.685304275000817,1065.9304702674415,1776.0,50,e21ac9b9b145d96a70161bba80ea79f0431987157e2496f29573c75268b16db9,8192,7.5216462049993424,1089.123281889422,1776.0,50,e5117c8dc8e7369394986a0e681b1e181a46eef70fb97cb95b88227a3bfd8b39,8192,7.70021136700052,1063.8669004732849,1776.0,50
3f8e2e315710528399b8e82e2359ab85c58c809644595b68a92fb9d83492cc8c,kornia_gpu,0.8.3,R51,SmallestMaxSize+RandomCrop224+Normalize+ToTensor,False,False,834.17694406981,1776.0,"[{""operation_id"":""SmallestMaxSize"",""parameters"":{""max_size"":512,""interpolation"":""bilinear""},""stochastic"":true,""randomness_scope"":""per-image""},{""operation_id"":""RandomCrop224"",""parameters"":{""height"":224,""width"":224},""stochastic"":true,""randomness_scope"":""per-image""},{""operation_id"":""Normalize"",""parameters"":{""mean"":[0.485,0.456,0.406],""std"":[0.229,0.224,0.225]},""stochastic"":false,""randomness_scope"":""deterministic""},{""operation_id"":""ToTensor"",""parameters"":{""layout"":""CHW"",""dtype"":""float16""},""stochastic"":false,""randomness_scope"":""deterministic""}]",85ba2ce111bb586f5051a26abd0ebdb1a602e2e543696f91b428b2c01231ac07,8192,9.729540006999741,841.9719734033073,1776.0,50,f0e339ecddd90e5534b1fcfcff886dcd744e9c27c59d5eed65c7a67d8ee9ed68,8192,9.827133368000432,833.6103412084719,1776.0,50,03e995a33d131ed90b74aa4b813531343a8aa3eeae93e18c2e072467dee7183b,8192,9.82045842700063,834.17694406981,1776.0,50
3f8e2e315710528399b8e82e2359ab85c58c809644595b68a92fb9d83492cc8c,kornia_gpu,0.8.3,R53,RandomCrop224+RandomRotate90+Normalize+ToTensor,False,True,2106.036272704348,1900.0,"[{""operation_id"":""RandomCrop224"",""parameters"":{""height"":224,""width"":224},""stochastic"":true,""randomness_scope"":""per-image""},{""operation_id"":""RandomRotate90"",""parameters"":{""times"":[0,3]},""stochastic"":true,""randomness_scope"":""per-image""},{""operation_id"":""Normalize"",""parameters"":{""mean"":[0.485,0.456,0.406],""std"":[0.229,0.224,0.225]},""stochastic"":false,""randomness_scope"":""deterministic""},{""operation_id"":""ToTensor"",""parameters"":{""layout"":""CHW"",""dtype"":""float16""},""stochastic"":false,""randomness_scope"":""deterministic""}]",054eaf42f26eb8972d20ed76808eed7727d39f847e5255462990b24d5daa0cf1,8192,3.9568260300002294,2070.3462669041137,1900.0,50,dc71e3a02846857371a3758063f28a70b431fa048e7df183672df1d40ada3dd0,8192,3.8897715610000887,2106.036272704348,1900.0,50,74831303f8f009d7d81ee9484533d42cea7bf32f57f7bd0acf81420791e57974,8192,3.811404937001498,2149.338665244212,1900.0,50
3f8e2e315710528399b8e82e2359ab85c58c809644595b68a92fb9d83492cc8c,kornia_gpu,0.8.3,R54,RandomCrop224+RandomJigsaw+Normalize+ToTensor,False,True,2117.3329689944735,1998.0,"[{""operation_id"":""RandomCrop224"",""parameters"":{""height"":224,""width"":224},""stochastic"":true,""randomness_scope"":""per-image""},{""operation_id"":""RandomJigsaw"",""parameters"":{""grid"":[4,4]},""stochastic"":true,""randomness_scope"":""per-image""},{""operation_id"":""Normalize"",""parameters"":{""mean"":[0.485,0.456,0.406],""std"":[0.229,0.224,0.225]},""stochastic"":false,""randomness_scope"":""deterministic""},{""operation_id"":""ToTensor"",""parameters"":{""layout"":""CHW"",""dtype"":""float16""},""stochastic"":false,""randomness_scope"":""deterministic""}]",8328287445b2d4adc086bf4a7d5d9654bd33a926332832dad0e1c420a9b94633,8192,3.789229816999068,2161.9169054485496,1998.0,50,0c0777f141b0dc49ed1688c1c4aaefd430bb92e9374b5525abb830de95c774c2,8192,4.892105090999394,1674.5347550018555,1998.0,50,e41920922aebaae5b02c21d78736a98a5c41341e6c6961007809a1d2f67ad645,8192,3.8690182980008103,2117.3329689944735,1998.0,50
3f8e2e315710528399b8e82e2359ab85c58c809644595b68a92fb9d83492cc8c,dali_gpu,2.2.0,R01,Resize224+Normalize+ToTensor,True,True,5069.812374672116,1766.0,"[{""operation_id"":""Resize"",""parameters"":{""target_size"":224,""interpolation"":""bilinear""},""stochastic"":false,""randomness_scope"":""deterministic""},{""operation_id"":""Normalize"",""parameters"":{""mean"":[0.485,0.456,0.406],""std"":[0.229,0.224,0.225]},""stochastic"":false,""randomness_scope"":""deterministic""},{""operation_id"":""ToTensor"",""parameters"":{""layout"":""CHW"",""dtype"":""float16""},""stochastic"":false,""randomness_scope"":""deterministic""}]",199531ea13b848930d944128f9f6c091678fb27f60008e7e4ef73bea1531f9b2,8192,1.6351392039996426,5009.97100428019,1766.0,50,50d1acf412015e3078e6efb0b9d1a8fb5decddf8a2526020236119e7355d9a62,8192,1.613836844000616,5076.101732621537,1766.0,50,67ef40274671ebc04fb766425b2d4ce208ed3774bafa21d59106c8400968c00f,8192,1.6158388900003047,5069.812374672116,1958.0,50
3f8e2e315710528399b8e82e2359ab85c58c809644595b68a92fb9d83492cc8c,dali_gpu,2.2.0,R02,RandomCrop224+Normalize+ToTensor,True,True,5029.345330593356,1958.0,"[{""operation_id"":""RandomCrop224"",""parameters"":{""height"":224,""width"":224},""stochastic"":true,""randomness_scope"":""per-image""},{""operation_id"":""Normalize"",""parameters"":{""mean"":[0.485,0.456,0.406],""std"":[0.229,0.224,0.225]},""stochastic"":false,""randomness_scope"":""deterministic""},{""operation_id"":""ToTensor"",""parameters"":{""layout"":""CHW"",""dtype"":""float16""},""stochastic"":false,""randomness_scope"":""deterministic""}]",66535d641502a82a1ff6109be164daa36ab67069baf4f273e765e4b1ea3779b3,8192,1.6288402289992518,5029.345330593356,1958.0,50,293eadced89e79002bb4b2344d3af483207fb1098baf474ce7076a26e7e4684e,8192,1.6302488290002657,5024.9997756622615,1958.0,50,838d2fdf5186ae14ab3c764c76dc31a581e12316df6f63c1d77eb9366e46ba55,8192,1.6265657839994674,5036.377920023112,2022.0,50
3f8e2e315710528399b8e82e2359ab85c58c809644595b68a92fb9d83492cc8c,dali_gpu,2.2.0,R03,RandomResizedCrop+Normalize+ToTensor,True,True,5090.525004379963,2022.0,"[{""operation_id"":""RandomResizedCrop"",""parameters"":{""size"":[224,224],""width"":224,""scale"":[0.08,1.0],""ratio"":[0.75,1.3333333333333333],""interpolation"":""bilinear""},""stochastic"":true,""randomness_scope"":""per-image""},{""operation_id"":""Normalize"",""parameters"":{""mean"":[0.485,0.456,0.406],""std"":[0.229,0.224,0.225]},""stochastic"":false,""randomness_scope"":""deterministic""},{""operation_id"":""ToTensor"",""parameters"":{""layout"":""CHW"",""dtype"":""float16""},""stochastic"":false,""randomness_scope"":""deterministic""}]",8643774304b4a2ae6cd81652698da90ebf2dfaae5bbf0704e3616a43aa25f440,8192,1.6138073149995762,5076.194613730668,2022.0,50,c241114a0e26821756ee996ab0c522a2378763f7861044dfd7c971dc74e18a3b,8192,1.5998326539993286,5120.535563217375,2022.0,50,b8dd695c02abd67dedb07a34482e1177ebbdc210574f3fa2dace5a6bb87e398c,8192,1.6092642690000503,5090.525004379963,2022.0,50
3f8e2e315710528399b8e82e2359ab85c58c809644595b68a92fb9d83492cc8c,dali_gpu,2.2.0,R04,RandomCrop224+HorizontalFlip+Normalize+ToTensor,True,True,4990.331105553971,2022.0,"[{""operation_id"":""RandomCrop224"",""parameters"":{""height"":224,""width"":224},""stochastic"":true,""randomness_scope"":""per-image""},{""operation_id"":""HorizontalFlip"",""parameters"":{},""stochastic"":false,""randomness_scope"":""deterministic""},{""operation_id"":""Normalize"",""parameters"":{""mean"":[0.485,0.456,0.406],""std"":[0.229,0.224,0.225]},""stochastic"":false,""randomness_scope"":""deterministic""},{""operation_id"":""ToTensor"",""parameters"":{""layout"":""CHW"",""dtype"":""float16""},""stochastic"":false,""randomness_scope"":""deterministic""}]",3bc19cd8513d4dbda4d6d7dbaef6ec432adb061438f8a699e0d8fae60bb4e63c,8192,1.6433619420004106,4984.903076207392,2022.0,50,5dec48aee6b9dbb442fbbe6e13c7b58fd6e4bdeced3f65e2fb11d158f97e7622,8192,1.6415744420010014,4990.331105553971,2022.0,50,3f95f1607a5e15f93cd8d674df696306f44cc7a0edbbe1b562f0e522bf31ed04,8192,1.624155060000703,5043.853386755113,2022.0,50
3f8e2e315710528399b8e82e2359ab85c58c809644595b68a92fb9d83492cc8c,dali_gpu,2.2.0,R05,RandomCrop224+VerticalFlip+Normalize+ToTensor,True,True,4992.08372036558,2022.0,"[{""operation_id"":""RandomCrop224"",""parameters"":{""height"":224,""width"":224},""stochastic"":true,""randomness_scope"":""per-image""},{""operation_id"":""VerticalFlip"",""parameters"":{},""stochastic"":false,""randomness_scope"":""deterministic""},{""operation_id"":""Normalize"",""parameters"":{""mean"":[0.485,0.456,0.406],""std"":[0.229,0.224,0.225]},""stochastic"":false,""randomness_scope"":""deterministic""},{""operation_id"":""ToTensor"",""parameters"":{""layout"":""CHW"",""dtype"":""float16""},""stochastic"":false,""randomness_scope"":""deterministic""}]",e433daf7b1592cbff1f66b7ac4dcb07c191c80edce0af78d2aa54f1290a2a112,8192,1.648463682999136,4969.4755695775275,2022.0,50,2c0c5fb3d1b0732c6d80054d4e7d83cb28fc6b787695cabaa11fc69dd2b35861,8192,1.6250115200000437,5041.195031035706,2022.0,50,9ea18c98793ae486a9c5d4a17d969616b8ef2edfcacbfa85467faab7740d9836,8192,1.6409981199994945,4992.08372036558,2022.0,50
3f8e2e315710528399b8e82e2359ab85c58c809644595b68a92fb9d83492cc8c,dali_gpu,2.2.0,R06,Pad+RandomCrop224+Normalize+ToTensor,False,True,4993.39509513815,2086.0,"[{""operation_id"":""Pad"",""parameters"":{""padding"":10,""fill"":0,""border_mode"":""constant""},""stochastic"":false,""randomness_scope"":""deterministic""},{""operation_id"":""RandomCrop224"",""parameters"":{""height"":224,""width"":224},""stochastic"":true,""randomness_scope"":""per-image""},{""operation_id"":""Normalize"",""parameters"":{""mean"":[0.485,0.456,0.406],""std"":[0.229,0.224,0.225]},""stochastic"":false,""randomness_scope"":""deterministic""},{""operation_id"":""ToTensor"",""parameters"":{""layout"":""CHW"",""dtype"":""float16""},""stochastic"":false,""randomness_scope"":""deterministic""}]",745e3737fa0be83618f1afe5feff03bfd42bfaa50bd57770cc6798cbd80d43fe,8192,1.6399745250000706,4995.19954433417,2086.0,50,d49f34e899afdd31d947e31b30de7f604dc4fcca227aa81bbebd775231042ba0,8192,1.647627714999544,4971.996965954331,2086.0,50,e2805bdf6946329ade967c370bef303d72d21a9f396e98ea5d541f6d370e4e97,8192,1.6405671579996124,4993.39509513815,2086.0,50
3f8e2e315710528399b8e82e2359ab85c58c809644595b68a92fb9d83492cc8c,dali_gpu,2.2.0,R07,RandomCrop224+Rotate+Normalize+ToTensor,True,True,5024.638244938204,2086.0,"[{""operation_id"":""RandomCrop224"",""parameters"":{""height"":224,""width"":224},""stochastic"":true,""randomness_scope"":""per-image""},{""operation_id"":""Rotate"",""parameters"":{""angle_range"":[-45,45],""interpolation"":""nearest"",""mode"":""constant"",""fill"":0},""stochastic"":true,""randomness_scope"":""per-image""},{""operation_id"":""Normalize"",""parameters"":{""mean"":[0.485,0.456,0.406],""std"":[0.229,0.224,0.225]},""stochastic"":false,""randomness_scope"":""deterministic""},{""operation_id"":""ToTensor"",""parameters"":{""layout"":""CHW"",""dtype"":""float16""},""stochastic"":false,""randomness_scope"":""deterministic""}]",2848b8f0d497f5922134fa4d3308124b022aade52545823e93b50d4ea766bf2d,8192,1.6323296770005982,5018.594047161343,2086.0,50,5c09720f65b3c4d6a20bffa9129b3099d7f1d221f91e6ed2f569242bb7306143,8192,1.6303661279998778,5024.638244938204,2086.0,50,53295e1ff37c70d960247cd27edf41232db9061dba40a4f802536cb720c7fd26,8192,1.6269511760001478,5035.184903421623,2086.0,50
3f8e2e315710528399b8e82e2359ab85c58c809644595b68a92fb9d83492cc8c,dali_gpu,2.2.0,R08,RandomCrop224+Affine+Normalize+ToTensor,True,True,5030.708112920463,2086.0,"[{""operation_id"":""RandomCrop224"",""parameters"":{""height"":224,""width"":224},""stochastic"":true,""randomness_scope"":""per-image""},{""operation_id"":""Affine"",""parameters"":{""angle"":25.0,""shift"":[20,20],""scale"":2.0,""shear"":[10.0,15.0],""interpolation"":""bilinear"",""mode"":""constant"",""fill"":0,""reference_size"":512},""stochastic"":true,""randomness_scope"":""per-image""},{""operation_id"":""Normalize"",""parameters"":{""mean"":[0.485,0.456,0.406],""std"":[0.229,0.224,0.225]},""stochastic"":false,""randomness_scope"":""deterministic""},{""operation_id"":""ToTensor"",""parameters"":{""layout"":""CHW"",""dtype"":""float16""},""stochastic"":false,""randomness_scope"":""deterministic""}]",a6d48fe04681ffbb2a4eba6ed74049e1c422e259e2338eaba3d125744bc84f72,8192,1.630832470000314,5023.201432823093,2086.0,50,1308c3dbbff59dda3e7d8ed5bbf8dfe2d58135be27a3c3350ef4ae21e7ba8cd1,8192,1.6229679860007309,5047.542570563256,2086.0,50,2ed8082a117e92d53627b75dd315d093efe475a52e131946fbc20245cafcd20a,8192,1.6283989879993896,5030.708112920463,2086.0,50
3f8e2e315710528399b8e82e2359ab85c58c809644595b68a92fb9d83492cc8c,dali_gpu,2.2.0,R11,RandomCrop224+ColorJitter+Normalize+ToTensor,False,True,5046.594529029575,2086.0,"[{""operation_id"":""RandomCrop224"",""parameters"":{""height"":224,""width"":224},""stochastic"":true,""randomness_scope"":""per-image""},{""operation_id"":""ColorJitter"",""parameters"":{""brightness"":0.5,""contrast"":1.5,""saturation"":1.5,""hue"":0.5},""stochastic"":true,""randomness_scope"":""per-image""},{""operation_id"":""Normalize"",""parameters"":{""mean"":[0.485,0.456,0.406],""std"":[0.229,0.224,0.225]},""stochastic"":false,""randomness_scope"":""deterministic""},{""operation_id"":""ToTensor"",""parameters"":{""layout"":""CHW"",""dtype"":""float16""},""stochastic"":false,""randomness_scope"":""deterministic""}]",60d0acfc7ac5f24142c41733bd9a720d302be28926622a62884749f63f843205,8192,1.6369628909997118,5004.38955888429,2086.0,50,00464ba127e9781202bd6361afa3a10b7002a899022e1bd2b604b062a7483693,8192,1.622355649000383,5049.447699736808,2086.0,50,1d4a36f7d144a225edbbc03a64b4cef5c2f3bdb1396760234d615341180a8fa1,8192,1.6232728729992232,5046.594529029575,2086.0,50
3f8e2e315710528399b8e82e2359ab85c58c809644595b68a92fb9d83492cc8c,dali_gpu,2.2.0,R15,RandomCrop224+GaussianBlur+Normalize+ToTensor,True,True,4990.032480170533,2150.0,"[{""operation_id"":""RandomCrop224"",""parameters"":{""height"":224,""width"":224},""stochastic"":true,""randomness_scope"":""per-image""},{""operation_id"":""GaussianBlur"",""parameters"":{""sigma"":2.0,""kernel_size"":[5,5]},""stochastic"":true,""randomness_scope"":""per-image""},{""operation_id"":""Normalize"",""parameters"":{""mean"":[0.485,0.456,0.406],""std"":[0.229,0.224,0.225]},""stochastic"":false,""randomness_scope"":""deterministic""},{""operation_id"":""ToTensor"",""parameters"":{""layout"":""CHW"",""dtype"":""float16""},""stochastic"":false,""randomness_scope"":""deterministic""}]",077c4094a89edac307cd2a190e1a48f07d1d3cab38c82174c6da5b45bf15ff40,8192,1.6358803319999424,5007.701260143452,2150.0,50,e4f37cb7a212cbf74cf3f88a5985635d8f8c24bcc3d45f880099191d5d98919e,8192,1.6416726810002729,4990.032480170533,2150.0,50,e7e01973a3bf974276945ef3e0ecb3ffb21b7074d60a8c65cfb71d8efe3f75d3,8192,1.6443021859995497,4982.0526115886605,2150.0,50
3f8e2e315710528399b8e82e2359ab85c58c809644595b68a92fb9d83492cc8c,dali_gpu,2.2.0,R16,RandomCrop224+GaussianNoise+Normalize+ToTensor,False,True,5024.670506557996,2150.0,"[{""operation_id"":""RandomCrop224"",""parameters"":{""height"":224,""width"":224},""stochastic"":true,""randomness_scope"":""per-image""},{""operation_id"":""GaussianNoise"",""parameters"":{""mean"":0,""std"":0.44,""per_channel"":true},""stochastic"":true,""randomness_scope"":""per-image""},{""operation_id"":""Normalize"",""parameters"":{""mean"":[0.485,0.456,0.406],""std"":[0.229,0.224,0.225]},""stochastic"":false,""randomness_scope"":""deterministic""},{""operation_id"":""ToTensor"",""parameters"":{""layout"":""CHW"",""dtype"":""float16""},""stochastic"":false,""randomness_scope"":""deterministic""}]",1c2654693a7dd191688799bc4d2b65464eb972427614bc1aa1e1f4e67680a858,8192,1.6303556599996227,5024.670506557996,2150.0,50,aaf0aa28f4e76aa091e55eec8d87ad1819d94efd35049be0f41d8d093d9ffccb,8192,1.6203780949999782,5055.610184609482,2150.0,50,79a3e6088c438d595da2ef73dfabf689ee24e280bd12af53a03d514919ed9c07,8192,1.633056183998633,5016.361396667573,2150.0,50
3f8e2e315710528399b8e82e2359ab85c58c809644595b68a92fb9d83492cc8c,dali_gpu,2.2.0,R22,RandomCrop224+Equalize+Normalize+ToTensor,True,True,5033.2194635018,2150.0,"[{""operation_id"":""RandomCrop224"",""parameters"":{""height"":224,""width"":224},""stochastic"":true,""randomness_scope"":""per-image""},{""operation_id"":""Equalize"",""parameters"":{""mode"":""pil""},""stochastic"":false,""randomness_scope"":""deterministic""},{""operation_id"":""Normalize"",""parameters"":{""mean"":[0.485,0.456,0.406],""std"":[0.229,0.224,0.225]},""stochastic"":false,""randomness_scope"":""deterministic""},{""operation_id"":""ToTensor"",""parameters"":{""layout"":""CHW"",""dtype"":""float16""},""stochastic"":false,""randomness_scope"":""deterministic""}]",d18e80c850ac468f1015bdc0ee2eeaf6de98ab05150e3b5e1d0ffa07a65dcfef,8192,1.6256965230004425,5039.070874606139,2150.0,50,1b1fa3ecc7c973a7712e96710ca5773e160d48795d4f321cad68007bf2dd169b,8192,1.6408017329995346,4992.681221163924,2150.0,50,0c317631c575c66b7628d5da58430a652080ae11113280b8989dfc8ef7c8d9b8,8192,1.627586489999885,5033.2194635018,2150.0,50
3f8e2e315710528399b8e82e2359ab85c58c809644595b68a92fb9d83492cc8c,dali_gpu,2.2.0,R23,RandomCrop224+Erasing+Normalize+ToTensor,False,True,5024.762624571878,2150.0,"[{""operation_id"":""RandomCrop224"",""parameters"":{""height"":224,""width"":224},""stochastic"":true,""randomness_scope"":""per-image""},{""operation_id"":""Erasing"",""parameters"":{""scale"":[0.02,0.33],""ratio"":[0.3,3.3],""fill"":0},""stochastic"":true,""randomness_scope"":""per-image""},{""operation_id"":""Normalize"",""parameters"":{""mean"":[0.485,0.456,0.406],""std"":[0.229,0.224,0.225]},""stochastic"":false,""randomness_scope"":""deterministic""},{""operation_id"":""ToTensor"",""parameters"":{""layout"":""CHW"",""dtype"":""float16""},""stochastic"":false,""randomness_scope"":""deterministic""}]",1b8dc6a6a163f4c16b2f770c3f977f8361b8cfafb3cfa8026fea26557e4d9770,8192,1.6141439769999124,5075.135871848218,2150.0,50,a6f67274f968351445c0918a4fda18358bc664dd07db55bb18a350d9e53bd5f2,8192,1.6312512659987988,5021.911811350608,2150.0,50,33da73fa76acd07984c1d227d198647a1fb5c45a2869206933c918e0b0b2aeef,8192,1.630325771000571,5024.762624571878,2150.0,50
3f8e2e315710528399b8e82e2359ab85c58c809644595b68a92fb9d83492cc8c,dali_gpu,2.2.0,R24,RandomCrop224+JpegCompression+Normalize+ToTensor,False,True,4997.153306228946,2150.0,"[{""operation_id"":""RandomCrop224"",""parameters"":{""height"":224,""width"":224},""stochastic"":true,""randomness_scope"":""per-image""},{""operation_id"":""JpegCompression"",""parameters"":{""quality"":50},""stochastic"":true,""randomness_scope"":""per-image""},{""operation_id"":""Normalize"",""parameters"":{""mean"":[0.485,0.456,0.406],""std"":[0.229,0.224,0.225]},""stochastic"":false,""randomness_scope"":""deterministic""},{""operation_id"":""ToTensor"",""parameters"":{""layout"":""CHW"",""dtype"":""float16""},""stochastic"":false,""randomness_scope"":""deterministic""}]",479c820d4282e160056d1f0541221c6415282be8fce0486fcddbda3e32d02022,8192,1.6394891090003512,4996.678511024037,2150.0,50,681f45731034885a6171a093a71e0d16eb91efabccab4ce15cf6b1c0a9e151bc,8192,1.6244504120004422,5042.93633063991,2150.0,50,bbd7d679f7daa13f607cfe528cf5017af16509a5ff53c43b5e29455fcb798eb1,8192,1.639333335999254,4997.153306228946,2150.0,50
3f8e2e315710528399b8e82e2359ab85c58c809644595b68a92fb9d83492cc8c,dali_gpu,2.2.0,R29,RandomCrop224+CLAHE+Normalize+ToTensor,False,True,4839.761973843393,2150.0,"[{""operation_id"":""RandomCrop224"",""parameters"":{""height"":224,""width"":224},""stochastic"":true,""randomness_scope"":""per-image""},{""operation_id"":""CLAHE"",""parameters"":{""clip_limit"":[1,4],""tile_grid_size"":[8,8]},""stochastic"":true,""randomness_scope"":""per-image""},{""operation_id"":""Normalize"",""parameters"":{""mean"":[0.485,0.456,0.406],""std"":[0.229,0.224,0.225]},""stochastic"":false,""randomness_scope"":""deterministic""},{""operation_id"":""ToTensor"",""parameters"":{""layout"":""CHW"",""dtype"":""float16""},""stochastic"":false,""randomness_scope"":""deterministic""}]",a4f5002792d99377ed3e321861b56f1179c48e6b008641441ab084c1982edb5f,8192,1.6898434269987774,4847.786409744059,2150.0,50,f6265e4c90effee465b7f7f6472f36b37b6d1807706b3b4df6de60bcdc4631dc,8192,1.6936000519999652,4837.033389510175,2150.0,50,2bc642f9f12106fbdcee0d0dac64090b782e5b25bacba5e599d27869a837aa25,8192,1.692645225999513,4839.761973843393,2150.0,50
3f8e2e315710528399b8e82e2359ab85c58c809644595b68a92fb9d83492cc8c,dali_gpu,2.2.0,R30,RandomCrop224+Brightness+Normalize+ToTensor,True,True,5040.594122026637,2150.0,"[{""operation_id"":""RandomCrop224"",""parameters"":{""height"":224,""width"":224},""stochastic"":true,""randomness_scope"":""per-image""},{""operation_id"":""Brightness"",""parameters"":{""brightness_limit"":[0.2,0.2]},""stochastic"":true,""randomness_scope"":""per-image""},{""operation_id"":""Normalize"",""parameters"":{""mean"":[0.485,0.456,0.406],""std"":[0.229,0.224,0.225]},""stochastic"":false,""randomness_scope"":""deterministic""},{""operation_id"":""ToTensor"",""parameters"":{""layout"":""CHW"",""dtype"":""float16""},""stochastic"":false,""randomness_scope"":""deterministic""}]",c8ac0db6f2730250a6350c93946827d750a4ec1ed75cd3e301174f31c76819d5,8192,1.6191184069994051,5059.543492672436,2150.0,50,02fd2b5d7b232fa187e72aa9b33e6e4c84b3a71d41e1d05c35853c3c06c40663,8192,1.6252052440013358,5040.594122026637,2150.0,50,285bbf25a1bde78e0ae2f995b16523dfd7d729a1c2917325557e278b25670c41,8192,1.6328550710004492,5016.979244202467,2150.0,50
3f8e2e315710528399b8e82e2359ab85c58c809644595b68a92fb9d83492cc8c,dali_gpu,2.2.0,R31,RandomCrop224+Contrast+Normalize+ToTensor,True,True,5025.141792854508,2150.0,"[{""operation_id"":""RandomCrop224"",""parameters"":{""height"":224,""width"":224},""stochastic"":true,""randomness_scope"":""per-image""},{""operation_id"":""Contrast"",""parameters"":{""contrast_limit"":[0.2,0.2]},""stochastic"":true,""randomness_scope"":""per-image""},{""operation_id"":""Normalize"",""parameters"":{""mean"":[0.485,0.456,0.406],""std"":[0.229,0.224,0.225]},""stochastic"":false,""randomness_scope"":""deterministic""},{""operation_id"":""ToTensor"",""parameters"":{""layout"":""CHW"",""dtype"":""float16""},""stochastic"":false,""randomness_scope"":""deterministic""}]",29f7048d0beb8d5eb67bd10c9d8f24afb94ae8224a4a867aa4d6bffa407ed2ed,8192,1.6221666229994298,5050.036096077954,2150.0,50,bb50f7ea40d986819de9d66badc47f800b8ed20965a24c42d6e4712b15a1a03f,8192,1.6312941090000095,5021.779919883198,2150.0,50,a7e3a97a578382437e4aa7d6950db9fb740c51c1db941ad45a84825dd69036d3,8192,1.6302027559995622,5025.141792854508,2150.0,50
3f8e2e315710528399b8e82e2359ab85c58c809644595b68a92fb9d83492cc8c,dali_gpu,2.2.0,R37,RandomCrop224+Hue+Normalize+ToTensor,False,True,5047.382593680009,2150.0,"[{""operation_id"":""RandomCrop224"",""parameters"":{""height"":224,""width"":224},""stochastic"":true,""randomness_scope"":""per-image""},{""operation_id"":""Hue"",""parameters"":{""hue"":20},""stochastic"":true,""randomness_scope"":""per-image""},{""operation_id"":""Normalize"",""parameters"":{""mean"":[0.485,0.456,0.406],""std"":[0.229,0.224,0.225]},""stochastic"":false,""randomness_scope"":""deterministic""},{""operation_id"":""ToTensor"",""parameters"":{""layout"":""CHW"",""dtype"":""float16""},""stochastic"":false,""randomness_scope"":""deterministic""}]",89f4c71b60184eb12fd385ff5722954c027192f5d85e2ddaac1d2fd64276ffc3,8192,1.6198995739996462,5057.103620178981,2150.0,50,2938662b137a3ef8e946a4af6eb4f65107470990a5746fc5f7290417de335deb,8192,1.62301942600061,5047.382593680009,2150.0,50,945530e6e91f71bc6feb007ec78067dc6d4adc78df2b99392d6d23e9aef71e36,8192,1.6277075540001533,5032.845107751603,2150.0,50
3f8e2e315710528399b8e82e2359ab85c58c809644595b68a92fb9d83492cc8c,dali_gpu,2.2.0,R42,RandomCrop224+SaltAndPepper+Normalize+ToTensor,False,True,5009.431781028881,2150.0,"[{""operation_id"":""RandomCrop224"",""parameters"":{""height"":224,""width"":224},""stochastic"":true,""randomness_scope"":""per-image""},{""operation_id"":""SaltAndPepper"",""parameters"":{""amount"":[0.01,0.06],""salt_vs_pepper"":[0.4,0.6]},""stochastic"":true,""randomness_scope"":""per-image""},{""operation_id"":""Normalize"",""parameters"":{""mean"":[0.485,0.456,0.406],""std"":[0.229,0.224,0.225]},""stochastic"":false,""randomness_scope"":""deterministic""},{""operation_id"":""ToTensor"",""parameters"":{""layout"":""CHW"",""dtype"":""float16""},""stochastic"":false,""randomness_scope"":""deterministic""}]",50f4639b7bba4780245d16128c29a5b9cf85a5399852f66a136ec823bf019529,8192,1.6498068970013264,4965.429599603264,2150.0,50,6ebe0b1a54e13f0345254fd5f47b6d40f998d18cd42c6fda53c535a76956fe1f,8192,1.6294467740008258,5027.473207907218,2150.0,50,25e38eae99943b2b3f57c8edc4ed0037f7f40d9c9dec066d62fda2046e30b5c8,8192,1.6353152129995578,5009.431781028881,2150.0,50
3f8e2e315710528399b8e82e2359ab85c58c809644595b68a92fb9d83492cc8c,dali_gpu,2.2.0,R43,RandomCrop224+Saturation+Normalize+ToTensor,False,True,5046.939164899781,2150.0,"[{""operation_id"":""RandomCrop224"",""parameters"":{""height"":224,""width"":224},""stochastic"":true,""randomness_scope"":""per-image""},{""operation_id"":""Saturation"",""parameters"":{""saturation_factor"":0.5},""stochastic"":true,""randomness_scope"":""per-image""},{""operation_id"":""Normalize"",""parameters"":{""mean"":[0.485,0.456,0.406],""std"":[0.229,0.224,0.225]},""stochastic"":false,""randomness_scope"":""deterministic""},{""operation_id"":""ToTensor"",""parameters"":{""layout"":""CHW"",""dtype"":""float16""},""stochastic"":false,""randomness_scope"":""deterministic""}]",bf180d7c4987ab0d4ffa8a5eec1aa1715f669eabe6568eca76fce81d9c624c25,8192,1.6222177269992244,5049.877007048583,2150.0,50,ed52abf479eaaa52a6c355665811c06fadb6f1472a65430dcef1c1c3ecffa2a2,8192,1.6353148609996424,5009.4328593041455,2150.0,50,c8ff2cd12f0846e7d5a09f041fc8dca72fdbb6ba77ae7ee85529fca5cd1b24a0,8192,1.6231620260005002,5046.939164899781,2150.0,50
3f8e2e315710528399b8e82e2359ab85c58c809644595b68a92fb9d83492cc8c,dali_gpu,2.2.0,R46,RandomCrop224+Shear+Normalize+ToTensor,False,True,5052.0322255382425,2150.0,"[{""operation_id"":""RandomCrop224"",""parameters"":{""height"":224,""width"":224},""stochastic"":true,""randomness_scope"":""per-image""},{""operation_id"":""Shear"",""parameters"":{""shear"":10},""stochastic"":true,""randomness_scope"":""per-image""},{""operation_id"":""Normalize"",""parameters"":{""mean"":[0.485,0.456,0.406],""std"":[0.229,0.224,0.225]},""stochastic"":false,""randomness_scope"":""deterministic""},{""operation_id"":""ToTensor"",""parameters"":{""layout"":""CHW"",""dtype"":""float16""},""stochastic"":false,""randomness_scope"":""deterministic""}]",b0d697e87a0b1e574754a1d739f3093d4cb8a83c80d17df819581f689f624108,8192,1.6198301539989188,5057.320349158945,2150.0,50,9b443628145e7e68dee46c4c99ff7bb567e15a7491c4cb81dc428de114f6bd77,8192,1.6215256819996284,5052.0322255382425,2150.0,50,7eeb36bd5a69abbb5bf215a8b30047c89506f66095bac0d6e4aecba887c6899f,8192,1.6324903549993905,5018.100091625385,2150.0,50
3f8e2e315710528399b8e82e2359ab85c58c809644595b68a92fb9d83492cc8c,dali_gpu,2.2.0,R49,RandomCrop224+ColorJiggle+Normalize+ToTensor,False,True,4952.873427477987,2150.0,"[{""operation_id"":""RandomCrop224"",""parameters"":{""height"":224,""width"":224},""stochastic"":true,""randomness_scope"":""per-image""},{""operation_id"":""ColorJiggle"",""parameters"":{""brightness"":[0.875,1.125],""contrast"":[0.5,1.5],""saturation"":[0.5,1.5],""hue"":[-0.05,0.05]},""stochastic"":true,""randomness_scope"":""per-image""},{""operation_id"":""Normalize"",""parameters"":{""mean"":[0.485,0.456,0.406],""std"":[0.229,0.224,0.225]},""stochastic"":false,""randomness_scope"":""deterministic""},{""operation_id"":""ToTensor"",""parameters"":{""layout"":""CHW"",""dtype"":""float16""},""stochastic"":false,""randomness_scope"":""deterministic""}]",509905935988521ff5a7f968d8758eb95c44ea30a3018e8609337d0240243ddc,8192,1.6539893699991808,4952.873427477987,2150.0,50,96a2ea844ae401efd0176ccdf7ab10b1262e07540c67ddb5b21f6ff3c92b22d9,8192,1.657411864000096,4942.645927626548,2150.0,50,ba5d5cff5c155d5d04e2d2c25c1e4c78eda16cce6156ed48c8e226daf0a812e6,8192,1.6441387809991284,4982.547759758939,2150.0,50
