regime,regime_label,library,transform,status,supported,early_stopped,num_successful_runs,median_throughput,mean_throughput,std_throughput,cv_throughput,ci95,gpu_peak_allocated_mb,gpu_peak_reserved_mb,reason,source_files
rgb_dataloader_cpu,CPU DataLoader,albumentationsx,RandomCrop224+Affine+Normalize+ToTensor,ok,True,False,3,4527.747738309672,4531.405176335574,28.061617201851256,0.006192696549935077,31.754709200954707,,,,gcp_runs/prod-c4-standard-16-rgb-dataloader-cpu-topup-r2/results/image-rgb/pipeline/albumentationsx_memory_dataloader_augment_n10000_r2_w8_b256_results.json;gcp_runs/prod-c4-standard-16-rgb-dataloader-cpu/results/image-rgb/pipeline/albumentationsx_memory_dataloader_augment_n10000_r1_w8_b256_results.json
rgb_dataloader_cpu,CPU DataLoader,albumentationsx,RandomCrop224+AutoContrast+Normalize+ToTensor,ok,True,False,3,4645.639570365569,4611.409069764671,79.57826315390768,0.017256821494252887,90.0512820409609,,,,gcp_runs/prod-c4-standard-16-rgb-dataloader-cpu-topup-r2/results/image-rgb/pipeline/albumentationsx_memory_dataloader_augment_n10000_r2_w8_b256_results.json;gcp_runs/prod-c4-standard-16-rgb-dataloader-cpu/results/image-rgb/pipeline/albumentationsx_memory_dataloader_augment_n10000_r1_w8_b256_results.json
rgb_dataloader_cpu,CPU DataLoader,albumentationsx,RandomCrop224+Blur+Normalize+ToTensor,ok,True,False,3,5274.913803622625,5317.035874377028,173.0979042674259,0.03255533879347898,195.87871838491847,,,,gcp_runs/prod-c4-standard-16-rgb-dataloader-cpu-topup-r2/results/image-rgb/pipeline/albumentationsx_memory_dataloader_augment_n10000_r2_w8_b256_results.json;gcp_runs/prod-c4-standard-16-rgb-dataloader-cpu/results/image-rgb/pipeline/albumentationsx_memory_dataloader_augment_n10000_r1_w8_b256_results.json
rgb_dataloader_cpu,CPU DataLoader,albumentationsx,RandomCrop224+Brightness+Normalize+ToTensor,ok,True,False,3,5230.883823338855,5132.314467173842,242.61570494325608,0.04727218226689347,274.5455154148947,,,,gcp_runs/prod-c4-standard-16-rgb-dataloader-cpu-topup-r2/results/image-rgb/pipeline/albumentationsx_memory_dataloader_augment_n10000_r2_w8_b256_results.json;gcp_runs/prod-c4-standard-16-rgb-dataloader-cpu/results/image-rgb/pipeline/albumentationsx_memory_dataloader_augment_n10000_r1_w8_b256_results.json
rgb_dataloader_cpu,CPU DataLoader,albumentationsx,RandomCrop224+CLAHE+Normalize+ToTensor,ok,True,False,3,3384.45160412926,3353.210600484623,169.71332116145666,0.050612186761227834,192.04870204895954,,,,gcp_runs/prod-c4-standard-16-rgb-dataloader-cpu-topup-r2/results/image-rgb/pipeline/albumentationsx_memory_dataloader_augment_n10000_r2_w8_b256_results.json;gcp_runs/prod-c4-standard-16-rgb-dataloader-cpu/results/image-rgb/pipeline/albumentationsx_memory_dataloader_augment_n10000_r1_w8_b256_results.json
rgb_dataloader_cpu,CPU DataLoader,albumentationsx,RandomCrop224+ChannelDropout+Normalize+ToTensor,ok,True,False,3,5316.452380620635,5366.811479654103,89.62236028150247,0.016699368073811813,101.41724791451274,,,,gcp_runs/prod-c4-standard-16-rgb-dataloader-cpu-topup-r2/results/image-rgb/pipeline/albumentationsx_memory_dataloader_augment_n10000_r2_w8_b256_results.json;gcp_runs/prod-c4-standard-16-rgb-dataloader-cpu/results/image-rgb/pipeline/albumentationsx_memory_dataloader_augment_n10000_r1_w8_b256_results.json
rgb_dataloader_cpu,CPU DataLoader,albumentationsx,RandomCrop224+ChannelShuffle+Normalize+ToTensor,ok,True,False,3,5086.627144872512,5210.806764193116,221.65123600664379,0.04253683662379411,250.82198551831215,,,,gcp_runs/prod-c4-standard-16-rgb-dataloader-cpu-topup-r2/results/image-rgb/pipeline/albumentationsx_memory_dataloader_augment_n10000_r2_w8_b256_results.json;gcp_runs/prod-c4-standard-16-rgb-dataloader-cpu/results/image-rgb/pipeline/albumentationsx_memory_dataloader_augment_n10000_r1_w8_b256_results.json
rgb_dataloader_cpu,CPU DataLoader,albumentationsx,RandomCrop224+ColorJiggle+Normalize+ToTensor,ok,True,False,3,4255.088937760526,4230.0607197720565,60.13865641264678,0.01421697237856374,68.05329615834631,,,,gcp_runs/prod-c4-standard-16-rgb-dataloader-cpu-topup-r2/results/image-rgb/pipeline/albumentationsx_memory_dataloader_augment_n10000_r2_w8_b256_results.json;gcp_runs/prod-c4-standard-16-rgb-dataloader-cpu/results/image-rgb/pipeline/albumentationsx_memory_dataloader_augment_n10000_r1_w8_b256_results.json
rgb_dataloader_cpu,CPU DataLoader,albumentationsx,RandomCrop224+ColorJitter+Normalize+ToTensor,ok,True,False,3,4224.677428715556,4130.24765843754,230.68513043439495,0.0558526145431343,261.04479942251004,,,,gcp_runs/prod-c4-standard-16-rgb-dataloader-cpu-topup-r2/results/image-rgb/pipeline/albumentationsx_memory_dataloader_augment_n10000_r2_w8_b256_results.json;gcp_runs/prod-c4-standard-16-rgb-dataloader-cpu/results/image-rgb/pipeline/albumentationsx_memory_dataloader_augment_n10000_r1_w8_b256_results.json
rgb_dataloader_cpu,CPU DataLoader,albumentationsx,RandomCrop224+Contrast+Normalize+ToTensor,ok,True,False,3,5258.2047627119055,5281.530692898678,143.68768091025905,0.027205688893080823,162.5979176554314,,,,gcp_runs/prod-c4-standard-16-rgb-dataloader-cpu-topup-r2/results/image-rgb/pipeline/albumentationsx_memory_dataloader_augment_n10000_r2_w8_b256_results.json;gcp_runs/prod-c4-standard-16-rgb-dataloader-cpu/results/image-rgb/pipeline/albumentationsx_memory_dataloader_augment_n10000_r1_w8_b256_results.json
rgb_dataloader_cpu,CPU DataLoader,albumentationsx,RandomCrop224+CornerIllumination+Normalize+ToTensor,ok,True,False,3,3824.05418987048,3871.7678664386926,84.24930318030937,0.021759905574556846,95.33706142557241,,,,gcp_runs/prod-c4-standard-16-rgb-dataloader-cpu-topup-r2/results/image-rgb/pipeline/albumentationsx_memory_dataloader_augment_n10000_r2_w8_b256_results.json;gcp_runs/prod-c4-standard-16-rgb-dataloader-cpu/results/image-rgb/pipeline/albumentationsx_memory_dataloader_augment_n10000_r1_w8_b256_results.json
rgb_dataloader_cpu,CPU DataLoader,albumentationsx,RandomCrop224+Elastic+Normalize+ToTensor,ok,True,False,3,2954.0307791337787,2941.87202647497,58.25787616574213,0.019802994705907816,65.92499295394592,,,,gcp_runs/prod-c4-standard-16-rgb-dataloader-cpu-topup-r2/results/image-rgb/pipeline/albumentationsx_memory_dataloader_augment_n10000_r2_w8_b256_results.json;gcp_runs/prod-c4-standard-16-rgb-dataloader-cpu/results/image-rgb/pipeline/albumentationsx_memory_dataloader_augment_n10000_r1_w8_b256_results.json
rgb_dataloader_cpu,CPU DataLoader,albumentationsx,RandomCrop224+EnhanceDetail+Normalize+ToTensor,ok,True,False,3,5033.135083628458,5022.2234473779945,56.247630914154314,0.01119974678616104,63.65018630514879,,,,gcp_runs/prod-c4-standard-16-rgb-dataloader-cpu-topup-r2/results/image-rgb/pipeline/albumentationsx_memory_dataloader_augment_n10000_r2_w8_b256_results.json;gcp_runs/prod-c4-standard-16-rgb-dataloader-cpu/results/image-rgb/pipeline/albumentationsx_memory_dataloader_augment_n10000_r1_w8_b256_results.json
rgb_dataloader_cpu,CPU DataLoader,albumentationsx,RandomCrop224+EnhanceEdge+Normalize+ToTensor,ok,True,False,3,4923.419845177329,4899.580395006385,99.12824170885831,0.020231985949223135,112.17416538841113,,,,gcp_runs/prod-c4-standard-16-rgb-dataloader-cpu-topup-r2/results/image-rgb/pipeline/albumentationsx_memory_dataloader_augment_n10000_r2_w8_b256_results.json;gcp_runs/prod-c4-standard-16-rgb-dataloader-cpu/results/image-rgb/pipeline/albumentationsx_memory_dataloader_augment_n10000_r1_w8_b256_results.json
rgb_dataloader_cpu,CPU DataLoader,albumentationsx,RandomCrop224+Equalize+Normalize+ToTensor,ok,True,False,3,4304.379162154424,4369.1155275768115,123.46252063062481,0.028258012371464872,139.71099426100508,,,,gcp_runs/prod-c4-standard-16-rgb-dataloader-cpu-topup-r2/results/image-rgb/pipeline/albumentationsx_memory_dataloader_augment_n10000_r2_w8_b256_results.json;gcp_runs/prod-c4-standard-16-rgb-dataloader-cpu/results/image-rgb/pipeline/albumentationsx_memory_dataloader_augment_n10000_r1_w8_b256_results.json
rgb_dataloader_cpu,CPU DataLoader,albumentationsx,RandomCrop224+Erasing+Normalize+ToTensor,ok,True,False,3,5118.181694298492,5141.981406760849,261.6620979275235,0.050887406473987144,296.09853804334875,,,,gcp_runs/prod-c4-standard-16-rgb-dataloader-cpu-topup-r2/results/image-rgb/pipeline/albumentationsx_memory_dataloader_augment_n10000_r2_w8_b256_results.json;gcp_runs/prod-c4-standard-16-rgb-dataloader-cpu/results/image-rgb/pipeline/albumentationsx_memory_dataloader_augment_n10000_r1_w8_b256_results.json
rgb_dataloader_cpu,CPU DataLoader,albumentationsx,RandomCrop224+GaussianBlur+Normalize+ToTensor,ok,True,False,3,5028.959211328799,4977.804336938788,93.73928955556967,0.018831453229279947,106.07599195476276,,,,gcp_runs/prod-c4-standard-16-rgb-dataloader-cpu-topup-r2/results/image-rgb/pipeline/albumentationsx_memory_dataloader_augment_n10000_r2_w8_b256_results.json;gcp_runs/prod-c4-standard-16-rgb-dataloader-cpu/results/image-rgb/pipeline/albumentationsx_memory_dataloader_augment_n10000_r1_w8_b256_results.json
rgb_dataloader_cpu,CPU DataLoader,albumentationsx,RandomCrop224+GaussianIllumination+Normalize+ToTensor,ok,True,False,3,3655.891458281857,3668.268540195219,42.367631416250944,0.01154976277009322,47.94348827007469,,,,gcp_runs/prod-c4-standard-16-rgb-dataloader-cpu-topup-r2/results/image-rgb/pipeline/albumentationsx_memory_dataloader_augment_n10000_r2_w8_b256_results.json;gcp_runs/prod-c4-standard-16-rgb-dataloader-cpu/results/image-rgb/pipeline/albumentationsx_memory_dataloader_augment_n10000_r1_w8_b256_results.json
rgb_dataloader_cpu,CPU DataLoader,albumentationsx,RandomCrop224+GaussianNoise+Normalize+ToTensor,ok,True,False,3,3321.2510747207707,3346.2739170862747,60.13900560321276,0.01797193149554775,68.05369130467015,,,,gcp_runs/prod-c4-standard-16-rgb-dataloader-cpu-topup-r2/results/image-rgb/pipeline/albumentationsx_memory_dataloader_augment_n10000_r2_w8_b256_results.json;gcp_runs/prod-c4-standard-16-rgb-dataloader-cpu/results/image-rgb/pipeline/albumentationsx_memory_dataloader_augment_n10000_r1_w8_b256_results.json
rgb_dataloader_cpu,CPU DataLoader,albumentationsx,RandomCrop224+Grayscale+Normalize+ToTensor,ok,True,False,3,5263.194581973169,5289.081543012123,79.34639455959127,0.01500192309653892,89.78889802608433,,,,gcp_runs/prod-c4-standard-16-rgb-dataloader-cpu-topup-r2/results/image-rgb/pipeline/albumentationsx_memory_dataloader_augment_n10000_r2_w8_b256_results.json;gcp_runs/prod-c4-standard-16-rgb-dataloader-cpu/results/image-rgb/pipeline/albumentationsx_memory_dataloader_augment_n10000_r1_w8_b256_results.json
rgb_dataloader_cpu,CPU DataLoader,albumentationsx,RandomCrop224+HorizontalFlip+Normalize+ToTensor,ok,True,False,3,5218.143511078761,5165.063846498622,144.22496917218172,0.027923172579938444,163.20591655983222,,,,gcp_runs/prod-c4-standard-16-rgb-dataloader-cpu-topup-r2/results/image-rgb/pipeline/albumentationsx_memory_dataloader_augment_n10000_r2_w8_b256_results.json;gcp_runs/prod-c4-standard-16-rgb-dataloader-cpu/results/image-rgb/pipeline/albumentationsx_memory_dataloader_augment_n10000_r1_w8_b256_results.json
rgb_dataloader_cpu,CPU DataLoader,albumentationsx,RandomCrop224+Hue+Normalize+ToTensor,ok,True,False,3,4697.977937631386,4683.651246778188,47.69603995166067,0.01018351654266958,53.97315015052605,,,,gcp_runs/prod-c4-standard-16-rgb-dataloader-cpu-topup-r2/results/image-rgb/pipeline/albumentationsx_memory_dataloader_augment_n10000_r2_w8_b256_results.json;gcp_runs/prod-c4-standard-16-rgb-dataloader-cpu/results/image-rgb/pipeline/albumentationsx_memory_dataloader_augment_n10000_r1_w8_b256_results.json
rgb_dataloader_cpu,CPU DataLoader,albumentationsx,RandomCrop224+Invert+Normalize+ToTensor,ok,True,False,3,5491.894898125391,5481.033544374831,94.07324523318061,0.017163413518920662,106.45389837948028,,,,gcp_runs/prod-c4-standard-16-rgb-dataloader-cpu-topup-r2/results/image-rgb/pipeline/albumentationsx_memory_dataloader_augment_n10000_r2_w8_b256_results.json;gcp_runs/prod-c4-standard-16-rgb-dataloader-cpu/results/image-rgb/pipeline/albumentationsx_memory_dataloader_augment_n10000_r1_w8_b256_results.json
rgb_dataloader_cpu,CPU DataLoader,albumentationsx,RandomCrop224+JpegCompression+Normalize+ToTensor,ok,True,False,3,4106.199380257377,4112.965884667718,150.99196960527442,0.03671121371760975,170.86349842227088,,,,gcp_runs/prod-c4-standard-16-rgb-dataloader-cpu-topup-r2/results/image-rgb/pipeline/albumentationsx_memory_dataloader_augment_n10000_r2_w8_b256_results.json;gcp_runs/prod-c4-standard-16-rgb-dataloader-cpu/results/image-rgb/pipeline/albumentationsx_memory_dataloader_augment_n10000_r1_w8_b256_results.json
rgb_dataloader_cpu,CPU DataLoader,albumentationsx,RandomCrop224+LinearIllumination+Normalize+ToTensor,ok,True,False,3,4076.2646218444656,4092.0254836396093,80.59367684356566,0.019695301792666858,91.20033080040412,,,,gcp_runs/prod-c4-standard-16-rgb-dataloader-cpu-topup-r2/results/image-rgb/pipeline/albumentationsx_memory_dataloader_augment_n10000_r2_w8_b256_results.json;gcp_runs/prod-c4-standard-16-rgb-dataloader-cpu/results/image-rgb/pipeline/albumentationsx_memory_dataloader_augment_n10000_r1_w8_b256_results.json
rgb_dataloader_cpu,CPU DataLoader,albumentationsx,RandomCrop224+LongestMaxSize+Normalize+ToTensor,ok,True,False,3,1316.8638105134712,1330.1704305968922,28.933707115321816,0.021751879646233218,32.74157183970229,,,,gcp_runs/prod-c4-standard-16-rgb-dataloader-cpu-topup-r2/results/image-rgb/pipeline/albumentationsx_memory_dataloader_augment_n10000_r2_w8_b256_results.json;gcp_runs/prod-c4-standard-16-rgb-dataloader-cpu/results/image-rgb/pipeline/albumentationsx_memory_dataloader_augment_n10000_r1_w8_b256_results.json
rgb_dataloader_cpu,CPU DataLoader,albumentationsx,RandomCrop224+MedianBlur+Normalize+ToTensor,ok,True,False,3,4038.148979750936,4070.352024502908,100.28221492132262,0.024637233909410965,113.48000900832474,,,,gcp_runs/prod-c4-standard-16-rgb-dataloader-cpu-topup-r2/results/image-rgb/pipeline/albumentationsx_memory_dataloader_augment_n10000_r2_w8_b256_results.json;gcp_runs/prod-c4-standard-16-rgb-dataloader-cpu/results/image-rgb/pipeline/albumentationsx_memory_dataloader_augment_n10000_r1_w8_b256_results.json
rgb_dataloader_cpu,CPU DataLoader,albumentationsx,RandomCrop224+MotionBlur+Normalize+ToTensor,ok,True,False,3,4614.752875594858,4649.946389621442,120.92746295157522,0.026006205839594655,136.8423064435205,,,,gcp_runs/prod-c4-standard-16-rgb-dataloader-cpu-topup-r2/results/image-rgb/pipeline/albumentationsx_memory_dataloader_augment_n10000_r2_w8_b256_results.json;gcp_runs/prod-c4-standard-16-rgb-dataloader-cpu/results/image-rgb/pipeline/albumentationsx_memory_dataloader_augment_n10000_r1_w8_b256_results.json
rgb_dataloader_cpu,CPU DataLoader,albumentationsx,RandomCrop224+Normalize+ToTensor,ok,True,False,3,5084.525347676295,5045.950136096931,108.50737066241186,0.021503853136833194,122.7876489355639,,,,gcp_runs/prod-c4-standard-16-rgb-dataloader-cpu-topup-r2/results/image-rgb/pipeline/albumentationsx_memory_dataloader_augment_n10000_r2_w8_b256_results.json;gcp_runs/prod-c4-standard-16-rgb-dataloader-cpu/results/image-rgb/pipeline/albumentationsx_memory_dataloader_augment_n10000_r1_w8_b256_results.json
rgb_dataloader_cpu,CPU DataLoader,albumentationsx,RandomCrop224+OpticalDistortion+Normalize+ToTensor,ok,True,False,3,3556.4438660851315,3532.6395597908654,62.25299996676615,0.01762223371875832,70.44590112580143,,,,gcp_runs/prod-c4-standard-16-rgb-dataloader-cpu-topup-r2/results/image-rgb/pipeline/albumentationsx_memory_dataloader_augment_n10000_r2_w8_b256_results.json;gcp_runs/prod-c4-standard-16-rgb-dataloader-cpu/results/image-rgb/pipeline/albumentationsx_memory_dataloader_augment_n10000_r1_w8_b256_results.json
rgb_dataloader_cpu,CPU DataLoader,albumentationsx,RandomCrop224+Pad+Normalize+ToTensor,ok,True,False,3,4866.595973293161,4902.2580742646305,81.76450523970371,0.01667894753826662,92.52524785618702,,,,gcp_runs/prod-c4-standard-16-rgb-dataloader-cpu-topup-r2/results/image-rgb/pipeline/albumentationsx_memory_dataloader_augment_n10000_r2_w8_b256_results.json;gcp_runs/prod-c4-standard-16-rgb-dataloader-cpu/results/image-rgb/pipeline/albumentationsx_memory_dataloader_augment_n10000_r1_w8_b256_results.json
rgb_dataloader_cpu,CPU DataLoader,albumentationsx,RandomCrop224+Perspective+Normalize+ToTensor,ok,True,False,3,3991.9726252808637,4008.107813137785,116.552194392313,0.029079106607431553,131.89122398180527,,,,gcp_runs/prod-c4-standard-16-rgb-dataloader-cpu-topup-r2/results/image-rgb/pipeline/albumentationsx_memory_dataloader_augment_n10000_r2_w8_b256_results.json;gcp_runs/prod-c4-standard-16-rgb-dataloader-cpu/results/image-rgb/pipeline/albumentationsx_memory_dataloader_augment_n10000_r1_w8_b256_results.json
rgb_dataloader_cpu,CPU DataLoader,albumentationsx,RandomCrop224+PhotoMetricDistort+Normalize+ToTensor,ok,True,False,3,4148.99100552892,4167.98200508445,92.86991121391868,0.02228174476296401,105.0921977483863,,,,gcp_runs/prod-c4-standard-16-rgb-dataloader-cpu-topup-r2/results/image-rgb/pipeline/albumentationsx_memory_dataloader_augment_n10000_r2_w8_b256_results.json;gcp_runs/prod-c4-standard-16-rgb-dataloader-cpu/results/image-rgb/pipeline/albumentationsx_memory_dataloader_augment_n10000_r1_w8_b256_results.json
rgb_dataloader_cpu,CPU DataLoader,albumentationsx,RandomCrop224+PlankianJitter+Normalize+ToTensor,ok,True,False,3,4899.355059923485,4902.017774330669,75.38722926727645,0.015378815976971843,85.3086807374073,,,,gcp_runs/prod-c4-standard-16-rgb-dataloader-cpu-topup-r2/results/image-rgb/pipeline/albumentationsx_memory_dataloader_augment_n10000_r2_w8_b256_results.json;gcp_runs/prod-c4-standard-16-rgb-dataloader-cpu/results/image-rgb/pipeline/albumentationsx_memory_dataloader_augment_n10000_r1_w8_b256_results.json
rgb_dataloader_cpu,CPU DataLoader,albumentationsx,RandomCrop224+PlasmaBrightness+Normalize+ToTensor,ok,True,False,3,2671.9837811482407,2670.7890521104414,57.22725025056076,0.021427094815047308,64.75872994080093,,,,gcp_runs/prod-c4-standard-16-rgb-dataloader-cpu-topup-r2/results/image-rgb/pipeline/albumentationsx_memory_dataloader_augment_n10000_r2_w8_b256_results.json;gcp_runs/prod-c4-standard-16-rgb-dataloader-cpu/results/image-rgb/pipeline/albumentationsx_memory_dataloader_augment_n10000_r1_w8_b256_results.json
rgb_dataloader_cpu,CPU DataLoader,albumentationsx,RandomCrop224+PlasmaContrast+Normalize+ToTensor,ok,True,False,3,2155.634253321533,2193.793226384904,84.99333294068553,0.038742636233198645,96.17901035915142,,,,gcp_runs/prod-c4-standard-16-rgb-dataloader-cpu-topup-r2/results/image-rgb/pipeline/albumentationsx_memory_dataloader_augment_n10000_r2_w8_b256_results.json;gcp_runs/prod-c4-standard-16-rgb-dataloader-cpu/results/image-rgb/pipeline/albumentationsx_memory_dataloader_augment_n10000_r1_w8_b256_results.json
rgb_dataloader_cpu,CPU DataLoader,albumentationsx,RandomCrop224+PlasmaShadow+Normalize+ToTensor,ok,True,False,3,2795.5004539381484,2773.87815690917,39.03911971763044,0.014073840849999806,44.17692270468393,,,,gcp_runs/prod-c4-standard-16-rgb-dataloader-cpu-topup-r2/results/image-rgb/pipeline/albumentationsx_memory_dataloader_augment_n10000_r2_w8_b256_results.json;gcp_runs/prod-c4-standard-16-rgb-dataloader-cpu/results/image-rgb/pipeline/albumentationsx_memory_dataloader_augment_n10000_r1_w8_b256_results.json
rgb_dataloader_cpu,CPU DataLoader,albumentationsx,RandomCrop224+Posterize+Normalize+ToTensor,ok,True,False,3,5318.989423072557,5356.0048423251965,65.09307406549529,0.01215328887515279,73.65974751482415,,,,gcp_runs/prod-c4-standard-16-rgb-dataloader-cpu-topup-r2/results/image-rgb/pipeline/albumentationsx_memory_dataloader_augment_n10000_r2_w8_b256_results.json;gcp_runs/prod-c4-standard-16-rgb-dataloader-cpu/results/image-rgb/pipeline/albumentationsx_memory_dataloader_augment_n10000_r1_w8_b256_results.json
rgb_dataloader_cpu,CPU DataLoader,albumentationsx,RandomCrop224+RGBShift+Normalize+ToTensor,ok,True,False,3,4830.704378265731,4851.909631215636,115.85657082563215,0.02387855084526884,131.1040518129887,,,,gcp_runs/prod-c4-standard-16-rgb-dataloader-cpu-topup-r2/results/image-rgb/pipeline/albumentationsx_memory_dataloader_augment_n10000_r2_w8_b256_results.json;gcp_runs/prod-c4-standard-16-rgb-dataloader-cpu/results/image-rgb/pipeline/albumentationsx_memory_dataloader_augment_n10000_r1_w8_b256_results.json
rgb_dataloader_cpu,CPU DataLoader,albumentationsx,RandomCrop224+Rain+Normalize+ToTensor,ok,True,False,3,4528.476287471207,4427.757896665174,199.23035848607861,0.04499576605941614,225.45037416125894,,,,gcp_runs/prod-c4-standard-16-rgb-dataloader-cpu-topup-r2/results/image-rgb/pipeline/albumentationsx_memory_dataloader_augment_n10000_r2_w8_b256_results.json;gcp_runs/prod-c4-standard-16-rgb-dataloader-cpu/results/image-rgb/pipeline/albumentationsx_memory_dataloader_augment_n10000_r1_w8_b256_results.json
rgb_dataloader_cpu,CPU DataLoader,albumentationsx,RandomCrop224+RandomGamma+Normalize+ToTensor,ok,True,False,3,5251.25801342494,5297.102954527877,135.530365969069,0.025585752652441816,153.36704682019658,,,,gcp_runs/prod-c4-standard-16-rgb-dataloader-cpu-topup-r2/results/image-rgb/pipeline/albumentationsx_memory_dataloader_augment_n10000_r2_w8_b256_results.json;gcp_runs/prod-c4-standard-16-rgb-dataloader-cpu/results/image-rgb/pipeline/albumentationsx_memory_dataloader_augment_n10000_r1_w8_b256_results.json
rgb_dataloader_cpu,CPU DataLoader,albumentationsx,RandomCrop224+RandomJigsaw+Normalize+ToTensor,ok,True,False,3,4868.344803782538,4881.553417867751,27.44079290629199,0.00562132390190622,31.052180375599928,,,,gcp_runs/prod-c4-standard-16-rgb-dataloader-cpu-topup-r2/results/image-rgb/pipeline/albumentationsx_memory_dataloader_augment_n10000_r2_w8_b256_results.json;gcp_runs/prod-c4-standard-16-rgb-dataloader-cpu/results/image-rgb/pipeline/albumentationsx_memory_dataloader_augment_n10000_r1_w8_b256_results.json
rgb_dataloader_cpu,CPU DataLoader,albumentationsx,RandomCrop224+RandomRotate90+Normalize+ToTensor,ok,True,False,3,5086.526497876588,5089.342990809528,42.952100897818035,0.008439616071344,48.60487775060581,,,,gcp_runs/prod-c4-standard-16-rgb-dataloader-cpu-topup-r2/results/image-rgb/pipeline/albumentationsx_memory_dataloader_augment_n10000_r2_w8_b256_results.json;gcp_runs/prod-c4-standard-16-rgb-dataloader-cpu/results/image-rgb/pipeline/albumentationsx_memory_dataloader_augment_n10000_r1_w8_b256_results.json
rgb_dataloader_cpu,CPU DataLoader,albumentationsx,RandomCrop224+Resize+Normalize+ToTensor,ok,True,False,3,1333.7565195167397,1335.287582796477,13.85011319515285,0.010372382229561907,15.672878499795441,,,,gcp_runs/prod-c4-standard-16-rgb-dataloader-cpu-topup-r2/results/image-rgb/pipeline/albumentationsx_memory_dataloader_augment_n10000_r2_w8_b256_results.json;gcp_runs/prod-c4-standard-16-rgb-dataloader-cpu/results/image-rgb/pipeline/albumentationsx_memory_dataloader_augment_n10000_r1_w8_b256_results.json
rgb_dataloader_cpu,CPU DataLoader,albumentationsx,RandomCrop224+Rotate+Normalize+ToTensor,ok,True,False,3,4782.327715185465,4757.626181860017,121.32991649625879,0.025502196233673884,137.29772550174485,,,,gcp_runs/prod-c4-standard-16-rgb-dataloader-cpu-topup-r2/results/image-rgb/pipeline/albumentationsx_memory_dataloader_augment_n10000_r2_w8_b256_results.json;gcp_runs/prod-c4-standard-16-rgb-dataloader-cpu/results/image-rgb/pipeline/albumentationsx_memory_dataloader_augment_n10000_r1_w8_b256_results.json
rgb_dataloader_cpu,CPU DataLoader,albumentationsx,RandomCrop224+SaltAndPepper+Normalize+ToTensor,ok,True,False,3,4459.661821435879,4464.869656772439,40.53967199495189,0.009079698873954848,45.87495745672343,,,,gcp_runs/prod-c4-standard-16-rgb-dataloader-cpu-topup-r2/results/image-rgb/pipeline/albumentationsx_memory_dataloader_augment_n10000_r2_w8_b256_results.json;gcp_runs/prod-c4-standard-16-rgb-dataloader-cpu/results/image-rgb/pipeline/albumentationsx_memory_dataloader_augment_n10000_r1_w8_b256_results.json
rgb_dataloader_cpu,CPU DataLoader,albumentationsx,RandomCrop224+Saturation+Normalize+ToTensor,ok,True,False,3,4581.65912827197,4560.462374978127,97.43715483891206,0.021365630681116934,110.26052044762157,,,,gcp_runs/prod-c4-standard-16-rgb-dataloader-cpu-topup-r2/results/image-rgb/pipeline/albumentationsx_memory_dataloader_augment_n10000_r2_w8_b256_results.json;gcp_runs/prod-c4-standard-16-rgb-dataloader-cpu/results/image-rgb/pipeline/albumentationsx_memory_dataloader_augment_n10000_r1_w8_b256_results.json
rgb_dataloader_cpu,CPU DataLoader,albumentationsx,RandomCrop224+Sharpen+Normalize+ToTensor,ok,True,False,3,4821.655211523693,4843.441191507086,125.26992004194435,0.025863825963573915,141.75625923285577,,,,gcp_runs/prod-c4-standard-16-rgb-dataloader-cpu-topup-r2/results/image-rgb/pipeline/albumentationsx_memory_dataloader_augment_n10000_r2_w8_b256_results.json;gcp_runs/prod-c4-standard-16-rgb-dataloader-cpu/results/image-rgb/pipeline/albumentationsx_memory_dataloader_augment_n10000_r1_w8_b256_results.json
rgb_dataloader_cpu,CPU DataLoader,albumentationsx,RandomCrop224+Shear+Normalize+ToTensor,ok,True,False,3,4261.200174545933,4230.006492786416,77.89596709143596,0.018415093977816533,88.14758483529249,,,,gcp_runs/prod-c4-standard-16-rgb-dataloader-cpu-topup-r2/results/image-rgb/pipeline/albumentationsx_memory_dataloader_augment_n10000_r2_w8_b256_results.json;gcp_runs/prod-c4-standard-16-rgb-dataloader-cpu/results/image-rgb/pipeline/albumentationsx_memory_dataloader_augment_n10000_r1_w8_b256_results.json
rgb_dataloader_cpu,CPU DataLoader,albumentationsx,RandomCrop224+SmallestMaxSize+Normalize+ToTensor,ok,True,False,3,1328.7369796606447,1331.4897894459314,37.313071332269274,0.02802355048309927,42.22371508483566,,,,gcp_runs/prod-c4-standard-16-rgb-dataloader-cpu-topup-r2/results/image-rgb/pipeline/albumentationsx_memory_dataloader_augment_n10000_r2_w8_b256_results.json;gcp_runs/prod-c4-standard-16-rgb-dataloader-cpu/results/image-rgb/pipeline/albumentationsx_memory_dataloader_augment_n10000_r1_w8_b256_results.json
rgb_dataloader_cpu,CPU DataLoader,albumentationsx,RandomCrop224+Snow+Normalize+ToTensor,ok,True,False,3,4135.045604222957,4056.2987410969945,151.25484474437775,0.037288881908996686,171.16096964562703,,,,gcp_runs/prod-c4-standard-16-rgb-dataloader-cpu-topup-r2/results/image-rgb/pipeline/albumentationsx_memory_dataloader_augment_n10000_r2_w8_b256_results.json;gcp_runs/prod-c4-standard-16-rgb-dataloader-cpu/results/image-rgb/pipeline/albumentationsx_memory_dataloader_augment_n10000_r1_w8_b256_results.json
rgb_dataloader_cpu,CPU DataLoader,albumentationsx,RandomCrop224+Solarize+Normalize+ToTensor,ok,True,False,3,5338.813635495953,5341.813643563902,63.34378132475586,0.0118581039233886,71.68023643069971,,,,gcp_runs/prod-c4-standard-16-rgb-dataloader-cpu-topup-r2/results/image-rgb/pipeline/albumentationsx_memory_dataloader_augment_n10000_r2_w8_b256_results.json;gcp_runs/prod-c4-standard-16-rgb-dataloader-cpu/results/image-rgb/pipeline/albumentationsx_memory_dataloader_augment_n10000_r1_w8_b256_results.json
rgb_dataloader_cpu,CPU DataLoader,albumentationsx,RandomCrop224+ThinPlateSpline+Normalize+ToTensor,ok,True,False,3,720.9504677079678,698.5251237590966,58.54541994371359,0.0838129051517185,66.25037937007254,,,,gcp_runs/prod-c4-standard-16-rgb-dataloader-cpu-topup-r2/results/image-rgb/pipeline/albumentationsx_memory_dataloader_augment_n10000_r2_w8_b256_results.json;gcp_runs/prod-c4-standard-16-rgb-dataloader-cpu/results/image-rgb/pipeline/albumentationsx_memory_dataloader_augment_n10000_r1_w8_b256_results.json
rgb_dataloader_cpu,CPU DataLoader,albumentationsx,RandomCrop224+Transpose+Normalize+ToTensor,ok,True,False,3,5230.601565203944,5225.314247892071,115.177843642075,0.022042280746758642,130.33599970160796,,,,gcp_runs/prod-c4-standard-16-rgb-dataloader-cpu-topup-r2/results/image-rgb/pipeline/albumentationsx_memory_dataloader_augment_n10000_r2_w8_b256_results.json;gcp_runs/prod-c4-standard-16-rgb-dataloader-cpu/results/image-rgb/pipeline/albumentationsx_memory_dataloader_augment_n10000_r1_w8_b256_results.json
rgb_dataloader_cpu,CPU DataLoader,albumentationsx,RandomCrop224+UnsharpMask+Normalize+ToTensor,ok,True,False,3,4521.635281919213,4555.350445541239,68.95589497536392,0.01513734141856368,78.03094087142632,,,,gcp_runs/prod-c4-standard-16-rgb-dataloader-cpu-topup-r2/results/image-rgb/pipeline/albumentationsx_memory_dataloader_augment_n10000_r2_w8_b256_results.json;gcp_runs/prod-c4-standard-16-rgb-dataloader-cpu/results/image-rgb/pipeline/albumentationsx_memory_dataloader_augment_n10000_r1_w8_b256_results.json
rgb_dataloader_cpu,CPU DataLoader,albumentationsx,RandomCrop224+VerticalFlip+Normalize+ToTensor,ok,True,False,3,5301.694351161125,5348.388658626679,146.2598184404986,0.027346520190635167,165.50856527456543,,,,gcp_runs/prod-c4-standard-16-rgb-dataloader-cpu-topup-r2/results/image-rgb/pipeline/albumentationsx_memory_dataloader_augment_n10000_r2_w8_b256_results.json;gcp_runs/prod-c4-standard-16-rgb-dataloader-cpu/results/image-rgb/pipeline/albumentationsx_memory_dataloader_augment_n10000_r1_w8_b256_results.json
rgb_dataloader_cpu,CPU DataLoader,albumentationsx,RandomResizedCrop+Normalize+ToTensor,ok,True,False,3,5056.20900585008,5008.758360035987,127.20673865557322,0.025396860761048825,143.94797581883796,,,,gcp_runs/prod-c4-standard-16-rgb-dataloader-cpu-topup-r2/results/image-rgb/pipeline/albumentationsx_memory_dataloader_augment_n10000_r2_w8_b256_results.json;gcp_runs/prod-c4-standard-16-rgb-dataloader-cpu/results/image-rgb/pipeline/albumentationsx_memory_dataloader_augment_n10000_r1_w8_b256_results.json
rgb_dataloader_cpu,CPU DataLoader,kornia,RandomCrop224+Affine+Normalize+ToTensor,ok,True,False,3,1515.893547569564,1522.783532331585,40.47026554015381,0.026576505905726747,45.796416659415534,,,,gcp_runs/prod-c4-standard-16-rgb-dataloader-cpu-topup-r2/results/image-rgb/pipeline/kornia_memory_dataloader_augment_n10000_r2_w8_b256_results.json;gcp_runs/prod-c4-standard-16-rgb-dataloader-cpu/results/image-rgb/pipeline/kornia_memory_dataloader_augment_n10000_r1_w8_b256_results.json
rgb_dataloader_cpu,CPU DataLoader,kornia,RandomCrop224+AutoContrast+Normalize+ToTensor,ok,True,False,3,1618.5034120730725,1643.0448052126494,69.24054240425744,0.04214160331147881,78.35304976003012,,,,gcp_runs/prod-c4-standard-16-rgb-dataloader-cpu-topup-r2/results/image-rgb/pipeline/kornia_memory_dataloader_augment_n10000_r2_w8_b256_results.json;gcp_runs/prod-c4-standard-16-rgb-dataloader-cpu/results/image-rgb/pipeline/kornia_memory_dataloader_augment_n10000_r1_w8_b256_results.json
rgb_dataloader_cpu,CPU DataLoader,kornia,RandomCrop224+Blur+Normalize+ToTensor,ok,True,False,3,1249.8233049804503,1259.1119794625258,57.58052558317271,0.045731060082322444,65.1584986132288,,,,gcp_runs/prod-c4-standard-16-rgb-dataloader-cpu-topup-r2/results/image-rgb/pipeline/kornia_memory_dataloader_augment_n10000_r2_w8_b256_results.json;gcp_runs/prod-c4-standard-16-rgb-dataloader-cpu/results/image-rgb/pipeline/kornia_memory_dataloader_augment_n10000_r1_w8_b256_results.json
rgb_dataloader_cpu,CPU DataLoader,kornia,RandomCrop224+Brightness+Normalize+ToTensor,ok,True,False,3,1722.446073821083,1741.2789371517822,83.28090807696537,0.047827436661692084,94.24121920532117,,,,gcp_runs/prod-c4-standard-16-rgb-dataloader-cpu-topup-r2/results/image-rgb/pipeline/kornia_memory_dataloader_augment_n10000_r2_w8_b256_results.json;gcp_runs/prod-c4-standard-16-rgb-dataloader-cpu/results/image-rgb/pipeline/kornia_memory_dataloader_augment_n10000_r1_w8_b256_results.json
rgb_dataloader_cpu,CPU DataLoader,kornia,RandomCrop224+CLAHE+Normalize+ToTensor,ok,True,False,3,761.3696879367064,768.3233392045535,17.975958248723757,0.023396345433596092,20.341711694330584,,,,gcp_runs/prod-c4-standard-16-rgb-dataloader-cpu-topup-r2/results/image-rgb/pipeline/kornia_memory_dataloader_augment_n10000_r2_w8_b256_results.json;gcp_runs/prod-c4-standard-16-rgb-dataloader-cpu/results/image-rgb/pipeline/kornia_memory_dataloader_augment_n10000_r1_w8_b256_results.json
rgb_dataloader_cpu,CPU DataLoader,kornia,RandomCrop224+ChannelDropout+Normalize+ToTensor,ok,True,False,3,1739.4255753715722,1736.661093157318,7.372696255740876,0.004245328167245934,8.34299120909447,,,,gcp_runs/prod-c4-standard-16-rgb-dataloader-cpu-topup-r2/results/image-rgb/pipeline/kornia_memory_dataloader_augment_n10000_r2_w8_b256_results.json;gcp_runs/prod-c4-standard-16-rgb-dataloader-cpu/results/image-rgb/pipeline/kornia_memory_dataloader_augment_n10000_r1_w8_b256_results.json
rgb_dataloader_cpu,CPU DataLoader,kornia,RandomCrop224+ChannelShuffle+Normalize+ToTensor,ok,True,False,3,1735.888164002438,1704.082496849259,57.41977919871418,0.03369542220219956,64.97659695528556,,,,gcp_runs/prod-c4-standard-16-rgb-dataloader-cpu-topup-r2/results/image-rgb/pipeline/kornia_memory_dataloader_augment_n10000_r2_w8_b256_results.json;gcp_runs/prod-c4-standard-16-rgb-dataloader-cpu/results/image-rgb/pipeline/kornia_memory_dataloader_augment_n10000_r1_w8_b256_results.json
rgb_dataloader_cpu,CPU DataLoader,kornia,RandomCrop224+ColorJiggle+Normalize+ToTensor,ok,True,False,3,770.0468662027391,777.9168691460727,19.06352544410962,0.024505864572696368,21.57240983184554,,,,gcp_runs/prod-c4-standard-16-rgb-dataloader-cpu-topup-r2/results/image-rgb/pipeline/kornia_memory_dataloader_augment_n10000_r2_w8_b256_results.json;gcp_runs/prod-c4-standard-16-rgb-dataloader-cpu/results/image-rgb/pipeline/kornia_memory_dataloader_augment_n10000_r1_w8_b256_results.json
rgb_dataloader_cpu,CPU DataLoader,kornia,RandomCrop224+ColorJitter+Normalize+ToTensor,ok,True,False,3,968.0403434127714,968.674925962384,17.526198911734113,0.018092962295190758,19.832761092738806,,,,gcp_runs/prod-c4-standard-16-rgb-dataloader-cpu-topup-r2/results/image-rgb/pipeline/kornia_memory_dataloader_augment_n10000_r2_w8_b256_results.json;gcp_runs/prod-c4-standard-16-rgb-dataloader-cpu/results/image-rgb/pipeline/kornia_memory_dataloader_augment_n10000_r1_w8_b256_results.json
rgb_dataloader_cpu,CPU DataLoader,kornia,RandomCrop224+Contrast+Normalize+ToTensor,ok,True,False,3,1728.1064010539642,1756.1834721013165,63.61009797538258,0.03622064493026548,71.98160209096058,,,,gcp_runs/prod-c4-standard-16-rgb-dataloader-cpu-topup-r2/results/image-rgb/pipeline/kornia_memory_dataloader_augment_n10000_r2_w8_b256_results.json;gcp_runs/prod-c4-standard-16-rgb-dataloader-cpu/results/image-rgb/pipeline/kornia_memory_dataloader_augment_n10000_r1_w8_b256_results.json
rgb_dataloader_cpu,CPU DataLoader,kornia,RandomCrop224+CornerIllumination+Normalize+ToTensor,ok,True,False,3,1440.997726928798,1447.6912648142152,51.02234360693464,0.035243939676241974,57.73721707965262,,,,gcp_runs/prod-c4-standard-16-rgb-dataloader-cpu-topup-r2/results/image-rgb/pipeline/kornia_memory_dataloader_augment_n10000_r2_w8_b256_results.json;gcp_runs/prod-c4-standard-16-rgb-dataloader-cpu/results/image-rgb/pipeline/kornia_memory_dataloader_augment_n10000_r1_w8_b256_results.json
rgb_dataloader_cpu,CPU DataLoader,kornia,RandomCrop224+Elastic+Normalize+ToTensor,ok,True,False,3,102.55083742290549,102.48907072461748,0.25868515451027085,0.002524026734570984,0.29272980944005506,,,,gcp_runs/prod-c4-standard-16-rgb-dataloader-cpu-topup-r2/results/image-rgb/pipeline/kornia_memory_dataloader_augment_n10000_r2_w8_b256_results.json;gcp_runs/prod-c4-standard-16-rgb-dataloader-cpu/results/image-rgb/pipeline/kornia_memory_dataloader_augment_n10000_r1_w8_b256_results.json
rgb_dataloader_cpu,CPU DataLoader,kornia,RandomCrop224+Equalize+Normalize+ToTensor,ok,True,False,3,1268.1659173462815,1269.1053878097848,74.58967482933359,0.05877342854722258,84.40616292930552,,,,gcp_runs/prod-c4-standard-16-rgb-dataloader-cpu-topup-r2/results/image-rgb/pipeline/kornia_memory_dataloader_augment_n10000_r2_w8_b256_results.json;gcp_runs/prod-c4-standard-16-rgb-dataloader-cpu/results/image-rgb/pipeline/kornia_memory_dataloader_augment_n10000_r1_w8_b256_results.json
rgb_dataloader_cpu,CPU DataLoader,kornia,RandomCrop224+Erasing+Normalize+ToTensor,ok,True,False,3,1459.7554476486685,1457.1667236301034,65.80926348501639,0.0451624803241951,74.47019213696063,,,,gcp_runs/prod-c4-standard-16-rgb-dataloader-cpu-topup-r2/results/image-rgb/pipeline/kornia_memory_dataloader_augment_n10000_r2_w8_b256_results.json;gcp_runs/prod-c4-standard-16-rgb-dataloader-cpu/results/image-rgb/pipeline/kornia_memory_dataloader_augment_n10000_r1_w8_b256_results.json
rgb_dataloader_cpu,CPU DataLoader,kornia,RandomCrop224+GaussianBlur+Normalize+ToTensor,ok,True,False,3,1226.0602004807859,1243.2376168169314,40.05398738925617,0.03221748348622738,45.32535358655766,,,,gcp_runs/prod-c4-standard-16-rgb-dataloader-cpu-topup-r2/results/image-rgb/pipeline/kornia_memory_dataloader_augment_n10000_r2_w8_b256_results.json;gcp_runs/prod-c4-standard-16-rgb-dataloader-cpu/results/image-rgb/pipeline/kornia_memory_dataloader_augment_n10000_r1_w8_b256_results.json
rgb_dataloader_cpu,CPU DataLoader,kornia,RandomCrop224+GaussianIllumination+Normalize+ToTensor,ok,True,False,3,1409.2918436350549,1406.0276558412397,53.28310122611495,0.0378961971372001,60.29550515886488,,,,gcp_runs/prod-c4-standard-16-rgb-dataloader-cpu-topup-r2/results/image-rgb/pipeline/kornia_memory_dataloader_augment_n10000_r2_w8_b256_results.json;gcp_runs/prod-c4-standard-16-rgb-dataloader-cpu/results/image-rgb/pipeline/kornia_memory_dataloader_augment_n10000_r1_w8_b256_results.json
rgb_dataloader_cpu,CPU DataLoader,kornia,RandomCrop224+GaussianNoise+Normalize+ToTensor,ok,True,False,3,1556.785167167138,1539.341698687971,104.66797129623637,0.06799528096032749,118.44295955069163,,,,gcp_runs/prod-c4-standard-16-rgb-dataloader-cpu-topup-r2/results/image-rgb/pipeline/kornia_memory_dataloader_augment_n10000_r2_w8_b256_results.json;gcp_runs/prod-c4-standard-16-rgb-dataloader-cpu/results/image-rgb/pipeline/kornia_memory_dataloader_augment_n10000_r1_w8_b256_results.json
rgb_dataloader_cpu,CPU DataLoader,kornia,RandomCrop224+Grayscale+Normalize+ToTensor,ok,True,False,3,1723.3082451712203,1743.222151316598,93.57491381664846,0.05367928221080396,105.88998329561852,,,,gcp_runs/prod-c4-standard-16-rgb-dataloader-cpu-topup-r2/results/image-rgb/pipeline/kornia_memory_dataloader_augment_n10000_r2_w8_b256_results.json;gcp_runs/prod-c4-standard-16-rgb-dataloader-cpu/results/image-rgb/pipeline/kornia_memory_dataloader_augment_n10000_r1_w8_b256_results.json
rgb_dataloader_cpu,CPU DataLoader,kornia,RandomCrop224+HorizontalFlip+Normalize+ToTensor,ok,True,False,3,1818.6819474506399,1818.2733187782535,1.0057215875879881,0.0005531190372763977,1.1380811134745359,,,,gcp_runs/prod-c4-standard-16-rgb-dataloader-cpu-topup-r2/results/image-rgb/pipeline/kornia_memory_dataloader_augment_n10000_r2_w8_b256_results.json;gcp_runs/prod-c4-standard-16-rgb-dataloader-cpu/results/image-rgb/pipeline/kornia_memory_dataloader_augment_n10000_r1_w8_b256_results.json
rgb_dataloader_cpu,CPU DataLoader,kornia,RandomCrop224+Hue+Normalize+ToTensor,ok,True,False,3,1095.1170270730984,1109.7566455920635,29.499032894441463,0.02658153299789749,33.38129818158123,,,,gcp_runs/prod-c4-standard-16-rgb-dataloader-cpu-topup-r2/results/image-rgb/pipeline/kornia_memory_dataloader_augment_n10000_r2_w8_b256_results.json;gcp_runs/prod-c4-standard-16-rgb-dataloader-cpu/results/image-rgb/pipeline/kornia_memory_dataloader_augment_n10000_r1_w8_b256_results.json
rgb_dataloader_cpu,CPU DataLoader,kornia,RandomCrop224+Invert+Normalize+ToTensor,ok,True,False,3,1780.2677643989516,1806.5568615653199,81.19003248707322,0.044941863837446465,91.87517073937532,,,,gcp_runs/prod-c4-standard-16-rgb-dataloader-cpu-topup-r2/results/image-rgb/pipeline/kornia_memory_dataloader_augment_n10000_r2_w8_b256_results.json;gcp_runs/prod-c4-standard-16-rgb-dataloader-cpu/results/image-rgb/pipeline/kornia_memory_dataloader_augment_n10000_r1_w8_b256_results.json
rgb_dataloader_cpu,CPU DataLoader,kornia,RandomCrop224+JpegCompression+Normalize+ToTensor,ok,True,False,3,728.9776701617976,742.3481227541259,25.076001812158278,0.033779302517969366,28.376167337040286,,,,gcp_runs/prod-c4-standard-16-rgb-dataloader-cpu-topup-r2/results/image-rgb/pipeline/kornia_memory_dataloader_augment_n10000_r2_w8_b256_results.json;gcp_runs/prod-c4-standard-16-rgb-dataloader-cpu/results/image-rgb/pipeline/kornia_memory_dataloader_augment_n10000_r1_w8_b256_results.json
rgb_dataloader_cpu,CPU DataLoader,kornia,RandomCrop224+LinearIllumination+Normalize+ToTensor,ok,True,False,3,1591.9272411895727,1628.2894453020106,85.31876936395547,0.052397790583314126,96.54727634004628,,,,gcp_runs/prod-c4-standard-16-rgb-dataloader-cpu-topup-r2/results/image-rgb/pipeline/kornia_memory_dataloader_augment_n10000_r2_w8_b256_results.json;gcp_runs/prod-c4-standard-16-rgb-dataloader-cpu/results/image-rgb/pipeline/kornia_memory_dataloader_augment_n10000_r1_w8_b256_results.json
rgb_dataloader_cpu,CPU DataLoader,kornia,RandomCrop224+LongestMaxSize+Normalize+ToTensor,ok,True,False,3,628.1043908774041,605.7780371303867,39.560491717409796,0.06530525917514382,44.7669106629482,,,,gcp_runs/prod-c4-standard-16-rgb-dataloader-cpu-topup-r2/results/image-rgb/pipeline/kornia_memory_dataloader_augment_n10000_r2_w8_b256_results.json;gcp_runs/prod-c4-standard-16-rgb-dataloader-cpu/results/image-rgb/pipeline/kornia_memory_dataloader_augment_n10000_r1_w8_b256_results.json
rgb_dataloader_cpu,CPU DataLoader,kornia,RandomCrop224+MedianBlur+Normalize+ToTensor,ok,True,False,3,87.62131946131413,87.96615032096274,0.6041970303692438,0.0068685173576961776,0.6837133035294205,,,,gcp_runs/prod-c4-standard-16-rgb-dataloader-cpu-topup-r2/results/image-rgb/pipeline/kornia_memory_dataloader_augment_n10000_r2_w8_b256_results.json;gcp_runs/prod-c4-standard-16-rgb-dataloader-cpu/results/image-rgb/pipeline/kornia_memory_dataloader_augment_n10000_r1_w8_b256_results.json
rgb_dataloader_cpu,CPU DataLoader,kornia,RandomCrop224+MotionBlur+Normalize+ToTensor,ok,True,False,3,1174.0239079085513,1185.6660975084949,48.078632540396846,0.04054989228538044,54.40609442135575,,,,gcp_runs/prod-c4-standard-16-rgb-dataloader-cpu-topup-r2/results/image-rgb/pipeline/kornia_memory_dataloader_augment_n10000_r2_w8_b256_results.json;gcp_runs/prod-c4-standard-16-rgb-dataloader-cpu/results/image-rgb/pipeline/kornia_memory_dataloader_augment_n10000_r1_w8_b256_results.json
rgb_dataloader_cpu,CPU DataLoader,kornia,RandomCrop224+Normalize+ToTensor,ok,True,False,3,1856.4677867646988,1867.744839089626,37.29163378559343,0.019966128672999076,42.1994562170813,,,,gcp_runs/prod-c4-standard-16-rgb-dataloader-cpu-topup-r2/results/image-rgb/pipeline/kornia_memory_dataloader_augment_n10000_r2_w8_b256_results.json;gcp_runs/prod-c4-standard-16-rgb-dataloader-cpu/results/image-rgb/pipeline/kornia_memory_dataloader_augment_n10000_r1_w8_b256_results.json
rgb_dataloader_cpu,CPU DataLoader,kornia,RandomCrop224+OpticalDistortion+Normalize+ToTensor,ok,True,False,3,1408.8992624288014,1400.17594640626,49.68060119949457,0.03548168451758261,56.218892613020046,,,,gcp_runs/prod-c4-standard-16-rgb-dataloader-cpu-topup-r2/results/image-rgb/pipeline/kornia_memory_dataloader_augment_n10000_r2_w8_b256_results.json;gcp_runs/prod-c4-standard-16-rgb-dataloader-cpu/results/image-rgb/pipeline/kornia_memory_dataloader_augment_n10000_r1_w8_b256_results.json
rgb_dataloader_cpu,CPU DataLoader,kornia,RandomCrop224+Perspective+Normalize+ToTensor,ok,True,False,3,1263.0633828682126,1281.155394223543,38.06470803266454,0.029711234253307763,43.07427208139543,,,,gcp_runs/prod-c4-standard-16-rgb-dataloader-cpu-topup-r2/results/image-rgb/pipeline/kornia_memory_dataloader_augment_n10000_r2_w8_b256_results.json;gcp_runs/prod-c4-standard-16-rgb-dataloader-cpu/results/image-rgb/pipeline/kornia_memory_dataloader_augment_n10000_r1_w8_b256_results.json
rgb_dataloader_cpu,CPU DataLoader,kornia,RandomCrop224+PlankianJitter+Normalize+ToTensor,ok,True,False,3,1704.001494184377,1695.9065980095547,71.90911527382252,0.04240157763300204,81.37282423863736,,,,gcp_runs/prod-c4-standard-16-rgb-dataloader-cpu-topup-r2/results/image-rgb/pipeline/kornia_memory_dataloader_augment_n10000_r2_w8_b256_results.json;gcp_runs/prod-c4-standard-16-rgb-dataloader-cpu/results/image-rgb/pipeline/kornia_memory_dataloader_augment_n10000_r1_w8_b256_results.json
rgb_dataloader_cpu,CPU DataLoader,kornia,RandomCrop224+PlasmaBrightness+Normalize+ToTensor,ok,True,False,3,439.6750757240442,445.5011816154808,10.56259798027673,0.023709472423786918,11.952704823018951,,,,gcp_runs/prod-c4-standard-16-rgb-dataloader-cpu-topup-r2/results/image-rgb/pipeline/kornia_memory_dataloader_augment_n10000_r2_w8_b256_results.json;gcp_runs/prod-c4-standard-16-rgb-dataloader-cpu/results/image-rgb/pipeline/kornia_memory_dataloader_augment_n10000_r1_w8_b256_results.json
rgb_dataloader_cpu,CPU DataLoader,kornia,RandomCrop224+PlasmaContrast+Normalize+ToTensor,ok,True,False,3,437.85702765980596,442.26941284169305,11.536956733104729,0.026085811946561843,13.055295547954678,,,,gcp_runs/prod-c4-standard-16-rgb-dataloader-cpu-topup-r2/results/image-rgb/pipeline/kornia_memory_dataloader_augment_n10000_r2_w8_b256_results.json;gcp_runs/prod-c4-standard-16-rgb-dataloader-cpu/results/image-rgb/pipeline/kornia_memory_dataloader_augment_n10000_r1_w8_b256_results.json
rgb_dataloader_cpu,CPU DataLoader,kornia,RandomCrop224+PlasmaShadow+Normalize+ToTensor,ok,True,False,3,902.8688890173404,920.4497330571563,30.713590411819233,0.03336802576910741,34.75569939640574,,,,gcp_runs/prod-c4-standard-16-rgb-dataloader-cpu-topup-r2/results/image-rgb/pipeline/kornia_memory_dataloader_augment_n10000_r2_w8_b256_results.json;gcp_runs/prod-c4-standard-16-rgb-dataloader-cpu/results/image-rgb/pipeline/kornia_memory_dataloader_augment_n10000_r1_w8_b256_results.json
rgb_dataloader_cpu,CPU DataLoader,kornia,RandomCrop224+Posterize+Normalize+ToTensor,ok,True,False,3,1586.103349161913,1588.837838398537,69.99334086088653,0.04405316840353957,79.20492140752759,,,,gcp_runs/prod-c4-standard-16-rgb-dataloader-cpu-topup-r2/results/image-rgb/pipeline/kornia_memory_dataloader_augment_n10000_r2_w8_b256_results.json;gcp_runs/prod-c4-standard-16-rgb-dataloader-cpu/results/image-rgb/pipeline/kornia_memory_dataloader_augment_n10000_r1_w8_b256_results.json
rgb_dataloader_cpu,CPU DataLoader,kornia,RandomCrop224+RGBShift+Normalize+ToTensor,ok,True,False,3,1716.5022619052422,1728.73433500457,36.65312834064315,0.021202290946888757,41.47691928765996,,,,gcp_runs/prod-c4-standard-16-rgb-dataloader-cpu-topup-r2/results/image-rgb/pipeline/kornia_memory_dataloader_augment_n10000_r2_w8_b256_results.json;gcp_runs/prod-c4-standard-16-rgb-dataloader-cpu/results/image-rgb/pipeline/kornia_memory_dataloader_augment_n10000_r1_w8_b256_results.json
rgb_dataloader_cpu,CPU DataLoader,kornia,RandomCrop224+Rain+Normalize+ToTensor,ok,True,False,3,1479.3288911642312,1496.6454637294719,39.077963720459856,0.026110367931147817,44.22087883184426,,,,gcp_runs/prod-c4-standard-16-rgb-dataloader-cpu-topup-r2/results/image-rgb/pipeline/kornia_memory_dataloader_augment_n10000_r2_w8_b256_results.json;gcp_runs/prod-c4-standard-16-rgb-dataloader-cpu/results/image-rgb/pipeline/kornia_memory_dataloader_augment_n10000_r1_w8_b256_results.json
rgb_dataloader_cpu,CPU DataLoader,kornia,RandomCrop224+RandomGamma+Normalize+ToTensor,ok,True,False,3,1560.45894091773,1568.94504541685,50.88952132104361,0.032435502740966224,57.586914513926025,,,,gcp_runs/prod-c4-standard-16-rgb-dataloader-cpu-topup-r2/results/image-rgb/pipeline/kornia_memory_dataloader_augment_n10000_r2_w8_b256_results.json;gcp_runs/prod-c4-standard-16-rgb-dataloader-cpu/results/image-rgb/pipeline/kornia_memory_dataloader_augment_n10000_r1_w8_b256_results.json
rgb_dataloader_cpu,CPU DataLoader,kornia,RandomCrop224+RandomJigsaw+Normalize+ToTensor,ok,True,False,3,1563.8580416170196,1569.528597142885,91.49707922118644,0.058295898136386,103.53869210409634,,,,gcp_runs/prod-c4-standard-16-rgb-dataloader-cpu-topup-r2/results/image-rgb/pipeline/kornia_memory_dataloader_augment_n10000_r2_w8_b256_results.json;gcp_runs/prod-c4-standard-16-rgb-dataloader-cpu/results/image-rgb/pipeline/kornia_memory_dataloader_augment_n10000_r1_w8_b256_results.json
rgb_dataloader_cpu,CPU DataLoader,kornia,RandomCrop224+RandomRotate90+Normalize+ToTensor,ok,True,False,3,1454.861897694874,1476.5506446488605,37.67450361626467,0.025515212602290435,42.632714216694445,,,,gcp_runs/prod-c4-standard-16-rgb-dataloader-cpu-topup-r2/results/image-rgb/pipeline/kornia_memory_dataloader_augment_n10000_r2_w8_b256_results.json;gcp_runs/prod-c4-standard-16-rgb-dataloader-cpu/results/image-rgb/pipeline/kornia_memory_dataloader_augment_n10000_r1_w8_b256_results.json
rgb_dataloader_cpu,CPU DataLoader,kornia,RandomCrop224+Resize+Normalize+ToTensor,ok,True,False,3,538.2830425914069,539.8614152133264,6.946695130950646,0.0128675525518075,7.8609255555119315,,,,gcp_runs/prod-c4-standard-16-rgb-dataloader-cpu-topup-r2/results/image-rgb/pipeline/kornia_memory_dataloader_augment_n10000_r2_w8_b256_results.json;gcp_runs/prod-c4-standard-16-rgb-dataloader-cpu/results/image-rgb/pipeline/kornia_memory_dataloader_augment_n10000_r1_w8_b256_results.json
rgb_dataloader_cpu,CPU DataLoader,kornia,RandomCrop224+Rotate+Normalize+ToTensor,ok,True,False,3,1458.5675535447692,1465.2410964043004,20.093661915275845,0.013713553328927004,22.73811898694809,,,,gcp_runs/prod-c4-standard-16-rgb-dataloader-cpu-topup-r2/results/image-rgb/pipeline/kornia_memory_dataloader_augment_n10000_r2_w8_b256_results.json;gcp_runs/prod-c4-standard-16-rgb-dataloader-cpu/results/image-rgb/pipeline/kornia_memory_dataloader_augment_n10000_r1_w8_b256_results.json
rgb_dataloader_cpu,CPU DataLoader,kornia,RandomCrop224+SaltAndPepper+Normalize+ToTensor,ok,True,False,3,1429.0316482137216,1423.6060140518337,41.6611019408092,0.029264488580119413,47.14397490371477,,,,gcp_runs/prod-c4-standard-16-rgb-dataloader-cpu-topup-r2/results/image-rgb/pipeline/kornia_memory_dataloader_augment_n10000_r2_w8_b256_results.json;gcp_runs/prod-c4-standard-16-rgb-dataloader-cpu/results/image-rgb/pipeline/kornia_memory_dataloader_augment_n10000_r1_w8_b256_results.json
rgb_dataloader_cpu,CPU DataLoader,kornia,RandomCrop224+Saturation+Normalize+ToTensor,ok,True,False,3,1100.7560894341782,1109.9049878173641,27.396067681795856,0.024683254857400375,31.001569019611207,,,,gcp_runs/prod-c4-standard-16-rgb-dataloader-cpu-topup-r2/results/image-rgb/pipeline/kornia_memory_dataloader_augment_n10000_r2_w8_b256_results.json;gcp_runs/prod-c4-standard-16-rgb-dataloader-cpu/results/image-rgb/pipeline/kornia_memory_dataloader_augment_n10000_r1_w8_b256_results.json
rgb_dataloader_cpu,CPU DataLoader,kornia,RandomCrop224+Sharpen+Normalize+ToTensor,ok,True,False,3,1207.9590619349603,1222.206937854184,39.24594292836808,0.032110718498515295,44.41096520001625,,,,gcp_runs/prod-c4-standard-16-rgb-dataloader-cpu-topup-r2/results/image-rgb/pipeline/kornia_memory_dataloader_augment_n10000_r2_w8_b256_results.json;gcp_runs/prod-c4-standard-16-rgb-dataloader-cpu/results/image-rgb/pipeline/kornia_memory_dataloader_augment_n10000_r1_w8_b256_results.json
rgb_dataloader_cpu,CPU DataLoader,kornia,RandomCrop224+Shear+Normalize+ToTensor,ok,True,False,3,1488.7440819478375,1503.1752513686931,48.124166896393675,0.032015007466744114,54.45762139583236,,,,gcp_runs/prod-c4-standard-16-rgb-dataloader-cpu-topup-r2/results/image-rgb/pipeline/kornia_memory_dataloader_augment_n10000_r2_w8_b256_results.json;gcp_runs/prod-c4-standard-16-rgb-dataloader-cpu/results/image-rgb/pipeline/kornia_memory_dataloader_augment_n10000_r1_w8_b256_results.json
rgb_dataloader_cpu,CPU DataLoader,kornia,RandomCrop224+SmallestMaxSize+Normalize+ToTensor,ok,True,False,3,553.6421833335977,552.7779602476713,2.372352764968354,0.004291692027492241,2.6845698746357747,,,,gcp_runs/prod-c4-standard-16-rgb-dataloader-cpu-topup-r2/results/image-rgb/pipeline/kornia_memory_dataloader_augment_n10000_r2_w8_b256_results.json;gcp_runs/prod-c4-standard-16-rgb-dataloader-cpu/results/image-rgb/pipeline/kornia_memory_dataloader_augment_n10000_r1_w8_b256_results.json
rgb_dataloader_cpu,CPU DataLoader,kornia,RandomCrop224+Snow+Normalize+ToTensor,ok,True,False,3,1044.5917991064453,1061.5298312065454,35.482362714759844,0.03342568590317451,40.15207326310705,,,,gcp_runs/prod-c4-standard-16-rgb-dataloader-cpu-topup-r2/results/image-rgb/pipeline/kornia_memory_dataloader_augment_n10000_r2_w8_b256_results.json;gcp_runs/prod-c4-standard-16-rgb-dataloader-cpu/results/image-rgb/pipeline/kornia_memory_dataloader_augment_n10000_r1_w8_b256_results.json
rgb_dataloader_cpu,CPU DataLoader,kornia,RandomCrop224+Solarize+Normalize+ToTensor,ok,True,False,3,1529.6671679780757,1540.0299489491138,64.73472397613614,0.042034717584752065,73.25423621453511,,,,gcp_runs/prod-c4-standard-16-rgb-dataloader-cpu-topup-r2/results/image-rgb/pipeline/kornia_memory_dataloader_augment_n10000_r2_w8_b256_results.json;gcp_runs/prod-c4-standard-16-rgb-dataloader-cpu/results/image-rgb/pipeline/kornia_memory_dataloader_augment_n10000_r1_w8_b256_results.json
rgb_dataloader_cpu,CPU DataLoader,kornia,RandomCrop224+ThinPlateSpline+Normalize+ToTensor,ok,True,False,3,753.1876182116495,764.4321451619202,25.033393367819357,0.03274769844028059,28.327951343294984,,,,gcp_runs/prod-c4-standard-16-rgb-dataloader-cpu-topup-r2/results/image-rgb/pipeline/kornia_memory_dataloader_augment_n10000_r2_w8_b256_results.json;gcp_runs/prod-c4-standard-16-rgb-dataloader-cpu/results/image-rgb/pipeline/kornia_memory_dataloader_augment_n10000_r1_w8_b256_results.json
rgb_dataloader_cpu,CPU DataLoader,kornia,RandomCrop224+VerticalFlip+Normalize+ToTensor,ok,True,False,3,1817.4660082031296,1824.5800528995476,58.79836918801815,0.032225699877940786,66.53661838608203,,,,gcp_runs/prod-c4-standard-16-rgb-dataloader-cpu-topup-r2/results/image-rgb/pipeline/kornia_memory_dataloader_augment_n10000_r2_w8_b256_results.json;gcp_runs/prod-c4-standard-16-rgb-dataloader-cpu/results/image-rgb/pipeline/kornia_memory_dataloader_augment_n10000_r1_w8_b256_results.json
rgb_dataloader_cpu,CPU DataLoader,kornia,RandomResizedCrop+Normalize+ToTensor,ok,True,False,3,1541.0016758377756,1577.4409228042052,70.35686223680435,0.04460189996322111,79.61628456944256,,,,gcp_runs/prod-c4-standard-16-rgb-dataloader-cpu-topup-r2/results/image-rgb/pipeline/kornia_memory_dataloader_augment_n10000_r2_w8_b256_results.json;gcp_runs/prod-c4-standard-16-rgb-dataloader-cpu/results/image-rgb/pipeline/kornia_memory_dataloader_augment_n10000_r1_w8_b256_results.json
rgb_dataloader_cpu,CPU DataLoader,pillow,RandomCrop224+Affine+Normalize+ToTensor,ok,True,False,3,2678.5863358611164,2711.680444308124,176.4506474234631,0.06507059037647184,199.6727044256955,,,,gcp_runs/prod-c4-standard-16-rgb-dataloader-cpu-topup-r2/results/image-rgb/pipeline/pillow_memory_dataloader_augment_n10000_r2_w8_b256_results.json;gcp_runs/prod-c4-standard-16-rgb-dataloader-cpu/results/image-rgb/pipeline/pillow_memory_dataloader_augment_n10000_r1_w8_b256_results.json
rgb_dataloader_cpu,CPU DataLoader,pillow,RandomCrop224+AutoContrast+Normalize+ToTensor,ok,True,False,3,3271.533343289009,3370.778794494066,178.7853412257619,0.0530397727426657,202.31465917235136,,,,gcp_runs/prod-c4-standard-16-rgb-dataloader-cpu-topup-r2/results/image-rgb/pipeline/pillow_memory_dataloader_augment_n10000_r2_w8_b256_results.json;gcp_runs/prod-c4-standard-16-rgb-dataloader-cpu/results/image-rgb/pipeline/pillow_memory_dataloader_augment_n10000_r1_w8_b256_results.json
rgb_dataloader_cpu,CPU DataLoader,pillow,RandomCrop224+Blur+Normalize+ToTensor,ok,True,False,3,3053.485335247122,3116.2965852812226,186.48259075811276,0.059841092031772736,211.02491698781543,,,,gcp_runs/prod-c4-standard-16-rgb-dataloader-cpu-topup-r2/results/image-rgb/pipeline/pillow_memory_dataloader_augment_n10000_r2_w8_b256_results.json;gcp_runs/prod-c4-standard-16-rgb-dataloader-cpu/results/image-rgb/pipeline/pillow_memory_dataloader_augment_n10000_r1_w8_b256_results.json
rgb_dataloader_cpu,CPU DataLoader,pillow,RandomCrop224+Brightness+Normalize+ToTensor,ok,True,False,3,3260.2538276552145,3353.782317749401,170.44896950510693,0.05082290779667802,192.8811665166609,,,,gcp_runs/prod-c4-standard-16-rgb-dataloader-cpu-topup-r2/results/image-rgb/pipeline/pillow_memory_dataloader_augment_n10000_r2_w8_b256_results.json;gcp_runs/prod-c4-standard-16-rgb-dataloader-cpu/results/image-rgb/pipeline/pillow_memory_dataloader_augment_n10000_r1_w8_b256_results.json
rgb_dataloader_cpu,CPU DataLoader,pillow,RandomCrop224+Contrast+Normalize+ToTensor,ok,True,False,3,2967.3255971508315,3031.3942648767465,188.83257016268928,0.06229231622906927,213.6841690217872,,,,gcp_runs/prod-c4-standard-16-rgb-dataloader-cpu-topup-r2/results/image-rgb/pipeline/pillow_memory_dataloader_augment_n10000_r2_w8_b256_results.json;gcp_runs/prod-c4-standard-16-rgb-dataloader-cpu/results/image-rgb/pipeline/pillow_memory_dataloader_augment_n10000_r1_w8_b256_results.json
rgb_dataloader_cpu,CPU DataLoader,pillow,RandomCrop224+EnhanceDetail+Normalize+ToTensor,ok,True,False,3,2707.4493949329285,2737.7019383851402,171.0366883002299,0.06247454695565491,193.54623294162215,,,,gcp_runs/prod-c4-standard-16-rgb-dataloader-cpu-topup-r2/results/image-rgb/pipeline/pillow_memory_dataloader_augment_n10000_r2_w8_b256_results.json;gcp_runs/prod-c4-standard-16-rgb-dataloader-cpu/results/image-rgb/pipeline/pillow_memory_dataloader_augment_n10000_r1_w8_b256_results.json
rgb_dataloader_cpu,CPU DataLoader,pillow,RandomCrop224+EnhanceEdge+Normalize+ToTensor,ok,True,False,3,2518.7017407490416,2572.6913639114377,100.2715687096456,0.03897535869098418,113.46796168569671,,,,gcp_runs/prod-c4-standard-16-rgb-dataloader-cpu-topup-r2/results/image-rgb/pipeline/pillow_memory_dataloader_augment_n10000_r2_w8_b256_results.json;gcp_runs/prod-c4-standard-16-rgb-dataloader-cpu/results/image-rgb/pipeline/pillow_memory_dataloader_augment_n10000_r1_w8_b256_results.json
rgb_dataloader_cpu,CPU DataLoader,pillow,RandomCrop224+Equalize+Normalize+ToTensor,ok,True,False,3,3241.223565707919,3329.4369538852375,172.75529404487781,0.05188723992604322,195.49101842065662,,,,gcp_runs/prod-c4-standard-16-rgb-dataloader-cpu-topup-r2/results/image-rgb/pipeline/pillow_memory_dataloader_augment_n10000_r2_w8_b256_results.json;gcp_runs/prod-c4-standard-16-rgb-dataloader-cpu/results/image-rgb/pipeline/pillow_memory_dataloader_augment_n10000_r1_w8_b256_results.json
rgb_dataloader_cpu,CPU DataLoader,pillow,RandomCrop224+GaussianBlur+Normalize+ToTensor,ok,True,False,3,2309.92142700161,2344.636964689585,115.58638110564172,0.04929819961315189,130.79830336215397,,,,gcp_runs/prod-c4-standard-16-rgb-dataloader-cpu-topup-r2/results/image-rgb/pipeline/pillow_memory_dataloader_augment_n10000_r2_w8_b256_results.json;gcp_runs/prod-c4-standard-16-rgb-dataloader-cpu/results/image-rgb/pipeline/pillow_memory_dataloader_augment_n10000_r1_w8_b256_results.json
rgb_dataloader_cpu,CPU DataLoader,pillow,RandomCrop224+Grayscale+Normalize+ToTensor,ok,True,False,3,3541.9963464622715,3685.0448470276265,259.1393208189841,0.07032189066247241,293.2437469996163,,,,gcp_runs/prod-c4-standard-16-rgb-dataloader-cpu-topup-r2/results/image-rgb/pipeline/pillow_memory_dataloader_augment_n10000_r2_w8_b256_results.json;gcp_runs/prod-c4-standard-16-rgb-dataloader-cpu/results/image-rgb/pipeline/pillow_memory_dataloader_augment_n10000_r1_w8_b256_results.json
rgb_dataloader_cpu,CPU DataLoader,pillow,RandomCrop224+HorizontalFlip+Normalize+ToTensor,ok,True,False,3,3613.160069551177,3750.8236263931835,280.87874953126527,0.0748845527032579,317.8442264369821,,,,gcp_runs/prod-c4-standard-16-rgb-dataloader-cpu-topup-r2/results/image-rgb/pipeline/pillow_memory_dataloader_augment_n10000_r2_w8_b256_results.json;gcp_runs/prod-c4-standard-16-rgb-dataloader-cpu/results/image-rgb/pipeline/pillow_memory_dataloader_augment_n10000_r1_w8_b256_results.json
rgb_dataloader_cpu,CPU DataLoader,pillow,RandomCrop224+Invert+Normalize+ToTensor,ok,True,False,3,3566.6905351380074,3607.912346203455,263.7279709635794,0.0730971114753095,298.43629345616654,,,,gcp_runs/prod-c4-standard-16-rgb-dataloader-cpu-topup-r2/results/image-rgb/pipeline/pillow_memory_dataloader_augment_n10000_r2_w8_b256_results.json;gcp_runs/prod-c4-standard-16-rgb-dataloader-cpu/results/image-rgb/pipeline/pillow_memory_dataloader_augment_n10000_r1_w8_b256_results.json
rgb_dataloader_cpu,CPU DataLoader,pillow,RandomCrop224+JpegCompression+Normalize+ToTensor,ok,True,False,3,2972.1135157423055,3026.3385168926875,98.56633278507542,0.032569500151714365,111.53830558233517,,,,gcp_runs/prod-c4-standard-16-rgb-dataloader-cpu-topup-r2/results/image-rgb/pipeline/pillow_memory_dataloader_augment_n10000_r2_w8_b256_results.json;gcp_runs/prod-c4-standard-16-rgb-dataloader-cpu/results/image-rgb/pipeline/pillow_memory_dataloader_augment_n10000_r1_w8_b256_results.json
rgb_dataloader_cpu,CPU DataLoader,pillow,RandomCrop224+MedianBlur+Normalize+ToTensor,ok,True,False,3,164.82932460253565,165.28150928031087,1.5907190322515579,0.009624301225092044,1.8000680404919758,,,,gcp_runs/prod-c4-standard-16-rgb-dataloader-cpu-topup-r2/results/image-rgb/pipeline/pillow_memory_dataloader_augment_n10000_r2_w8_b256_results.json;gcp_runs/prod-c4-standard-16-rgb-dataloader-cpu/results/image-rgb/pipeline/pillow_memory_dataloader_augment_n10000_r1_w8_b256_results.json
rgb_dataloader_cpu,CPU DataLoader,pillow,RandomCrop224+Normalize+ToTensor,ok,True,False,3,3709.7054823195185,3806.051120095956,198.42928929231823,0.05213521390835012,224.5438790325311,,,,gcp_runs/prod-c4-standard-16-rgb-dataloader-cpu-topup-r2/results/image-rgb/pipeline/pillow_memory_dataloader_augment_n10000_r2_w8_b256_results.json;gcp_runs/prod-c4-standard-16-rgb-dataloader-cpu/results/image-rgb/pipeline/pillow_memory_dataloader_augment_n10000_r1_w8_b256_results.json
rgb_dataloader_cpu,CPU DataLoader,pillow,RandomCrop224+Pad+Normalize+ToTensor,ok,True,False,3,3372.448955714445,3398.5143898214997,192.50048339632136,0.05664253886134996,217.8348035796785,,,,gcp_runs/prod-c4-standard-16-rgb-dataloader-cpu-topup-r2/results/image-rgb/pipeline/pillow_memory_dataloader_augment_n10000_r2_w8_b256_results.json;gcp_runs/prod-c4-standard-16-rgb-dataloader-cpu/results/image-rgb/pipeline/pillow_memory_dataloader_augment_n10000_r1_w8_b256_results.json
rgb_dataloader_cpu,CPU DataLoader,pillow,RandomCrop224+Posterize+Normalize+ToTensor,ok,True,False,3,3498.265255912074,3585.6927604714547,278.5539260570872,0.07768482819494617,315.2134410180574,,,,gcp_runs/prod-c4-standard-16-rgb-dataloader-cpu-topup-r2/results/image-rgb/pipeline/pillow_memory_dataloader_augment_n10000_r2_w8_b256_results.json;gcp_runs/prod-c4-standard-16-rgb-dataloader-cpu/results/image-rgb/pipeline/pillow_memory_dataloader_augment_n10000_r1_w8_b256_results.json
rgb_dataloader_cpu,CPU DataLoader,pillow,RandomCrop224+Resize+Normalize+ToTensor,early_stopped,True,True,0,3.916195631924262,3.916195631924262,0.0,0.0,0.0,,,RandomCrop224+Resize+Normalize+ToTensor slower than threshold: 0.253 sec/image >= 0.050; RandomCrop224+Resize+Normalize+ToTensor slower than threshold: 0.257 sec/image >= 0.050,gcp_runs/prod-c4-standard-16-rgb-dataloader-cpu-topup-r2/results/image-rgb/pipeline/pillow_memory_dataloader_augment_n10000_r2_w8_b256_results.json;gcp_runs/prod-c4-standard-16-rgb-dataloader-cpu/results/image-rgb/pipeline/pillow_memory_dataloader_augment_n10000_r1_w8_b256_results.json
rgb_dataloader_cpu,CPU DataLoader,pillow,RandomCrop224+Rotate+Normalize+ToTensor,ok,True,False,3,3532.062574759327,3671.6425879134604,268.63174805687726,0.07316391550233561,303.98543962489487,,,,gcp_runs/prod-c4-standard-16-rgb-dataloader-cpu-topup-r2/results/image-rgb/pipeline/pillow_memory_dataloader_augment_n10000_r2_w8_b256_results.json;gcp_runs/prod-c4-standard-16-rgb-dataloader-cpu/results/image-rgb/pipeline/pillow_memory_dataloader_augment_n10000_r1_w8_b256_results.json
rgb_dataloader_cpu,CPU DataLoader,pillow,RandomCrop224+Saturation+Normalize+ToTensor,ok,True,False,3,3155.5058657767927,3226.39460579221,184.53867197804828,0.05719655979053331,208.82516580714758,,,,gcp_runs/prod-c4-standard-16-rgb-dataloader-cpu-topup-r2/results/image-rgb/pipeline/pillow_memory_dataloader_augment_n10000_r2_w8_b256_results.json;gcp_runs/prod-c4-standard-16-rgb-dataloader-cpu/results/image-rgb/pipeline/pillow_memory_dataloader_augment_n10000_r1_w8_b256_results.json
rgb_dataloader_cpu,CPU DataLoader,pillow,RandomCrop224+Shear+Normalize+ToTensor,ok,True,False,3,2523.910735274077,2545.799695721208,66.80421846102784,0.02624095625956254,75.5960896824949,,,,gcp_runs/prod-c4-standard-16-rgb-dataloader-cpu-topup-r2/results/image-rgb/pipeline/pillow_memory_dataloader_augment_n10000_r2_w8_b256_results.json;gcp_runs/prod-c4-standard-16-rgb-dataloader-cpu/results/image-rgb/pipeline/pillow_memory_dataloader_augment_n10000_r1_w8_b256_results.json
rgb_dataloader_cpu,CPU DataLoader,pillow,RandomCrop224+Solarize+Normalize+ToTensor,ok,True,False,3,3603.135183045816,3680.2919853795997,183.36643458636019,0.04982388226662593,207.49865432280282,,,,gcp_runs/prod-c4-standard-16-rgb-dataloader-cpu-topup-r2/results/image-rgb/pipeline/pillow_memory_dataloader_augment_n10000_r2_w8_b256_results.json;gcp_runs/prod-c4-standard-16-rgb-dataloader-cpu/results/image-rgb/pipeline/pillow_memory_dataloader_augment_n10000_r1_w8_b256_results.json
rgb_dataloader_cpu,CPU DataLoader,pillow,RandomCrop224+Transpose+Normalize+ToTensor,ok,True,False,3,3605.9341168744277,3722.004537300987,317.1114632227687,0.08519910710606554,358.84540176337197,,,,gcp_runs/prod-c4-standard-16-rgb-dataloader-cpu-topup-r2/results/image-rgb/pipeline/pillow_memory_dataloader_augment_n10000_r2_w8_b256_results.json;gcp_runs/prod-c4-standard-16-rgb-dataloader-cpu/results/image-rgb/pipeline/pillow_memory_dataloader_augment_n10000_r1_w8_b256_results.json
rgb_dataloader_cpu,CPU DataLoader,pillow,RandomCrop224+UnsharpMask+Normalize+ToTensor,ok,True,False,3,2083.122054414947,2095.961934529025,29.092361237946577,0.013880195417043108,32.921105880496974,,,,gcp_runs/prod-c4-standard-16-rgb-dataloader-cpu-topup-r2/results/image-rgb/pipeline/pillow_memory_dataloader_augment_n10000_r2_w8_b256_results.json;gcp_runs/prod-c4-standard-16-rgb-dataloader-cpu/results/image-rgb/pipeline/pillow_memory_dataloader_augment_n10000_r1_w8_b256_results.json
rgb_dataloader_cpu,CPU DataLoader,pillow,RandomCrop224+VerticalFlip+Normalize+ToTensor,ok,True,False,3,3737.1926845821695,3821.780545356163,226.19306416562765,0.05918525710234051,255.96154791030878,,,,gcp_runs/prod-c4-standard-16-rgb-dataloader-cpu-topup-r2/results/image-rgb/pipeline/pillow_memory_dataloader_augment_n10000_r2_w8_b256_results.json;gcp_runs/prod-c4-standard-16-rgb-dataloader-cpu/results/image-rgb/pipeline/pillow_memory_dataloader_augment_n10000_r1_w8_b256_results.json
rgb_dataloader_cpu,CPU DataLoader,pillow,RandomResizedCrop+Normalize+ToTensor,ok,True,False,3,2805.379710817441,2839.623688455402,108.50116108491427,0.038209697125020425,122.78062213713392,,,,gcp_runs/prod-c4-standard-16-rgb-dataloader-cpu-topup-r2/results/image-rgb/pipeline/pillow_memory_dataloader_augment_n10000_r2_w8_b256_results.json;gcp_runs/prod-c4-standard-16-rgb-dataloader-cpu/results/image-rgb/pipeline/pillow_memory_dataloader_augment_n10000_r1_w8_b256_results.json
rgb_dataloader_cpu,CPU DataLoader,torchvision,RandomCrop224+Affine+Normalize+ToTensor,ok,True,False,3,2857.6101188532302,2953.3982392570156,192.19918483530125,0.06507730054164747,217.49385216126814,,,,gcp_runs/prod-c4-standard-16-rgb-dataloader-cpu-topup-r2/results/image-rgb/pipeline/torchvision_memory_dataloader_augment_n10000_r2_w8_b256_results.json;gcp_runs/prod-c4-standard-16-rgb-dataloader-cpu/results/image-rgb/pipeline/torchvision_memory_dataloader_augment_n10000_r1_w8_b256_results.json
rgb_dataloader_cpu,CPU DataLoader,torchvision,RandomCrop224+AutoContrast+Normalize+ToTensor,ok,True,False,3,2330.402556545724,2324.787323110182,102.13903297036288,0.04393478575653866,115.58119643320586,,,,gcp_runs/prod-c4-standard-16-rgb-dataloader-cpu-topup-r2/results/image-rgb/pipeline/torchvision_memory_dataloader_augment_n10000_r2_w8_b256_results.json;gcp_runs/prod-c4-standard-16-rgb-dataloader-cpu/results/image-rgb/pipeline/torchvision_memory_dataloader_augment_n10000_r1_w8_b256_results.json
rgb_dataloader_cpu,CPU DataLoader,torchvision,RandomCrop224+Brightness+Normalize+ToTensor,ok,True,False,3,3491.334857239758,3616.1458246141633,235.85951988107198,0.06522400680736867,266.9001722967747,,,,gcp_runs/prod-c4-standard-16-rgb-dataloader-cpu-topup-r2/results/image-rgb/pipeline/torchvision_memory_dataloader_augment_n10000_r2_w8_b256_results.json;gcp_runs/prod-c4-standard-16-rgb-dataloader-cpu/results/image-rgb/pipeline/torchvision_memory_dataloader_augment_n10000_r1_w8_b256_results.json
rgb_dataloader_cpu,CPU DataLoader,torchvision,RandomCrop224+ChannelShuffle+Normalize+ToTensor,ok,True,False,3,4065.640168714122,4221.828318116849,278.4602883357389,0.06595727427872917,315.10747996134893,,,,gcp_runs/prod-c4-standard-16-rgb-dataloader-cpu-topup-r2/results/image-rgb/pipeline/torchvision_memory_dataloader_augment_n10000_r2_w8_b256_results.json;gcp_runs/prod-c4-standard-16-rgb-dataloader-cpu/results/image-rgb/pipeline/torchvision_memory_dataloader_augment_n10000_r1_w8_b256_results.json
rgb_dataloader_cpu,CPU DataLoader,torchvision,RandomCrop224+ColorJiggle+Normalize+ToTensor,ok,True,False,3,1235.4039219463996,1233.8398330798157,33.586319170823245,0.027220971693698418,38.00649801215244,,,,gcp_runs/prod-c4-standard-16-rgb-dataloader-cpu-topup-r2/results/image-rgb/pipeline/torchvision_memory_dataloader_augment_n10000_r2_w8_b256_results.json;gcp_runs/prod-c4-standard-16-rgb-dataloader-cpu/results/image-rgb/pipeline/torchvision_memory_dataloader_augment_n10000_r1_w8_b256_results.json
rgb_dataloader_cpu,CPU DataLoader,torchvision,RandomCrop224+ColorJitter+Normalize+ToTensor,ok,True,False,3,1248.5440018285258,1227.1158793540471,50.42400610585004,0.04109147877085023,57.06013445771044,,,,gcp_runs/prod-c4-standard-16-rgb-dataloader-cpu-topup-r2/results/image-rgb/pipeline/torchvision_memory_dataloader_augment_n10000_r2_w8_b256_results.json;gcp_runs/prod-c4-standard-16-rgb-dataloader-cpu/results/image-rgb/pipeline/torchvision_memory_dataloader_augment_n10000_r1_w8_b256_results.json
rgb_dataloader_cpu,CPU DataLoader,torchvision,RandomCrop224+Contrast+Normalize+ToTensor,ok,True,False,3,3197.925952121139,3165.5586488715367,165.56712439028436,0.052302655788514923,187.35683871793856,,,,gcp_runs/prod-c4-standard-16-rgb-dataloader-cpu-topup-r2/results/image-rgb/pipeline/torchvision_memory_dataloader_augment_n10000_r2_w8_b256_results.json;gcp_runs/prod-c4-standard-16-rgb-dataloader-cpu/results/image-rgb/pipeline/torchvision_memory_dataloader_augment_n10000_r1_w8_b256_results.json
rgb_dataloader_cpu,CPU DataLoader,torchvision,RandomCrop224+Elastic+Normalize+ToTensor,ok,True,False,3,232.8714173638744,232.94444566536188,1.0206055119968678,0.004381325809601086,1.1549238594921027,,,,gcp_runs/prod-c4-standard-16-rgb-dataloader-cpu-topup-r2/results/image-rgb/pipeline/torchvision_memory_dataloader_augment_n10000_r2_w8_b256_results.json;gcp_runs/prod-c4-standard-16-rgb-dataloader-cpu/results/image-rgb/pipeline/torchvision_memory_dataloader_augment_n10000_r1_w8_b256_results.json
rgb_dataloader_cpu,CPU DataLoader,torchvision,RandomCrop224+Equalize+Normalize+ToTensor,ok,True,False,3,2961.842669448598,2925.545154282747,157.65856671163078,0.05389032074272796,178.4074632247808,,,,gcp_runs/prod-c4-standard-16-rgb-dataloader-cpu-topup-r2/results/image-rgb/pipeline/torchvision_memory_dataloader_augment_n10000_r2_w8_b256_results.json;gcp_runs/prod-c4-standard-16-rgb-dataloader-cpu/results/image-rgb/pipeline/torchvision_memory_dataloader_augment_n10000_r1_w8_b256_results.json
rgb_dataloader_cpu,CPU DataLoader,torchvision,RandomCrop224+Erasing+Normalize+ToTensor,ok,True,False,3,3697.8937866423134,3781.793208641373,254.96895295272003,0.06742012026731595,288.5245314996099,,,,gcp_runs/prod-c4-standard-16-rgb-dataloader-cpu-topup-r2/results/image-rgb/pipeline/torchvision_memory_dataloader_augment_n10000_r2_w8_b256_results.json;gcp_runs/prod-c4-standard-16-rgb-dataloader-cpu/results/image-rgb/pipeline/torchvision_memory_dataloader_augment_n10000_r1_w8_b256_results.json
rgb_dataloader_cpu,CPU DataLoader,torchvision,RandomCrop224+GaussianBlur+Normalize+ToTensor,ok,True,False,3,1458.0711688261417,1851.0706585728492,695.4269633177705,0.3756890424992936,786.949691167548,,,,gcp_runs/prod-c4-standard-16-rgb-dataloader-cpu-topup-r2/results/image-rgb/pipeline/torchvision_memory_dataloader_augment_n10000_r2_w8_b256_results.json;gcp_runs/prod-c4-standard-16-rgb-dataloader-cpu/results/image-rgb/pipeline/torchvision_memory_dataloader_augment_n10000_r1_w8_b256_results.json
rgb_dataloader_cpu,CPU DataLoader,torchvision,RandomCrop224+Grayscale+Normalize+ToTensor,ok,True,False,3,3946.4038467363175,4010.6706937729286,155.1061318220754,0.03867336504662355,175.51911124245615,,,,gcp_runs/prod-c4-standard-16-rgb-dataloader-cpu-topup-r2/results/image-rgb/pipeline/torchvision_memory_dataloader_augment_n10000_r2_w8_b256_results.json;gcp_runs/prod-c4-standard-16-rgb-dataloader-cpu/results/image-rgb/pipeline/torchvision_memory_dataloader_augment_n10000_r1_w8_b256_results.json
rgb_dataloader_cpu,CPU DataLoader,torchvision,RandomCrop224+HorizontalFlip+Normalize+ToTensor,ok,True,False,3,3760.4036507227393,3840.2848813039454,159.1754532219375,0.04144886594139611,180.1239819014899,,,,gcp_runs/prod-c4-standard-16-rgb-dataloader-cpu-topup-r2/results/image-rgb/pipeline/torchvision_memory_dataloader_augment_n10000_r2_w8_b256_results.json;gcp_runs/prod-c4-standard-16-rgb-dataloader-cpu/results/image-rgb/pipeline/torchvision_memory_dataloader_augment_n10000_r1_w8_b256_results.json
rgb_dataloader_cpu,CPU DataLoader,torchvision,RandomCrop224+Invert+Normalize+ToTensor,ok,True,False,3,3794.0290267759565,3882.2288904695615,158.00331517369466,0.04069912404226736,178.79758283483636,,,,gcp_runs/prod-c4-standard-16-rgb-dataloader-cpu-topup-r2/results/image-rgb/pipeline/torchvision_memory_dataloader_augment_n10000_r2_w8_b256_results.json;gcp_runs/prod-c4-standard-16-rgb-dataloader-cpu/results/image-rgb/pipeline/torchvision_memory_dataloader_augment_n10000_r1_w8_b256_results.json
rgb_dataloader_cpu,CPU DataLoader,torchvision,RandomCrop224+JpegCompression+Normalize+ToTensor,ok,True,False,3,3447.3088134907543,3448.7709830968997,34.61051353627279,0.010035607961765418,39.16548304163824,,,,gcp_runs/prod-c4-standard-16-rgb-dataloader-cpu-topup-r2/results/image-rgb/pipeline/torchvision_memory_dataloader_augment_n10000_r2_w8_b256_results.json;gcp_runs/prod-c4-standard-16-rgb-dataloader-cpu/results/image-rgb/pipeline/torchvision_memory_dataloader_augment_n10000_r1_w8_b256_results.json
rgb_dataloader_cpu,CPU DataLoader,torchvision,RandomCrop224+Normalize+ToTensor,ok,True,False,3,3939.9366491912415,4066.973500991307,260.9001865844221,0.06415094332943866,295.2363541940338,,,,gcp_runs/prod-c4-standard-16-rgb-dataloader-cpu-topup-r2/results/image-rgb/pipeline/torchvision_memory_dataloader_augment_n10000_r2_w8_b256_results.json;gcp_runs/prod-c4-standard-16-rgb-dataloader-cpu/results/image-rgb/pipeline/torchvision_memory_dataloader_augment_n10000_r1_w8_b256_results.json
rgb_dataloader_cpu,CPU DataLoader,torchvision,RandomCrop224+Pad+Normalize+ToTensor,ok,True,False,3,3707.3613672051524,3807.914082909123,316.13763760608794,0.08302121075288785,357.7434143387806,,,,gcp_runs/prod-c4-standard-16-rgb-dataloader-cpu-topup-r2/results/image-rgb/pipeline/torchvision_memory_dataloader_augment_n10000_r2_w8_b256_results.json;gcp_runs/prod-c4-standard-16-rgb-dataloader-cpu/results/image-rgb/pipeline/torchvision_memory_dataloader_augment_n10000_r1_w8_b256_results.json
rgb_dataloader_cpu,CPU DataLoader,torchvision,RandomCrop224+Perspective+Normalize+ToTensor,ok,True,False,3,2549.8237622119022,2575.2411144982393,56.41943597523711,0.021908409141809575,63.8446020337468,,,,gcp_runs/prod-c4-standard-16-rgb-dataloader-cpu-topup-r2/results/image-rgb/pipeline/torchvision_memory_dataloader_augment_n10000_r2_w8_b256_results.json;gcp_runs/prod-c4-standard-16-rgb-dataloader-cpu/results/image-rgb/pipeline/torchvision_memory_dataloader_augment_n10000_r1_w8_b256_results.json
rgb_dataloader_cpu,CPU DataLoader,torchvision,RandomCrop224+PhotoMetricDistort+Normalize+ToTensor,ok,True,False,3,1190.5039452332333,1195.2655677961782,36.48236420547428,0.030522392000917584,41.2836814776209,,,,gcp_runs/prod-c4-standard-16-rgb-dataloader-cpu-topup-r2/results/image-rgb/pipeline/torchvision_memory_dataloader_augment_n10000_r2_w8_b256_results.json;gcp_runs/prod-c4-standard-16-rgb-dataloader-cpu/results/image-rgb/pipeline/torchvision_memory_dataloader_augment_n10000_r1_w8_b256_results.json
rgb_dataloader_cpu,CPU DataLoader,torchvision,RandomCrop224+Posterize+Normalize+ToTensor,ok,True,False,3,3702.217835029843,3832.910416060446,253.87415202861777,0.06623534715678418,287.2856476274605,,,,gcp_runs/prod-c4-standard-16-rgb-dataloader-cpu-topup-r2/results/image-rgb/pipeline/torchvision_memory_dataloader_augment_n10000_r2_w8_b256_results.json;gcp_runs/prod-c4-standard-16-rgb-dataloader-cpu/results/image-rgb/pipeline/torchvision_memory_dataloader_augment_n10000_r1_w8_b256_results.json
rgb_dataloader_cpu,CPU DataLoader,torchvision,RandomCrop224+Resize+Normalize+ToTensor,ok,True,False,3,1225.0812076716193,1224.550402381609,10.892159359045525,0.00889482322480278,12.325638630482421,,,,gcp_runs/prod-c4-standard-16-rgb-dataloader-cpu-topup-r2/results/image-rgb/pipeline/torchvision_memory_dataloader_augment_n10000_r2_w8_b256_results.json;gcp_runs/prod-c4-standard-16-rgb-dataloader-cpu/results/image-rgb/pipeline/torchvision_memory_dataloader_augment_n10000_r1_w8_b256_results.json
rgb_dataloader_cpu,CPU DataLoader,torchvision,RandomCrop224+Rotate+Normalize+ToTensor,ok,True,False,3,2987.6486404569814,2998.529621830389,137.40505422090564,0.04582414434746509,155.48845628321178,,,,gcp_runs/prod-c4-standard-16-rgb-dataloader-cpu-topup-r2/results/image-rgb/pipeline/torchvision_memory_dataloader_augment_n10000_r2_w8_b256_results.json;gcp_runs/prod-c4-standard-16-rgb-dataloader-cpu/results/image-rgb/pipeline/torchvision_memory_dataloader_augment_n10000_r1_w8_b256_results.json
rgb_dataloader_cpu,CPU DataLoader,torchvision,RandomCrop224+Sharpen+Normalize+ToTensor,ok,True,False,3,1400.9595140330212,1565.159304489891,289.53973537947667,0.18499058501514135,327.64505455837036,,,,gcp_runs/prod-c4-standard-16-rgb-dataloader-cpu-topup-r2/results/image-rgb/pipeline/torchvision_memory_dataloader_augment_n10000_r2_w8_b256_results.json;gcp_runs/prod-c4-standard-16-rgb-dataloader-cpu/results/image-rgb/pipeline/torchvision_memory_dataloader_augment_n10000_r1_w8_b256_results.json
rgb_dataloader_cpu,CPU DataLoader,torchvision,RandomCrop224+Solarize+Normalize+ToTensor,ok,True,False,3,3545.486194494941,3519.3381134445535,66.42380960597062,0.018873949437315726,75.16561653895087,,,,gcp_runs/prod-c4-standard-16-rgb-dataloader-cpu-topup-r2/results/image-rgb/pipeline/torchvision_memory_dataloader_augment_n10000_r2_w8_b256_results.json;gcp_runs/prod-c4-standard-16-rgb-dataloader-cpu/results/image-rgb/pipeline/torchvision_memory_dataloader_augment_n10000_r1_w8_b256_results.json
rgb_dataloader_cpu,CPU DataLoader,torchvision,RandomCrop224+VerticalFlip+Normalize+ToTensor,ok,True,False,3,3828.033849399919,3874.4770891441244,116.96117107093491,0.030187601676274652,132.35402466097477,,,,gcp_runs/prod-c4-standard-16-rgb-dataloader-cpu-topup-r2/results/image-rgb/pipeline/torchvision_memory_dataloader_augment_n10000_r2_w8_b256_results.json;gcp_runs/prod-c4-standard-16-rgb-dataloader-cpu/results/image-rgb/pipeline/torchvision_memory_dataloader_augment_n10000_r1_w8_b256_results.json
rgb_dataloader_cpu,CPU DataLoader,torchvision,RandomResizedCrop+Normalize+ToTensor,ok,True,False,3,3787.7666283785366,3792.3311532152006,75.43484595205832,0.019891418471750133,85.3625640887297,,,,gcp_runs/prod-c4-standard-16-rgb-dataloader-cpu-topup-r2/results/image-rgb/pipeline/torchvision_memory_dataloader_augment_n10000_r2_w8_b256_results.json;gcp_runs/prod-c4-standard-16-rgb-dataloader-cpu/results/image-rgb/pipeline/torchvision_memory_dataloader_augment_n10000_r1_w8_b256_results.json
rgb_dataloader_gpu,GPU DataLoader,dali,RandomCrop224+Affine+Normalize+ToTensor,ok,True,False,3,3805.9735959036593,3784.2912322012758,79.65970361596415,0.02105009861242288,90.14344059943572,3000.0,3000.0,,gcp_runs/prod-g2-standard-16-rgb-dataloader-dali/results/image-rgb/pipeline/dali_decode_dataloader_augment_n10000_r3_w8_b256_dev-cuda_results.json
rgb_dataloader_gpu,GPU DataLoader,dali,RandomCrop224+AutoContrast+Normalize+ToTensor,unsupported,False,False,0,0.0,0.0,0.0,0.0,0.0,,,DALI image pipeline does not implement transform 'AutoContrast',gcp_runs/prod-g2-standard-16-rgb-dataloader-dali/results/image-rgb/pipeline/dali_decode_dataloader_augment_n10000_r3_w8_b256_dev-cuda_results.json
rgb_dataloader_gpu,GPU DataLoader,dali,RandomCrop224+Blur+Normalize+ToTensor,unsupported,False,False,0,0.0,0.0,0.0,0.0,0.0,,,DALI image pipeline does not implement transform 'Blur',gcp_runs/prod-g2-standard-16-rgb-dataloader-dali/results/image-rgb/pipeline/dali_decode_dataloader_augment_n10000_r3_w8_b256_dev-cuda_results.json
rgb_dataloader_gpu,GPU DataLoader,dali,RandomCrop224+Brightness+Normalize+ToTensor,ok,True,False,3,3797.7690459193827,3803.249056472066,33.53753372433794,0.008818127139811272,37.951292082457215,3096.0,3096.0,,gcp_runs/prod-g2-standard-16-rgb-dataloader-dali/results/image-rgb/pipeline/dali_decode_dataloader_augment_n10000_r3_w8_b256_dev-cuda_results.json
rgb_dataloader_gpu,GPU DataLoader,dali,RandomCrop224+CLAHE+Normalize+ToTensor,ok,True,False,3,3730.619752153531,3663.9977474314414,140.24761368863938,0.038277210674312404,158.70511513202365,3016.0,3016.0,,gcp_runs/prod-g2-standard-16-rgb-dataloader-dali/results/image-rgb/pipeline/dali_decode_dataloader_augment_n10000_r3_w8_b256_dev-cuda_results.json
rgb_dataloader_gpu,GPU DataLoader,dali,RandomCrop224+ChannelDropout+Normalize+ToTensor,unsupported,False,False,0,0.0,0.0,0.0,0.0,0.0,,,DALI image pipeline does not implement transform 'ChannelDropout',gcp_runs/prod-g2-standard-16-rgb-dataloader-dali/results/image-rgb/pipeline/dali_decode_dataloader_augment_n10000_r3_w8_b256_dev-cuda_results.json
rgb_dataloader_gpu,GPU DataLoader,dali,RandomCrop224+ChannelShuffle+Normalize+ToTensor,unsupported,False,False,0,0.0,0.0,0.0,0.0,0.0,,,DALI image pipeline does not implement transform 'ChannelShuffle',gcp_runs/prod-g2-standard-16-rgb-dataloader-dali/results/image-rgb/pipeline/dali_decode_dataloader_augment_n10000_r3_w8_b256_dev-cuda_results.json
rgb_dataloader_gpu,GPU DataLoader,dali,RandomCrop224+ColorJiggle+Normalize+ToTensor,ok,True,False,3,3742.4719932595017,3727.3770161867565,34.02830424870299,0.009129289605245028,38.50665121138811,3016.0,3016.0,,gcp_runs/prod-g2-standard-16-rgb-dataloader-dali/results/image-rgb/pipeline/dali_decode_dataloader_augment_n10000_r3_w8_b256_dev-cuda_results.json
rgb_dataloader_gpu,GPU DataLoader,dali,RandomCrop224+ColorJitter+Normalize+ToTensor,ok,True,False,3,3817.7667562720076,3798.6431393471908,100.46265925136032,0.026446985296077367,113.68420099006592,3080.0,3080.0,,gcp_runs/prod-g2-standard-16-rgb-dataloader-dali/results/image-rgb/pipeline/dali_decode_dataloader_augment_n10000_r3_w8_b256_dev-cuda_results.json
rgb_dataloader_gpu,GPU DataLoader,dali,RandomCrop224+Contrast+Normalize+ToTensor,ok,True,False,3,3759.255675616503,3791.1136368100438,73.3483298311862,0.019347436362499457,83.00144882638385,3048.0,3048.0,,gcp_runs/prod-g2-standard-16-rgb-dataloader-dali/results/image-rgb/pipeline/dali_decode_dataloader_augment_n10000_r3_w8_b256_dev-cuda_results.json
rgb_dataloader_gpu,GPU DataLoader,dali,RandomCrop224+CornerIllumination+Normalize+ToTensor,unsupported,False,False,0,0.0,0.0,0.0,0.0,0.0,,,DALI image pipeline does not implement transform 'CornerIllumination',gcp_runs/prod-g2-standard-16-rgb-dataloader-dali/results/image-rgb/pipeline/dali_decode_dataloader_augment_n10000_r3_w8_b256_dev-cuda_results.json
rgb_dataloader_gpu,GPU DataLoader,dali,RandomCrop224+Elastic+Normalize+ToTensor,unsupported,False,False,0,0.0,0.0,0.0,0.0,0.0,,,DALI image pipeline does not implement transform 'Elastic',gcp_runs/prod-g2-standard-16-rgb-dataloader-dali/results/image-rgb/pipeline/dali_decode_dataloader_augment_n10000_r3_w8_b256_dev-cuda_results.json
rgb_dataloader_gpu,GPU DataLoader,dali,RandomCrop224+EnhanceDetail+Normalize+ToTensor,unsupported,False,False,0,0.0,0.0,0.0,0.0,0.0,,,DALI image pipeline does not implement transform 'EnhanceDetail',gcp_runs/prod-g2-standard-16-rgb-dataloader-dali/results/image-rgb/pipeline/dali_decode_dataloader_augment_n10000_r3_w8_b256_dev-cuda_results.json
rgb_dataloader_gpu,GPU DataLoader,dali,RandomCrop224+EnhanceEdge+Normalize+ToTensor,unsupported,False,False,0,0.0,0.0,0.0,0.0,0.0,,,DALI image pipeline does not implement transform 'EnhanceEdge',gcp_runs/prod-g2-standard-16-rgb-dataloader-dali/results/image-rgb/pipeline/dali_decode_dataloader_augment_n10000_r3_w8_b256_dev-cuda_results.json
rgb_dataloader_gpu,GPU DataLoader,dali,RandomCrop224+Equalize+Normalize+ToTensor,ok,True,False,3,3823.90627268608,3809.7749278091833,49.7903795265154,0.01306911312872423,56.343118484467105,3080.0,3080.0,,gcp_runs/prod-g2-standard-16-rgb-dataloader-dali/results/image-rgb/pipeline/dali_decode_dataloader_augment_n10000_r3_w8_b256_dev-cuda_results.json
rgb_dataloader_gpu,GPU DataLoader,dali,RandomCrop224+Erasing+Normalize+ToTensor,ok,True,False,3,3791.3937358743783,3788.8767161468822,44.94162144772908,0.011861463123411598,50.856232191702695,3064.0,3064.0,,gcp_runs/prod-g2-standard-16-rgb-dataloader-dali/results/image-rgb/pipeline/dali_decode_dataloader_augment_n10000_r3_w8_b256_dev-cuda_results.json
rgb_dataloader_gpu,GPU DataLoader,dali,RandomCrop224+GaussianBlur+Normalize+ToTensor,ok,True,False,3,3700.910678501528,3704.861697033209,83.70450656533554,0.02259315283816524,94.72056601984728,3048.0,3048.0,,gcp_runs/prod-g2-standard-16-rgb-dataloader-dali/results/image-rgb/pipeline/dali_decode_dataloader_augment_n10000_r3_w8_b256_dev-cuda_results.json
rgb_dataloader_gpu,GPU DataLoader,dali,RandomCrop224+GaussianIllumination+Normalize+ToTensor,unsupported,False,False,0,0.0,0.0,0.0,0.0,0.0,,,DALI image pipeline does not implement transform 'GaussianIllumination',gcp_runs/prod-g2-standard-16-rgb-dataloader-dali/results/image-rgb/pipeline/dali_decode_dataloader_augment_n10000_r3_w8_b256_dev-cuda_results.json
rgb_dataloader_gpu,GPU DataLoader,dali,RandomCrop224+GaussianNoise+Normalize+ToTensor,ok,True,False,3,3820.015122339706,3791.805503093698,59.709849906973375,0.01574707612462102,67.56805591744393,3096.0,3096.0,,gcp_runs/prod-g2-standard-16-rgb-dataloader-dali/results/image-rgb/pipeline/dali_decode_dataloader_augment_n10000_r3_w8_b256_dev-cuda_results.json
rgb_dataloader_gpu,GPU DataLoader,dali,RandomCrop224+Grayscale+Normalize+ToTensor,unsupported,False,False,0,0.0,0.0,0.0,0.0,0.0,,,DALI image pipeline does not implement transform 'Grayscale',gcp_runs/prod-g2-standard-16-rgb-dataloader-dali/results/image-rgb/pipeline/dali_decode_dataloader_augment_n10000_r3_w8_b256_dev-cuda_results.json
rgb_dataloader_gpu,GPU DataLoader,dali,RandomCrop224+HorizontalFlip+Normalize+ToTensor,ok,True,False,3,3722.446227351875,3760.8629947151603,76.2335296512262,0.020270222488389257,86.2663597762051,3112.0,3112.0,,gcp_runs/prod-g2-standard-16-rgb-dataloader-dali/results/image-rgb/pipeline/dali_decode_dataloader_augment_n10000_r3_w8_b256_dev-cuda_results.json
rgb_dataloader_gpu,GPU DataLoader,dali,RandomCrop224+Hue+Normalize+ToTensor,ok,True,False,3,3784.169050853031,3785.6108787998783,5.279819192906207,0.0013947073172454602,5.974677863302025,3032.0,3032.0,,gcp_runs/prod-g2-standard-16-rgb-dataloader-dali/results/image-rgb/pipeline/dali_decode_dataloader_augment_n10000_r3_w8_b256_dev-cuda_results.json
rgb_dataloader_gpu,GPU DataLoader,dali,RandomCrop224+Invert+Normalize+ToTensor,unsupported,False,False,0,0.0,0.0,0.0,0.0,0.0,,,DALI image pipeline does not implement transform 'Invert',gcp_runs/prod-g2-standard-16-rgb-dataloader-dali/results/image-rgb/pipeline/dali_decode_dataloader_augment_n10000_r3_w8_b256_dev-cuda_results.json
rgb_dataloader_gpu,GPU DataLoader,dali,RandomCrop224+JpegCompression+Normalize+ToTensor,ok,True,False,3,3786.2142519257072,3779.5615341705957,23.558982458294707,0.006233258076446319,26.659498333695037,3032.0,3032.0,,gcp_runs/prod-g2-standard-16-rgb-dataloader-dali/results/image-rgb/pipeline/dali_decode_dataloader_augment_n10000_r3_w8_b256_dev-cuda_results.json
rgb_dataloader_gpu,GPU DataLoader,dali,RandomCrop224+LinearIllumination+Normalize+ToTensor,unsupported,False,False,0,0.0,0.0,0.0,0.0,0.0,,,DALI image pipeline does not implement transform 'LinearIllumination',gcp_runs/prod-g2-standard-16-rgb-dataloader-dali/results/image-rgb/pipeline/dali_decode_dataloader_augment_n10000_r3_w8_b256_dev-cuda_results.json
rgb_dataloader_gpu,GPU DataLoader,dali,RandomCrop224+LongestMaxSize+Normalize+ToTensor,unsupported,False,False,0,0.0,0.0,0.0,0.0,0.0,,,DALI image pipeline does not implement transform 'LongestMaxSize',gcp_runs/prod-g2-standard-16-rgb-dataloader-dali/results/image-rgb/pipeline/dali_decode_dataloader_augment_n10000_r3_w8_b256_dev-cuda_results.json
rgb_dataloader_gpu,GPU DataLoader,dali,RandomCrop224+MedianBlur+Normalize+ToTensor,unsupported,False,False,0,0.0,0.0,0.0,0.0,0.0,,,DALI image pipeline does not implement transform 'MedianBlur',gcp_runs/prod-g2-standard-16-rgb-dataloader-dali/results/image-rgb/pipeline/dali_decode_dataloader_augment_n10000_r3_w8_b256_dev-cuda_results.json
rgb_dataloader_gpu,GPU DataLoader,dali,RandomCrop224+MotionBlur+Normalize+ToTensor,unsupported,False,False,0,0.0,0.0,0.0,0.0,0.0,,,DALI image pipeline does not implement transform 'MotionBlur',gcp_runs/prod-g2-standard-16-rgb-dataloader-dali/results/image-rgb/pipeline/dali_decode_dataloader_augment_n10000_r3_w8_b256_dev-cuda_results.json
rgb_dataloader_gpu,GPU DataLoader,dali,RandomCrop224+Normalize+ToTensor,ok,True,False,3,3589.13204342457,3621.791219307175,73.23381453307142,0.020220330245066025,82.87186256752575,3032.0,3032.0,,gcp_runs/prod-g2-standard-16-rgb-dataloader-dali/results/image-rgb/pipeline/dali_decode_dataloader_augment_n10000_r3_w8_b256_dev-cuda_results.json
rgb_dataloader_gpu,GPU DataLoader,dali,RandomCrop224+OpticalDistortion+Normalize+ToTensor,unsupported,False,False,0,0.0,0.0,0.0,0.0,0.0,,,DALI image pipeline does not implement transform 'OpticalDistortion',gcp_runs/prod-g2-standard-16-rgb-dataloader-dali/results/image-rgb/pipeline/dali_decode_dataloader_augment_n10000_r3_w8_b256_dev-cuda_results.json
rgb_dataloader_gpu,GPU DataLoader,dali,RandomCrop224+Pad+Normalize+ToTensor,ok,True,False,3,3756.133175292844,3764.7204598885037,77.94109774927968,0.02070302392427511,88.19865498230386,3064.0,3064.0,,gcp_runs/prod-g2-standard-16-rgb-dataloader-dali/results/image-rgb/pipeline/dali_decode_dataloader_augment_n10000_r3_w8_b256_dev-cuda_results.json
rgb_dataloader_gpu,GPU DataLoader,dali,RandomCrop224+Perspective+Normalize+ToTensor,unsupported,False,False,0,0.0,0.0,0.0,0.0,0.0,,,DALI image pipeline does not implement transform 'Perspective',gcp_runs/prod-g2-standard-16-rgb-dataloader-dali/results/image-rgb/pipeline/dali_decode_dataloader_augment_n10000_r3_w8_b256_dev-cuda_results.json
rgb_dataloader_gpu,GPU DataLoader,dali,RandomCrop224+PhotoMetricDistort+Normalize+ToTensor,unsupported,False,False,0,0.0,0.0,0.0,0.0,0.0,,,DALI image pipeline does not implement transform 'PhotoMetricDistort',gcp_runs/prod-g2-standard-16-rgb-dataloader-dali/results/image-rgb/pipeline/dali_decode_dataloader_augment_n10000_r3_w8_b256_dev-cuda_results.json
rgb_dataloader_gpu,GPU DataLoader,dali,RandomCrop224+PlankianJitter+Normalize+ToTensor,unsupported,False,False,0,0.0,0.0,0.0,0.0,0.0,,,DALI image pipeline does not implement transform 'PlankianJitter',gcp_runs/prod-g2-standard-16-rgb-dataloader-dali/results/image-rgb/pipeline/dali_decode_dataloader_augment_n10000_r3_w8_b256_dev-cuda_results.json
rgb_dataloader_gpu,GPU DataLoader,dali,RandomCrop224+PlasmaBrightness+Normalize+ToTensor,unsupported,False,False,0,0.0,0.0,0.0,0.0,0.0,,,DALI image pipeline does not implement transform 'PlasmaBrightness',gcp_runs/prod-g2-standard-16-rgb-dataloader-dali/results/image-rgb/pipeline/dali_decode_dataloader_augment_n10000_r3_w8_b256_dev-cuda_results.json
rgb_dataloader_gpu,GPU DataLoader,dali,RandomCrop224+PlasmaContrast+Normalize+ToTensor,unsupported,False,False,0,0.0,0.0,0.0,0.0,0.0,,,DALI image pipeline does not implement transform 'PlasmaContrast',gcp_runs/prod-g2-standard-16-rgb-dataloader-dali/results/image-rgb/pipeline/dali_decode_dataloader_augment_n10000_r3_w8_b256_dev-cuda_results.json
rgb_dataloader_gpu,GPU DataLoader,dali,RandomCrop224+PlasmaShadow+Normalize+ToTensor,unsupported,False,False,0,0.0,0.0,0.0,0.0,0.0,,,DALI image pipeline does not implement transform 'PlasmaShadow',gcp_runs/prod-g2-standard-16-rgb-dataloader-dali/results/image-rgb/pipeline/dali_decode_dataloader_augment_n10000_r3_w8_b256_dev-cuda_results.json
rgb_dataloader_gpu,GPU DataLoader,dali,RandomCrop224+Posterize+Normalize+ToTensor,unsupported,False,False,0,0.0,0.0,0.0,0.0,0.0,,,DALI image pipeline does not implement transform 'Posterize',gcp_runs/prod-g2-standard-16-rgb-dataloader-dali/results/image-rgb/pipeline/dali_decode_dataloader_augment_n10000_r3_w8_b256_dev-cuda_results.json
rgb_dataloader_gpu,GPU DataLoader,dali,RandomCrop224+RGBShift+Normalize+ToTensor,unsupported,False,False,0,0.0,0.0,0.0,0.0,0.0,,,DALI image pipeline does not implement transform 'RGBShift',gcp_runs/prod-g2-standard-16-rgb-dataloader-dali/results/image-rgb/pipeline/dali_decode_dataloader_augment_n10000_r3_w8_b256_dev-cuda_results.json
rgb_dataloader_gpu,GPU DataLoader,dali,RandomCrop224+Rain+Normalize+ToTensor,unsupported,False,False,0,0.0,0.0,0.0,0.0,0.0,,,DALI image pipeline does not implement transform 'Rain',gcp_runs/prod-g2-standard-16-rgb-dataloader-dali/results/image-rgb/pipeline/dali_decode_dataloader_augment_n10000_r3_w8_b256_dev-cuda_results.json
rgb_dataloader_gpu,GPU DataLoader,dali,RandomCrop224+RandomGamma+Normalize+ToTensor,unsupported,False,False,0,0.0,0.0,0.0,0.0,0.0,,,DALI image pipeline does not implement transform 'RandomGamma',gcp_runs/prod-g2-standard-16-rgb-dataloader-dali/results/image-rgb/pipeline/dali_decode_dataloader_augment_n10000_r3_w8_b256_dev-cuda_results.json
rgb_dataloader_gpu,GPU DataLoader,dali,RandomCrop224+RandomJigsaw+Normalize+ToTensor,unsupported,False,False,0,0.0,0.0,0.0,0.0,0.0,,,DALI image pipeline does not implement transform 'RandomJigsaw',gcp_runs/prod-g2-standard-16-rgb-dataloader-dali/results/image-rgb/pipeline/dali_decode_dataloader_augment_n10000_r3_w8_b256_dev-cuda_results.json
rgb_dataloader_gpu,GPU DataLoader,dali,RandomCrop224+RandomRotate90+Normalize+ToTensor,unsupported,False,False,0,0.0,0.0,0.0,0.0,0.0,,,DALI image pipeline does not implement transform 'RandomRotate90',gcp_runs/prod-g2-standard-16-rgb-dataloader-dali/results/image-rgb/pipeline/dali_decode_dataloader_augment_n10000_r3_w8_b256_dev-cuda_results.json
rgb_dataloader_gpu,GPU DataLoader,dali,RandomCrop224+Resize+Normalize+ToTensor,ok,True,False,3,3523.1399410311906,3548.9474013000727,61.155043728963406,0.01723188224952579,69.2034466800719,3016.0,3016.0,,gcp_runs/prod-g2-standard-16-rgb-dataloader-dali/results/image-rgb/pipeline/dali_decode_dataloader_augment_n10000_r3_w8_b256_dev-cuda_results.json
rgb_dataloader_gpu,GPU DataLoader,dali,RandomCrop224+Rotate+Normalize+ToTensor,ok,True,False,3,3808.5365410948593,3800.3997394476587,63.33485913429425,0.016665315092222164,71.67014002173275,3112.0,3112.0,,gcp_runs/prod-g2-standard-16-rgb-dataloader-dali/results/image-rgb/pipeline/dali_decode_dataloader_augment_n10000_r3_w8_b256_dev-cuda_results.json
rgb_dataloader_gpu,GPU DataLoader,dali,RandomCrop224+SaltAndPepper+Normalize+ToTensor,ok,True,False,3,3824.420277623381,3784.796577602474,75.79361264566425,0.0200258088094332,85.76854682110383,3032.0,3032.0,,gcp_runs/prod-g2-standard-16-rgb-dataloader-dali/results/image-rgb/pipeline/dali_decode_dataloader_augment_n10000_r3_w8_b256_dev-cuda_results.json
rgb_dataloader_gpu,GPU DataLoader,dali,RandomCrop224+Saturation+Normalize+ToTensor,ok,True,False,3,3792.4858839285966,3793.8809547140518,29.720713464372004,0.007833855046886173,33.632153361559304,3000.0,3000.0,,gcp_runs/prod-g2-standard-16-rgb-dataloader-dali/results/image-rgb/pipeline/dali_decode_dataloader_augment_n10000_r3_w8_b256_dev-cuda_results.json
rgb_dataloader_gpu,GPU DataLoader,dali,RandomCrop224+Sharpen+Normalize+ToTensor,unsupported,False,False,0,0.0,0.0,0.0,0.0,0.0,,,DALI image pipeline does not implement transform 'Sharpen',gcp_runs/prod-g2-standard-16-rgb-dataloader-dali/results/image-rgb/pipeline/dali_decode_dataloader_augment_n10000_r3_w8_b256_dev-cuda_results.json
rgb_dataloader_gpu,GPU DataLoader,dali,RandomCrop224+Shear+Normalize+ToTensor,ok,True,False,3,3771.7445775432057,3793.433995534591,53.910126894684026,0.01421143137277303,61.005051498397705,3112.0,3112.0,,gcp_runs/prod-g2-standard-16-rgb-dataloader-dali/results/image-rgb/pipeline/dali_decode_dataloader_augment_n10000_r3_w8_b256_dev-cuda_results.json
rgb_dataloader_gpu,GPU DataLoader,dali,RandomCrop224+SmallestMaxSize+Normalize+ToTensor,unsupported,False,False,0,0.0,0.0,0.0,0.0,0.0,,,DALI image pipeline does not implement transform 'SmallestMaxSize',gcp_runs/prod-g2-standard-16-rgb-dataloader-dali/results/image-rgb/pipeline/dali_decode_dataloader_augment_n10000_r3_w8_b256_dev-cuda_results.json
rgb_dataloader_gpu,GPU DataLoader,dali,RandomCrop224+Snow+Normalize+ToTensor,unsupported,False,False,0,0.0,0.0,0.0,0.0,0.0,,,DALI image pipeline does not implement transform 'Snow',gcp_runs/prod-g2-standard-16-rgb-dataloader-dali/results/image-rgb/pipeline/dali_decode_dataloader_augment_n10000_r3_w8_b256_dev-cuda_results.json
rgb_dataloader_gpu,GPU DataLoader,dali,RandomCrop224+Solarize+Normalize+ToTensor,unsupported,False,False,0,0.0,0.0,0.0,0.0,0.0,,,DALI image pipeline does not implement transform 'Solarize',gcp_runs/prod-g2-standard-16-rgb-dataloader-dali/results/image-rgb/pipeline/dali_decode_dataloader_augment_n10000_r3_w8_b256_dev-cuda_results.json
rgb_dataloader_gpu,GPU DataLoader,dali,RandomCrop224+ThinPlateSpline+Normalize+ToTensor,unsupported,False,False,0,0.0,0.0,0.0,0.0,0.0,,,DALI image pipeline does not implement transform 'ThinPlateSpline',gcp_runs/prod-g2-standard-16-rgb-dataloader-dali/results/image-rgb/pipeline/dali_decode_dataloader_augment_n10000_r3_w8_b256_dev-cuda_results.json
rgb_dataloader_gpu,GPU DataLoader,dali,RandomCrop224+Transpose+Normalize+ToTensor,unsupported,False,False,0,0.0,0.0,0.0,0.0,0.0,,,DALI image pipeline does not implement transform 'Transpose',gcp_runs/prod-g2-standard-16-rgb-dataloader-dali/results/image-rgb/pipeline/dali_decode_dataloader_augment_n10000_r3_w8_b256_dev-cuda_results.json
rgb_dataloader_gpu,GPU DataLoader,dali,RandomCrop224+UnsharpMask+Normalize+ToTensor,unsupported,False,False,0,0.0,0.0,0.0,0.0,0.0,,,DALI image pipeline does not implement transform 'UnsharpMask',gcp_runs/prod-g2-standard-16-rgb-dataloader-dali/results/image-rgb/pipeline/dali_decode_dataloader_augment_n10000_r3_w8_b256_dev-cuda_results.json
rgb_dataloader_gpu,GPU DataLoader,dali,RandomCrop224+VerticalFlip+Normalize+ToTensor,ok,True,False,3,3766.215919065848,3741.2413315131685,118.23119757889438,0.03160213071073793,133.79119494762156,3096.0,3096.0,,gcp_runs/prod-g2-standard-16-rgb-dataloader-dali/results/image-rgb/pipeline/dali_decode_dataloader_augment_n10000_r3_w8_b256_dev-cuda_results.json
rgb_dataloader_gpu,GPU DataLoader,dali,RandomResizedCrop+Normalize+ToTensor,ok,True,False,3,3898.103782305846,3855.6369121927496,103.1019743004638,0.026740581815269632,116.67086712805511,3016.0,3016.0,,gcp_runs/prod-g2-standard-16-rgb-dataloader-dali/results/image-rgb/pipeline/dali_decode_dataloader_augment_n10000_r3_w8_b256_dev-cuda_results.json
rgb_dataloader_gpu,GPU DataLoader,kornia,RandomCrop224+Affine+Normalize+ToTensor,ok,True,False,3,646.2468604684486,646.159444340917,2.1576520506577572,0.0033391944814155946,2.441613144839016,597.15478515625,2474.0,,results/published/paper-rgb-dataloader-gpu-memory-g2-standard-16-2026-05-07/kornia_memory_dataloader_augment_n10000_r3_w8_b256_dev-cuda_results.json
rgb_dataloader_gpu,GPU DataLoader,kornia,RandomCrop224+AutoContrast+Normalize+ToTensor,ok,True,False,3,650.5015769330818,650.0721200307013,4.452362026993981,0.006849027807535735,5.0383219330367,605.37744140625,3526.0,,results/published/paper-rgb-dataloader-gpu-memory-g2-standard-16-2026-05-07/kornia_memory_dataloader_augment_n10000_r3_w8_b256_dev-cuda_results.json
rgb_dataloader_gpu,GPU DataLoader,kornia,RandomCrop224+Blur+Normalize+ToTensor,ok,True,False,3,650.555416220967,649.2842869758042,2.415006714951693,0.003719490465725207,2.732837362865343,608.02734375,7202.0,,results/published/paper-rgb-dataloader-gpu-memory-g2-standard-16-2026-05-07/kornia_memory_dataloader_augment_n10000_r3_w8_b256_dev-cuda_results.json
rgb_dataloader_gpu,GPU DataLoader,kornia,RandomCrop224+Brightness+Normalize+ToTensor,ok,True,False,3,651.0393064796331,653.552199737775,4.547735457607725,0.006958488487120715,5.1462471296799315,605.3974609375,7202.0,,results/published/paper-rgb-dataloader-gpu-memory-g2-standard-16-2026-05-07/kornia_memory_dataloader_augment_n10000_r3_w8_b256_dev-cuda_results.json
rgb_dataloader_gpu,GPU DataLoader,kornia,RandomCrop224+CLAHE+Normalize+ToTensor,ok,True,False,3,165.47718274051516,165.4159813141824,0.2299312055347887,0.0013900180847585064,0.26019165308478664,2753.60400390625,7202.0,,results/published/paper-rgb-dataloader-gpu-memory-g2-standard-16-2026-05-07/kornia_memory_dataloader_augment_n10000_r3_w8_b256_dev-cuda_results.json
rgb_dataloader_gpu,GPU DataLoader,kornia,RandomCrop224+ChannelDropout+Normalize+ToTensor,ok,True,False,3,659.5990639279294,658.9402536363904,3.2452344516319687,0.004924929739415678,3.672328489097003,605.40380859375,7202.0,,results/published/paper-rgb-dataloader-gpu-memory-g2-standard-16-2026-05-07/kornia_memory_dataloader_augment_n10000_r3_w8_b256_dev-cuda_results.json
rgb_dataloader_gpu,GPU DataLoader,kornia,RandomCrop224+ChannelShuffle+Normalize+ToTensor,ok,True,False,3,643.248464480248,642.5426600514066,1.8044153207700175,0.0028082420560615468,2.041888155505851,597.16943359375,3356.0,,results/published/paper-rgb-dataloader-gpu-memory-g2-standard-16-2026-05-07/kornia_memory_dataloader_augment_n10000_r3_w8_b256_dev-cuda_results.json
rgb_dataloader_gpu,GPU DataLoader,kornia,RandomCrop224+ColorJiggle+Normalize+ToTensor,ok,True,False,3,528.9076281491567,528.0783046611649,1.7384468277912783,0.0032920247100602473,1.9672377782344053,2271.4326171875,7202.0,,results/published/paper-rgb-dataloader-gpu-memory-g2-standard-16-2026-05-07/kornia_memory_dataloader_augment_n10000_r3_w8_b256_dev-cuda_results.json
rgb_dataloader_gpu,GPU DataLoader,kornia,RandomCrop224+ColorJitter+Normalize+ToTensor,ok,True,False,3,573.1301639034239,572.855891528209,3.214289796556743,0.005610991951190333,3.6373113154191863,2263.16650390625,3356.0,,results/published/paper-rgb-dataloader-gpu-memory-g2-standard-16-2026-05-07/kornia_memory_dataloader_augment_n10000_r3_w8_b256_dev-cuda_results.json
rgb_dataloader_gpu,GPU DataLoader,kornia,RandomCrop224+Contrast+Normalize+ToTensor,ok,True,False,3,648.637646127332,648.5238399497913,5.22541051591889,0.008057391562233767,5.913108649264462,605.39990234375,7202.0,,results/published/paper-rgb-dataloader-gpu-memory-g2-standard-16-2026-05-07/kornia_memory_dataloader_augment_n10000_r3_w8_b256_dev-cuda_results.json
rgb_dataloader_gpu,GPU DataLoader,kornia,RandomCrop224+CornerIllumination+Normalize+ToTensor,ok,True,False,3,394.7061993179951,395.4715900090445,2.4169773388645974,0.0061116333004080535,2.7350673337486535,605.40771484375,7202.0,,results/published/paper-rgb-dataloader-gpu-memory-g2-standard-16-2026-05-07/kornia_memory_dataloader_augment_n10000_r3_w8_b256_dev-cuda_results.json
rgb_dataloader_gpu,GPU DataLoader,kornia,RandomCrop224+Elastic+Normalize+ToTensor,ok,True,False,3,316.33419963426854,316.3708365256275,2.1881949340727833,0.0069165507102470535,2.476175671083542,695.53173828125,2474.0,,results/published/paper-rgb-dataloader-gpu-memory-g2-standard-16-2026-05-07/kornia_memory_dataloader_augment_n10000_r3_w8_b256_dev-cuda_results.json
rgb_dataloader_gpu,GPU DataLoader,kornia,RandomCrop224+Equalize+Normalize+ToTensor,ok,True,False,3,320.8582268312943,320.9977624478815,0.3381977886662531,0.001053583009698282,0.3827068252785629,605.37939453125,3526.0,,results/published/paper-rgb-dataloader-gpu-memory-g2-standard-16-2026-05-07/kornia_memory_dataloader_augment_n10000_r3_w8_b256_dev-cuda_results.json
rgb_dataloader_gpu,GPU DataLoader,kornia,RandomCrop224+Erasing+Normalize+ToTensor,ok,True,False,3,503.3711210720072,502.5618446782343,2.3219538982145873,0.00462023514678322,2.627538188032982,642.13037109375,3526.0,,results/published/paper-rgb-dataloader-gpu-memory-g2-standard-16-2026-05-07/kornia_memory_dataloader_augment_n10000_r3_w8_b256_dev-cuda_results.json
rgb_dataloader_gpu,GPU DataLoader,kornia,RandomCrop224+GaussianBlur+Normalize+ToTensor,ok,True,False,3,649.8226691022936,651.5533882779704,4.789605829278556,0.007351056590983731,5.419949221098504,599.8271484375,3356.0,,results/published/paper-rgb-dataloader-gpu-memory-g2-standard-16-2026-05-07/kornia_memory_dataloader_augment_n10000_r3_w8_b256_dev-cuda_results.json
rgb_dataloader_gpu,GPU DataLoader,kornia,RandomCrop224+GaussianIllumination+Normalize+ToTensor,unsupported,False,False,0,0.0,0.0,0.0,0.0,0.0,,,"RuntimeError: Expected all tensors to be on the same device, but found at least two devices, cuda:0 and cpu!",results/published/paper-rgb-dataloader-gpu-memory-g2-standard-16-2026-05-07/kornia_memory_dataloader_augment_n10000_r3_w8_b256_dev-cuda_results.json
rgb_dataloader_gpu,GPU DataLoader,kornia,RandomCrop224+GaussianNoise+Normalize+ToTensor,ok,True,False,3,659.868454834207,655.8878699303226,7.456843183824424,0.011369082316793863,8.438212422192281,744.1787109375,3356.0,,results/published/paper-rgb-dataloader-gpu-memory-g2-standard-16-2026-05-07/kornia_memory_dataloader_augment_n10000_r3_w8_b256_dev-cuda_results.json
rgb_dataloader_gpu,GPU DataLoader,kornia,RandomCrop224+Grayscale+Normalize+ToTensor,ok,True,False,3,655.2252205762123,654.9734756693102,2.066891219208709,0.0031556869033460867,2.338907595519811,597.17138671875,3356.0,,results/published/paper-rgb-dataloader-gpu-memory-g2-standard-16-2026-05-07/kornia_memory_dataloader_augment_n10000_r3_w8_b256_dev-cuda_results.json
rgb_dataloader_gpu,GPU DataLoader,kornia,RandomCrop224+HorizontalFlip+Normalize+ToTensor,ok,True,False,3,670.1548100775996,669.7719154560701,1.860063032764249,0.00277715889520042,2.1048594696451772,589.02294921875,2474.0,,results/published/paper-rgb-dataloader-gpu-memory-g2-standard-16-2026-05-07/kornia_memory_dataloader_augment_n10000_r3_w8_b256_dev-cuda_results.json
rgb_dataloader_gpu,GPU DataLoader,kornia,RandomCrop224+Hue+Normalize+ToTensor,ok,True,False,3,585.8220293177467,586.4602104344277,5.83881831931454,0.009956034894489027,6.607244923674913,2124.4111328125,7202.0,,results/published/paper-rgb-dataloader-gpu-memory-g2-standard-16-2026-05-07/kornia_memory_dataloader_augment_n10000_r3_w8_b256_dev-cuda_results.json
rgb_dataloader_gpu,GPU DataLoader,kornia,RandomCrop224+Invert+Normalize+ToTensor,ok,True,False,3,658.899874946499,659.8236489901177,2.680704097692101,0.0040627584382509005,3.0335022555437243,605.3681640625,3356.0,,results/published/paper-rgb-dataloader-gpu-memory-g2-standard-16-2026-05-07/kornia_memory_dataloader_augment_n10000_r3_w8_b256_dev-cuda_results.json
rgb_dataloader_gpu,GPU DataLoader,kornia,RandomCrop224+JpegCompression+Normalize+ToTensor,ok,True,False,3,590.4911730762217,591.5621284598294,1.8567378090815785,0.003138702969231172,2.1010966248200984,1364.88427734375,3526.0,,results/published/paper-rgb-dataloader-gpu-memory-g2-standard-16-2026-05-07/kornia_memory_dataloader_augment_n10000_r3_w8_b256_dev-cuda_results.json
rgb_dataloader_gpu,GPU DataLoader,kornia,RandomCrop224+LinearIllumination+Normalize+ToTensor,ok,True,False,3,503.2217332762021,504.3414204431062,2.3589712316647717,0.004677329951587593,2.6694272441999884,605.40576171875,7202.0,,results/published/paper-rgb-dataloader-gpu-memory-g2-standard-16-2026-05-07/kornia_memory_dataloader_augment_n10000_r3_w8_b256_dev-cuda_results.json
rgb_dataloader_gpu,GPU DataLoader,kornia,RandomCrop224+LongestMaxSize+Normalize+ToTensor,ok,True,False,3,178.65787893367687,178.51101169121236,0.3557457559847271,0.001992850483644643,0.40256421964246425,2468.435546875,7202.0,,results/published/paper-rgb-dataloader-gpu-memory-g2-standard-16-2026-05-07/kornia_memory_dataloader_augment_n10000_r3_w8_b256_dev-cuda_results.json
rgb_dataloader_gpu,GPU DataLoader,kornia,RandomCrop224+MedianBlur+Normalize+ToTensor,ok,True,False,3,327.0132466696324,327.6442063132517,1.9289148295357332,0.005887223983724438,2.1827726123095808,4281.39208984375,7202.0,,results/published/paper-rgb-dataloader-gpu-memory-g2-standard-16-2026-05-07/kornia_memory_dataloader_augment_n10000_r3_w8_b256_dev-cuda_results.json
rgb_dataloader_gpu,GPU DataLoader,kornia,RandomCrop224+MotionBlur+Normalize+ToTensor,ok,True,False,3,656.5052569845196,656.4549620358263,2.09810483861702,0.0031961139148225606,2.3742291309926418,605.392578125,7202.0,,results/published/paper-rgb-dataloader-gpu-memory-g2-standard-16-2026-05-07/kornia_memory_dataloader_augment_n10000_r3_w8_b256_dev-cuda_results.json
rgb_dataloader_gpu,GPU DataLoader,kornia,RandomCrop224+Normalize+ToTensor,ok,True,False,3,958.7694156199819,958.6247479139779,9.074303121652273,0.009465959585748723,10.268540645988635,442.0205078125,2474.0,,results/published/paper-rgb-dataloader-gpu-memory-g2-standard-16-2026-05-07/kornia_memory_dataloader_augment_n10000_r3_w8_b256_dev-cuda_results.json
rgb_dataloader_gpu,GPU DataLoader,kornia,RandomCrop224+OpticalDistortion+Normalize+ToTensor,ok,True,False,3,641.0840528237864,637.7616895507289,6.409654761369856,0.010050234854785862,7.253207167703327,605.4228515625,7202.0,,results/published/paper-rgb-dataloader-gpu-memory-g2-standard-16-2026-05-07/kornia_memory_dataloader_augment_n10000_r3_w8_b256_dev-cuda_results.json
rgb_dataloader_gpu,GPU DataLoader,kornia,RandomCrop224+Perspective+Normalize+ToTensor,ok,True,False,3,635.4084892539425,636.0121655899201,1.1092239183472388,0.0017440294044036104,1.2552050265847257,709.78271484375,2474.0,,results/published/paper-rgb-dataloader-gpu-memory-g2-standard-16-2026-05-07/kornia_memory_dataloader_augment_n10000_r3_w8_b256_dev-cuda_results.json
rgb_dataloader_gpu,GPU DataLoader,kornia,RandomCrop224+PlankianJitter+Normalize+ToTensor,ok,True,False,3,653.8484229768272,650.6169878039186,8.31346350817198,0.012777815003314165,9.407569572908798,605.388671875,3526.0,,results/published/paper-rgb-dataloader-gpu-memory-g2-standard-16-2026-05-07/kornia_memory_dataloader_augment_n10000_r3_w8_b256_dev-cuda_results.json
rgb_dataloader_gpu,GPU DataLoader,kornia,RandomCrop224+PlasmaBrightness+Normalize+ToTensor,ok,True,False,3,561.6249437165808,548.9982779425842,22.005375641706344,0.040082777170400756,24.901426718701664,2148.20361328125,7202.0,,results/published/paper-rgb-dataloader-gpu-memory-g2-standard-16-2026-05-07/kornia_memory_dataloader_augment_n10000_r3_w8_b256_dev-cuda_results.json
rgb_dataloader_gpu,GPU DataLoader,kornia,RandomCrop224+PlasmaContrast+Normalize+ToTensor,ok,True,False,3,557.4707287457758,556.0958950368905,2.4590788466144313,0.004422040997895336,2.7827096747406586,2148.205078125,7202.0,,results/published/paper-rgb-dataloader-gpu-memory-g2-standard-16-2026-05-07/kornia_memory_dataloader_augment_n10000_r3_w8_b256_dev-cuda_results.json
rgb_dataloader_gpu,GPU DataLoader,kornia,RandomCrop224+PlasmaShadow+Normalize+ToTensor,ok,True,False,3,612.1511603638633,601.2918497964172,21.97310713501458,0.03654316475843493,24.86491146589298,825.68408203125,7202.0,,results/published/paper-rgb-dataloader-gpu-memory-g2-standard-16-2026-05-07/kornia_memory_dataloader_augment_n10000_r3_w8_b256_dev-cuda_results.json
rgb_dataloader_gpu,GPU DataLoader,kornia,RandomCrop224+Posterize+Normalize+ToTensor,ok,True,False,3,562.3596977506668,560.8307527343212,2.7363970434533735,0.00487918508411337,3.0965247565091025,605.3701171875,3526.0,,results/published/paper-rgb-dataloader-gpu-memory-g2-standard-16-2026-05-07/kornia_memory_dataloader_augment_n10000_r3_w8_b256_dev-cuda_results.json
rgb_dataloader_gpu,GPU DataLoader,kornia,RandomCrop224+RGBShift+Normalize+ToTensor,ok,True,False,3,657.54157736047,657.6552264420966,2.675737007865926,0.00406860144994455,3.0278814642731913,597.1748046875,3356.0,,results/published/paper-rgb-dataloader-gpu-memory-g2-standard-16-2026-05-07/kornia_memory_dataloader_augment_n10000_r3_w8_b256_dev-cuda_results.json
rgb_dataloader_gpu,GPU DataLoader,kornia,RandomCrop224+Rain+Normalize+ToTensor,ok,True,False,3,306.2472203283457,305.2835107749725,2.1587005251429603,0.0070711337132589504,2.4427996054105066,605.4208984375,7202.0,,results/published/paper-rgb-dataloader-gpu-memory-g2-standard-16-2026-05-07/kornia_memory_dataloader_augment_n10000_r3_w8_b256_dev-cuda_results.json
rgb_dataloader_gpu,GPU DataLoader,kornia,RandomCrop224+RandomGamma+Normalize+ToTensor,ok,True,False,3,653.176473826147,650.4869611105144,5.144675672683588,0.00790896048692594,5.82174857365369,605.38623046875,3526.0,,results/published/paper-rgb-dataloader-gpu-memory-g2-standard-16-2026-05-07/kornia_memory_dataloader_augment_n10000_r3_w8_b256_dev-cuda_results.json
rgb_dataloader_gpu,GPU DataLoader,kornia,RandomCrop224+RandomJigsaw+Normalize+ToTensor,ok,True,False,3,636.2751367044489,636.5498481148337,2.4422017265019167,0.003836622903508011,2.763611415454051,605.43310546875,7202.0,,results/published/paper-rgb-dataloader-gpu-memory-g2-standard-16-2026-05-07/kornia_memory_dataloader_augment_n10000_r3_w8_b256_dev-cuda_results.json
rgb_dataloader_gpu,GPU DataLoader,kornia,RandomCrop224+RandomRotate90+Normalize+ToTensor,ok,True,False,3,632.3004232768778,628.9197211595834,7.692186454282353,0.012230792254534058,8.70452840327195,605.43994140625,7202.0,,results/published/paper-rgb-dataloader-gpu-memory-g2-standard-16-2026-05-07/kornia_memory_dataloader_augment_n10000_r3_w8_b256_dev-cuda_results.json
rgb_dataloader_gpu,GPU DataLoader,kornia,RandomCrop224+Resize+Normalize+ToTensor,ok,True,False,3,181.1572968408164,181.24645525748448,0.30511199706059133,0.0016834094582823123,0.34526672752639676,2452.02734375,2474.0,,results/published/paper-rgb-dataloader-gpu-memory-g2-standard-16-2026-05-07/kornia_memory_dataloader_augment_n10000_r3_w8_b256_dev-cuda_results.json
rgb_dataloader_gpu,GPU DataLoader,kornia,RandomCrop224+Rotate+Normalize+ToTensor,ok,True,False,3,642.2822696210783,641.1652429689235,5.3948697757709265,0.008414164421623849,6.104869853877267,597.15966796875,2474.0,,results/published/paper-rgb-dataloader-gpu-memory-g2-standard-16-2026-05-07/kornia_memory_dataloader_augment_n10000_r3_w8_b256_dev-cuda_results.json
rgb_dataloader_gpu,GPU DataLoader,kornia,RandomCrop224+SaltAndPepper+Normalize+ToTensor,ok,True,False,3,375.3022362389018,379.4963435429989,10.876631843566628,0.028660702609205113,12.30806759260891,605.4228515625,7202.0,,results/published/paper-rgb-dataloader-gpu-memory-g2-standard-16-2026-05-07/kornia_memory_dataloader_augment_n10000_r3_w8_b256_dev-cuda_results.json
rgb_dataloader_gpu,GPU DataLoader,kornia,RandomCrop224+Saturation+Normalize+ToTensor,ok,True,False,3,587.2923109132629,588.5785921452217,3.588200278242988,0.0060963825836153765,4.060430857237764,2124.42529296875,7202.0,,results/published/paper-rgb-dataloader-gpu-memory-g2-standard-16-2026-05-07/kornia_memory_dataloader_augment_n10000_r3_w8_b256_dev-cuda_results.json
rgb_dataloader_gpu,GPU DataLoader,kornia,RandomCrop224+Sharpen+Normalize+ToTensor,ok,True,False,3,626.6997705654267,624.900319340056,4.892997044051445,0.007830044076819863,5.536947394633205,1188.1484375,3526.0,,results/published/paper-rgb-dataloader-gpu-memory-g2-standard-16-2026-05-07/kornia_memory_dataloader_augment_n10000_r3_w8_b256_dev-cuda_results.json
rgb_dataloader_gpu,GPU DataLoader,kornia,RandomCrop224+SmallestMaxSize+Normalize+ToTensor,ok,True,False,3,179.0174038790781,178.89830390352606,0.4169751970194949,0.0023307945794967173,0.4718518547994212,2468.4375,7202.0,,results/published/paper-rgb-dataloader-gpu-memory-g2-standard-16-2026-05-07/kornia_memory_dataloader_augment_n10000_r3_w8_b256_dev-cuda_results.json
rgb_dataloader_gpu,GPU DataLoader,kornia,RandomCrop224+Snow+Normalize+ToTensor,ok,True,False,3,595.5439645977148,595.7338371187693,2.6718089095477993,0.004484903732294009,3.023436402575298,1291.4296875,7202.0,,results/published/paper-rgb-dataloader-gpu-memory-g2-standard-16-2026-05-07/kornia_memory_dataloader_augment_n10000_r3_w8_b256_dev-cuda_results.json
rgb_dataloader_gpu,GPU DataLoader,kornia,RandomCrop224+Solarize+Normalize+ToTensor,ok,True,False,3,644.2715984639714,644.7356828416965,1.9198298054516005,0.0029777005624845817,2.172491939752467,936.1220703125,3526.0,,results/published/paper-rgb-dataloader-gpu-memory-g2-standard-16-2026-05-07/kornia_memory_dataloader_augment_n10000_r3_w8_b256_dev-cuda_results.json
rgb_dataloader_gpu,GPU DataLoader,kornia,RandomCrop224+ThinPlateSpline+Normalize+ToTensor,ok,True,False,3,598.1372656031807,596.9956914194795,2.258259453419529,0.0037827064514486773,2.555461138530293,1242.83203125,7202.0,,results/published/paper-rgb-dataloader-gpu-memory-g2-standard-16-2026-05-07/kornia_memory_dataloader_augment_n10000_r3_w8_b256_dev-cuda_results.json
rgb_dataloader_gpu,GPU DataLoader,kornia,RandomCrop224+VerticalFlip+Normalize+ToTensor,ok,True,False,3,669.4601896999443,669.5606968072921,1.7774285381304313,0.0026546189861589163,2.011349736111658,589.0244140625,2474.0,,results/published/paper-rgb-dataloader-gpu-memory-g2-standard-16-2026-05-07/kornia_memory_dataloader_augment_n10000_r3_w8_b256_dev-cuda_results.json
rgb_dataloader_gpu,GPU DataLoader,kornia,RandomResizedCrop+Normalize+ToTensor,ok,True,False,3,904.5322554882729,901.6898360703099,6.822282283743987,0.007566107558089426,7.720139165494123,442.021484375,2474.0,,results/published/paper-rgb-dataloader-gpu-memory-g2-standard-16-2026-05-07/kornia_memory_dataloader_augment_n10000_r3_w8_b256_dev-cuda_results.json
rgb_dataloader_gpu,GPU DataLoader,torchvision,RandomCrop224+Affine+Normalize+ToTensor,ok,True,False,3,1221.0529116447872,1221.2761150592942,3.9535082740894705,0.0032371944602368023,4.473815769926379,522.6328125,2810.0,,results/published/paper-rgb-dataloader-gpu-memory-g2-standard-16-2026-05-07/torchvision_memory_dataloader_augment_n10000_r3_w8_b256_dev-cuda_results.json
rgb_dataloader_gpu,GPU DataLoader,torchvision,RandomCrop224+AutoContrast+Normalize+ToTensor,ok,True,False,3,2561.893384972934,2521.8402417087987,77.83623658822216,0.030864856266819004,88.07999340795823,522.6435546875,2810.0,,results/published/paper-rgb-dataloader-gpu-memory-g2-standard-16-2026-05-07/torchvision_memory_dataloader_augment_n10000_r3_w8_b256_dev-cuda_results.json
rgb_dataloader_gpu,GPU DataLoader,torchvision,RandomCrop224+Brightness+Normalize+ToTensor,ok,True,False,3,3097.2015869059,3094.642750188696,16.008798710715688,0.005173068429219997,18.115661120267106,522.646484375,2810.0,,results/published/paper-rgb-dataloader-gpu-memory-g2-standard-16-2026-05-07/torchvision_memory_dataloader_augment_n10000_r3_w8_b256_dev-cuda_results.json
rgb_dataloader_gpu,GPU DataLoader,torchvision,RandomCrop224+ChannelShuffle+Normalize+ToTensor,ok,True,False,3,3630.9020480266017,3647.231416424311,50.505141343158265,0.013847528598191534,57.15194762186774,522.63671875,2810.0,,results/published/paper-rgb-dataloader-gpu-memory-g2-standard-16-2026-05-07/torchvision_memory_dataloader_augment_n10000_r3_w8_b256_dev-cuda_results.json
rgb_dataloader_gpu,GPU DataLoader,torchvision,RandomCrop224+ColorJiggle+Normalize+ToTensor,ok,True,False,3,625.5314673684398,625.9292257219545,2.6702685689127317,0.0042660870577385344,3.0216933430579105,522.6494140625,2810.0,,results/published/paper-rgb-dataloader-gpu-memory-g2-standard-16-2026-05-07/torchvision_memory_dataloader_augment_n10000_r3_w8_b256_dev-cuda_results.json
rgb_dataloader_gpu,GPU DataLoader,torchvision,RandomCrop224+ColorJitter+Normalize+ToTensor,ok,True,False,3,628.8410356024212,627.3291970492429,3.0311734331162876,0.004831870487415481,3.4300956432374563,522.6357421875,2810.0,,results/published/paper-rgb-dataloader-gpu-memory-g2-standard-16-2026-05-07/torchvision_memory_dataloader_augment_n10000_r3_w8_b256_dev-cuda_results.json
rgb_dataloader_gpu,GPU DataLoader,torchvision,RandomCrop224+Contrast+Normalize+ToTensor,ok,True,False,3,2281.602434479279,2288.1283260435557,15.049236679974856,0.0065770946973051836,17.029814462632473,522.6474609375,2810.0,,results/published/paper-rgb-dataloader-gpu-memory-g2-standard-16-2026-05-07/torchvision_memory_dataloader_augment_n10000_r3_w8_b256_dev-cuda_results.json
rgb_dataloader_gpu,GPU DataLoader,torchvision,RandomCrop224+Elastic+Normalize+ToTensor,ok,True,False,3,117.79570090024366,117.69762940911464,0.26904561471370997,0.002285905128798412,0.3044537738353276,522.634765625,2810.0,,results/published/paper-rgb-dataloader-gpu-memory-g2-standard-16-2026-05-07/torchvision_memory_dataloader_augment_n10000_r3_w8_b256_dev-cuda_results.json
rgb_dataloader_gpu,GPU DataLoader,torchvision,RandomCrop224+Equalize+Normalize+ToTensor,ok,True,False,3,1518.1507226541366,1517.136651253419,5.26138794319888,0.003467972340429623,5.953820940821172,522.64453125,2810.0,,results/published/paper-rgb-dataloader-gpu-memory-g2-standard-16-2026-05-07/torchvision_memory_dataloader_augment_n10000_r3_w8_b256_dev-cuda_results.json
rgb_dataloader_gpu,GPU DataLoader,torchvision,RandomCrop224+Erasing+Normalize+ToTensor,ok,True,False,3,2149.69909550368,2153.923156977769,26.573653965582643,0.012337326835219552,30.07092028994697,522.6455078125,2810.0,,results/published/paper-rgb-dataloader-gpu-memory-g2-standard-16-2026-05-07/torchvision_memory_dataloader_augment_n10000_r3_w8_b256_dev-cuda_results.json
rgb_dataloader_gpu,GPU DataLoader,torchvision,RandomCrop224+GaussianBlur+Normalize+ToTensor,ok,True,False,3,1957.1993596290276,1955.156476055673,14.089944276425387,0.007206555817389306,15.944272916887607,522.638671875,2810.0,,results/published/paper-rgb-dataloader-gpu-memory-g2-standard-16-2026-05-07/torchvision_memory_dataloader_augment_n10000_r3_w8_b256_dev-cuda_results.json
rgb_dataloader_gpu,GPU DataLoader,torchvision,RandomCrop224+Grayscale+Normalize+ToTensor,ok,True,False,3,3960.2815035576355,3903.438283032421,121.80502228332112,0.03120454672302281,137.83535831169067,522.6376953125,2810.0,,results/published/paper-rgb-dataloader-gpu-memory-g2-standard-16-2026-05-07/torchvision_memory_dataloader_augment_n10000_r3_w8_b256_dev-cuda_results.json
rgb_dataloader_gpu,GPU DataLoader,torchvision,RandomCrop224+HorizontalFlip+Normalize+ToTensor,ok,True,False,3,5050.419231638885,5075.53216733306,58.4096121152085,0.011508076432091624,66.09669834483542,514.50390625,2810.0,,results/published/paper-rgb-dataloader-gpu-memory-g2-standard-16-2026-05-07/torchvision_memory_dataloader_augment_n10000_r3_w8_b256_dev-cuda_results.json
rgb_dataloader_gpu,GPU DataLoader,torchvision,RandomCrop224+Invert+Normalize+ToTensor,ok,True,False,3,4868.108269629351,4823.000250142715,104.25865487977312,0.02161697065570089,117.9797744219632,522.6396484375,2810.0,,results/published/paper-rgb-dataloader-gpu-memory-g2-standard-16-2026-05-07/torchvision_memory_dataloader_augment_n10000_r3_w8_b256_dev-cuda_results.json
rgb_dataloader_gpu,GPU DataLoader,torchvision,RandomCrop224+Normalize+ToTensor,ok,True,False,3,6252.6494195069445,6241.773757668784,97.49451757925287,0.015619681418197657,110.32543249903293,477.751953125,2810.0,,results/published/paper-rgb-dataloader-gpu-memory-g2-standard-16-2026-05-07/torchvision_memory_dataloader_augment_n10000_r3_w8_b256_dev-cuda_results.json
rgb_dataloader_gpu,GPU DataLoader,torchvision,RandomCrop224+Pad+Normalize+ToTensor,ok,True,False,3,4634.323626609513,4636.960928480413,35.99774836313484,0.007763220117304661,40.73528702704557,603.626953125,2810.0,,results/published/paper-rgb-dataloader-gpu-memory-g2-standard-16-2026-05-07/torchvision_memory_dataloader_augment_n10000_r3_w8_b256_dev-cuda_results.json
rgb_dataloader_gpu,GPU DataLoader,torchvision,RandomCrop224+Perspective+Normalize+ToTensor,ok,True,False,3,792.0715914231072,794.2853935209556,4.480186278742301,0.00564052457125299,5.0698080379410095,522.6337890625,2810.0,,results/published/paper-rgb-dataloader-gpu-memory-g2-standard-16-2026-05-07/torchvision_memory_dataloader_augment_n10000_r3_w8_b256_dev-cuda_results.json
rgb_dataloader_gpu,GPU DataLoader,torchvision,RandomCrop224+PhotoMetricDistort+Normalize+ToTensor,ok,True,False,3,579.9180466903011,580.32415641481,2.219598476420725,0.0038247563053952524,2.5117121245946024,522.6484375,2810.0,,results/published/paper-rgb-dataloader-gpu-memory-g2-standard-16-2026-05-07/torchvision_memory_dataloader_augment_n10000_r3_w8_b256_dev-cuda_results.json
rgb_dataloader_gpu,GPU DataLoader,torchvision,RandomCrop224+Posterize+Normalize+ToTensor,ok,True,False,3,4725.747630216896,4755.814763559988,73.05865859740696,0.015361964716791987,82.67365496737791,522.640625,2810.0,,results/published/paper-rgb-dataloader-gpu-memory-g2-standard-16-2026-05-07/torchvision_memory_dataloader_augment_n10000_r3_w8_b256_dev-cuda_results.json
rgb_dataloader_gpu,GPU DataLoader,torchvision,RandomCrop224+Resize+Normalize+ToTensor,ok,True,False,3,2829.261663653838,2824.324533248368,98.30647484098812,0.03480707464163898,111.24424863655422,2532.7509765625,2810.0,,results/published/paper-rgb-dataloader-gpu-memory-g2-standard-16-2026-05-07/torchvision_memory_dataloader_augment_n10000_r3_w8_b256_dev-cuda_results.json
rgb_dataloader_gpu,GPU DataLoader,torchvision,RandomCrop224+Rotate+Normalize+ToTensor,ok,True,False,3,1273.2181650233713,1269.0711259071034,7.585162901908962,0.0059769407301637715,8.583419852798032,522.6318359375,2810.0,,results/published/paper-rgb-dataloader-gpu-memory-g2-standard-16-2026-05-07/torchvision_memory_dataloader_augment_n10000_r3_w8_b256_dev-cuda_results.json
rgb_dataloader_gpu,GPU DataLoader,torchvision,RandomCrop224+Sharpen+Normalize+ToTensor,ok,True,False,3,2303.8296951290795,2303.231788028879,12.773516295763425,0.005545910039169391,14.454594420839888,522.642578125,2810.0,,results/published/paper-rgb-dataloader-gpu-memory-g2-standard-16-2026-05-07/torchvision_memory_dataloader_augment_n10000_r3_w8_b256_dev-cuda_results.json
rgb_dataloader_gpu,GPU DataLoader,torchvision,RandomCrop224+Solarize+Normalize+ToTensor,ok,True,False,3,4130.2322889021725,4097.393790675734,89.50689202906675,0.021844835181025025,101.28658328632457,522.6416015625,2810.0,,results/published/paper-rgb-dataloader-gpu-memory-g2-standard-16-2026-05-07/torchvision_memory_dataloader_augment_n10000_r3_w8_b256_dev-cuda_results.json
rgb_dataloader_gpu,GPU DataLoader,torchvision,RandomCrop224+VerticalFlip+Normalize+ToTensor,ok,True,False,3,5020.223417814098,5006.418978081969,57.56540829444168,0.011498320165863508,65.14139179062097,514.5048828125,2810.0,,results/published/paper-rgb-dataloader-gpu-memory-g2-standard-16-2026-05-07/torchvision_memory_dataloader_augment_n10000_r3_w8_b256_dev-cuda_results.json
rgb_dataloader_gpu,GPU DataLoader,torchvision,RandomResizedCrop+Normalize+ToTensor,ok,True,False,3,4139.55474085695,4122.3621819048285,181.76637140906206,0.04409277093772311,205.6880123867812,477.7529296875,2810.0,,results/published/paper-rgb-dataloader-gpu-memory-g2-standard-16-2026-05-07/torchvision_memory_dataloader_augment_n10000_r3_w8_b256_dev-cuda_results.json
rgb_micro_cpu,CPU micro,albumentationsx,Affine,ok,True,False,3,871.7532756626172,872.2879503704229,8.004725947367511,0.009176701276187813,9.058200133783558,,,,gcp_runs/prod-c4-standard-16-rgb-micro-cpu-r3/results/image-rgb/micro/albumentationsx_micro_results.json
rgb_micro_cpu,CPU micro,albumentationsx,AutoContrast,ok,True,False,3,1242.743430812422,1235.621785759637,19.141211703800185,0.015491157508227752,21.660320110417118,,,,gcp_runs/prod-c4-standard-16-rgb-micro-cpu-r3/results/image-rgb/micro/albumentationsx_micro_results.json
rgb_micro_cpu,CPU micro,albumentationsx,Blur,ok,True,False,3,4448.693173803265,4445.506638843133,17.195994388897073,0.0038681742680676855,19.45909949924952,,,,gcp_runs/prod-c4-standard-16-rgb-micro-cpu-r3/results/image-rgb/micro/albumentationsx_micro_results.json
rgb_micro_cpu,CPU micro,albumentationsx,Brightness,ok,True,False,3,6912.216546804513,6906.392991387477,12.759458260987916,0.001847485116601303,14.438686256922528,,,,gcp_runs/prod-c4-standard-16-rgb-micro-cpu-r3/results/image-rgb/micro/albumentationsx_micro_results.json
rgb_micro_cpu,CPU micro,albumentationsx,CLAHE,ok,True,False,3,282.9010925166607,282.7839813021535,1.1606580662762196,0.004104398208596057,1.3134082441233044,,,,gcp_runs/prod-c4-standard-16-rgb-micro-cpu-r3/results/image-rgb/micro/albumentationsx_micro_results.json
rgb_micro_cpu,CPU micro,albumentationsx,ChannelDropout,ok,True,False,3,6810.105072259891,6832.895110044504,64.95000913018482,0.009505488974169515,73.49785430015449,,,,gcp_runs/prod-c4-standard-16-rgb-micro-cpu-r3/results/image-rgb/micro/albumentationsx_micro_results.json
rgb_micro_cpu,CPU micro,albumentationsx,ChannelShuffle,ok,True,False,3,4337.437415170043,4344.389080225494,12.794186766448957,0.0029449910056824104,14.47798526039644,,,,gcp_runs/prod-c4-standard-16-rgb-micro-cpu-r3/results/image-rgb/micro/albumentationsx_micro_results.json
rgb_micro_cpu,CPU micro,albumentationsx,ColorJiggle,ok,True,False,3,639.3140054339826,641.2181504645667,4.816904732123829,0.007512115383249757,5.450840837754852,,,,gcp_runs/prod-c4-standard-16-rgb-micro-cpu-r3/results/image-rgb/micro/albumentationsx_micro_results.json
rgb_micro_cpu,CPU micro,albumentationsx,ColorJitter,ok,True,False,3,641.4197256045485,641.4284739010108,0.6807745545379973,0.0010613413377140765,0.7703689297471222,,,,gcp_runs/prod-c4-standard-16-rgb-micro-cpu-r3/results/image-rgb/micro/albumentationsx_micro_results.json
rgb_micro_cpu,CPU micro,albumentationsx,Contrast,ok,True,False,3,6932.767881994466,6929.31698544747,30.093989274382533,0.004342995036535938,34.05455470476676,,,,gcp_runs/prod-c4-standard-16-rgb-micro-cpu-r3/results/image-rgb/micro/albumentationsx_micro_results.json
rgb_micro_cpu,CPU micro,albumentationsx,CornerIllumination,ok,True,False,3,424.5629741124552,425.4811721366934,2.3633134585587663,0.005554448970539899,2.674340936497604,,,,gcp_runs/prod-c4-standard-16-rgb-micro-cpu-r3/results/image-rgb/micro/albumentationsx_micro_results.json
rgb_micro_cpu,CPU micro,albumentationsx,Elastic,ok,True,False,3,190.98383097378903,190.9457898221582,0.39258432840765534,0.0020559988715818135,0.44425098866414503,,,,gcp_runs/prod-c4-standard-16-rgb-micro-cpu-r3/results/image-rgb/micro/albumentationsx_micro_results.json
rgb_micro_cpu,CPU micro,albumentationsx,EnhanceDetail,ok,True,False,3,2148.294978460695,2141.2264960825605,12.838494411829911,0.005995860052786723,14.52812408113263,,,,gcp_runs/prod-c4-standard-16-rgb-micro-cpu-r3/results/image-rgb/micro/albumentationsx_micro_results.json
rgb_micro_cpu,CPU micro,albumentationsx,EnhanceEdge,ok,True,False,3,1373.273012371135,1380.9992927518213,15.579626278222864,0.011281415102811838,17.63000679418725,,,,gcp_runs/prod-c4-standard-16-rgb-micro-cpu-r3/results/image-rgb/micro/albumentationsx_micro_results.json
rgb_micro_cpu,CPU micro,albumentationsx,Equalize,ok,True,False,3,807.4024953799502,808.0809074076543,2.8309296473329684,0.0035032750079625917,3.20349846813138,,,,gcp_runs/prod-c4-standard-16-rgb-micro-cpu-r3/results/image-rgb/micro/albumentationsx_micro_results.json
rgb_micro_cpu,CPU micro,albumentationsx,Erasing,ok,True,False,3,9510.608708345007,9480.554694311684,74.10800929502697,0.007816843178964163,83.86110706655859,,,,gcp_runs/prod-c4-standard-16-rgb-micro-cpu-r3/results/image-rgb/micro/albumentationsx_micro_results.json
rgb_micro_cpu,CPU micro,albumentationsx,GaussianBlur,ok,True,False,3,2342.827240884492,2344.5840881521494,3.7765682904697515,0.0016107625695976637,4.2735893294668035,,,,gcp_runs/prod-c4-standard-16-rgb-micro-cpu-r3/results/image-rgb/micro/albumentationsx_micro_results.json
rgb_micro_cpu,CPU micro,albumentationsx,GaussianIllumination,ok,True,False,3,388.11047890173757,388.43552435271704,1.1964896336234734,0.0030802786012357783,1.3539554796280138,,,,gcp_runs/prod-c4-standard-16-rgb-micro-cpu-r3/results/image-rgb/micro/albumentationsx_micro_results.json
rgb_micro_cpu,CPU micro,albumentationsx,GaussianNoise,ok,True,False,3,225.10470512938434,225.34824400203016,0.4251858209037419,0.0018867944713157447,0.4811430503825993,,,,gcp_runs/prod-c4-standard-16-rgb-micro-cpu-r3/results/image-rgb/micro/albumentationsx_micro_results.json
rgb_micro_cpu,CPU micro,albumentationsx,Grayscale,ok,True,False,3,5193.888534187087,5194.09668590618,1.2888565012127946,0.00024813871961798804,1.458478429927132,,,,gcp_runs/prod-c4-standard-16-rgb-micro-cpu-r3/results/image-rgb/micro/albumentationsx_micro_results.json
rgb_micro_cpu,CPU micro,albumentationsx,HorizontalFlip,ok,True,False,3,8416.015495702672,8425.443379306758,18.954924845496326,0.002249724316236035,21.449516685552204,,,,gcp_runs/prod-c4-standard-16-rgb-micro-cpu-r3/results/image-rgb/micro/albumentationsx_micro_results.json
rgb_micro_cpu,CPU micro,albumentationsx,Hue,ok,True,False,3,966.9454166921922,966.9335931318401,0.8002601180252927,0.0008276267612476861,0.905579573344704,,,,gcp_runs/prod-c4-standard-16-rgb-micro-cpu-r3/results/image-rgb/micro/albumentationsx_micro_results.json
rgb_micro_cpu,CPU micro,albumentationsx,Invert,ok,True,False,3,15094.939774655906,15060.2578805467,61.46489168786325,0.00408126422371939,69.55407265293012,,,,gcp_runs/prod-c4-standard-16-rgb-micro-cpu-r3/results/image-rgb/micro/albumentationsx_micro_results.json
rgb_micro_cpu,CPU micro,albumentationsx,JpegCompression,ok,True,False,3,691.9828227138655,689.440786998265,6.5993670195707,0.009572057737261934,7.467886797451352,,,,gcp_runs/prod-c4-standard-16-rgb-micro-cpu-r3/results/image-rgb/micro/albumentationsx_micro_results.json
rgb_micro_cpu,CPU micro,albumentationsx,LinearIllumination,ok,True,False,3,520.7455886509239,520.2534298921173,1.0458532781364287,0.0020102765653141445,1.1834943964632425,,,,gcp_runs/prod-c4-standard-16-rgb-micro-cpu-r3/results/image-rgb/micro/albumentationsx_micro_results.json
rgb_micro_cpu,CPU micro,albumentationsx,LongestMaxSize,ok,True,False,3,2824.519974242959,2804.6819412690124,42.3240853233567,0.01509051158371514,47.89421122710357,,,,gcp_runs/prod-c4-standard-16-rgb-micro-cpu-r3/results/image-rgb/micro/albumentationsx_micro_results.json
rgb_micro_cpu,CPU micro,albumentationsx,MedianBlur,ok,True,False,3,843.2767762764221,843.3791441386583,3.7488350200646225,0.004445017458776861,4.24220617964434,,,,gcp_runs/prod-c4-standard-16-rgb-micro-cpu-r3/results/image-rgb/micro/albumentationsx_micro_results.json
rgb_micro_cpu,CPU micro,albumentationsx,MotionBlur,ok,True,False,3,1952.549293510249,1954.7560199320799,20.62742149620168,0.010552427661493224,23.342124812899034,,,,gcp_runs/prod-c4-standard-16-rgb-micro-cpu-r3/results/image-rgb/micro/albumentationsx_micro_results.json
rgb_micro_cpu,CPU micro,albumentationsx,OpticalDistortion,ok,True,False,3,274.4040268402377,274.56713293345706,1.0872355808292262,0.003959816927879434,1.2303228803180142,,,,gcp_runs/prod-c4-standard-16-rgb-micro-cpu-r3/results/image-rgb/micro/albumentationsx_micro_results.json
rgb_micro_cpu,CPU micro,albumentationsx,Pad,ok,True,False,3,13180.996601313322,13180.574130874224,118.4945140800598,0.008990087450173953,134.0891656191682,,,,gcp_runs/prod-c4-standard-16-rgb-micro-cpu-r3/results/image-rgb/micro/albumentationsx_micro_results.json
rgb_micro_cpu,CPU micro,albumentationsx,Perspective,ok,True,False,3,559.3804489651601,559.3626939885788,1.7989094382198598,0.0032159982379099997,2.0356576628718295,,,,gcp_runs/prod-c4-standard-16-rgb-micro-cpu-r3/results/image-rgb/micro/albumentationsx_micro_results.json
rgb_micro_cpu,CPU micro,albumentationsx,PhotoMetricDistort,ok,True,False,3,580.9437844422818,579.0496011415926,4.475954375362658,0.007729828958587214,5.065019188452384,,,,gcp_runs/prod-c4-standard-16-rgb-micro-cpu-r3/results/image-rgb/micro/albumentationsx_micro_results.json
rgb_micro_cpu,CPU micro,albumentationsx,PlankianJitter,ok,True,False,3,2253.122937103939,2249.8809527725093,16.932653783785554,0.007526022104822741,19.161101551520115,,,,gcp_runs/prod-c4-standard-16-rgb-micro-cpu-r3/results/image-rgb/micro/albumentationsx_micro_results.json
rgb_micro_cpu,CPU micro,albumentationsx,PlasmaBrightness,ok,True,False,3,266.96495330090994,266.94688921174856,0.7349579941674109,0.0027531993211744265,0.8316832637202193,,,,gcp_runs/prod-c4-standard-16-rgb-micro-cpu-r3/results/image-rgb/micro/albumentationsx_micro_results.json
rgb_micro_cpu,CPU micro,albumentationsx,PlasmaContrast,ok,True,False,3,142.8451104115041,142.99238760734752,0.43498987473513967,0.0030420491748806085,0.4922373816952652,,,,gcp_runs/prod-c4-standard-16-rgb-micro-cpu-r3/results/image-rgb/micro/albumentationsx_micro_results.json
rgb_micro_cpu,CPU micro,albumentationsx,PlasmaShadow,ok,True,False,3,419.82724467834464,419.01897109190736,2.5590110535825983,0.006107148435103446,2.8957936124644763,,,,gcp_runs/prod-c4-standard-16-rgb-micro-cpu-r3/results/image-rgb/micro/albumentationsx_micro_results.json
rgb_micro_cpu,CPU micro,albumentationsx,Posterize,ok,True,False,3,14398.501864682527,14384.61353696521,57.66499533409731,0.004008796981991298,65.25408513476081,,,,gcp_runs/prod-c4-standard-16-rgb-micro-cpu-r3/results/image-rgb/micro/albumentationsx_micro_results.json
rgb_micro_cpu,CPU micro,albumentationsx,RGBShift,ok,True,False,3,2292.058727848394,2291.051854915831,2.813550672401362,0.001228060668449919,3.1838323066555745,,,,gcp_runs/prod-c4-standard-16-rgb-micro-cpu-r3/results/image-rgb/micro/albumentationsx_micro_results.json
rgb_micro_cpu,CPU micro,albumentationsx,Rain,ok,True,False,3,1258.785623452335,1259.1934791421675,2.084340788573242,0.001655298270757573,2.358653642116729,,,,gcp_runs/prod-c4-standard-16-rgb-micro-cpu-r3/results/image-rgb/micro/albumentationsx_micro_results.json
rgb_micro_cpu,CPU micro,albumentationsx,RandomCrop224,ok,True,False,3,38380.3389498277,38349.766355212014,191.87190930227104,0.005003209342270067,217.12350503176353,,,,gcp_runs/prod-c4-standard-16-rgb-micro-cpu-r3/results/image-rgb/micro/albumentationsx_micro_results.json
rgb_micro_cpu,CPU micro,albumentationsx,RandomGamma,ok,True,False,3,9937.66050905697,9916.655261388902,45.5730170990055,0.004595603648384027,51.57072363219272,,,,gcp_runs/prod-c4-standard-16-rgb-micro-cpu-r3/results/image-rgb/micro/albumentationsx_micro_results.json
rgb_micro_cpu,CPU micro,albumentationsx,RandomJigsaw,ok,True,False,3,5172.040746287774,5180.445383051007,15.69198721256007,0.003029080716476606,17.757155160931777,,,,gcp_runs/prod-c4-standard-16-rgb-micro-cpu-r3/results/image-rgb/micro/albumentationsx_micro_results.json
rgb_micro_cpu,CPU micro,albumentationsx,RandomResizedCrop,ok,True,False,3,7150.428706276953,7149.859126353999,18.54161995130089,0.0025932846540930392,20.9818181693868,,,,gcp_runs/prod-c4-standard-16-rgb-micro-cpu-r3/results/image-rgb/micro/albumentationsx_micro_results.json
rgb_micro_cpu,CPU micro,albumentationsx,RandomRotate90,ok,True,False,3,5989.967463396571,6006.373235484156,84.73075229643888,0.014106807714823767,95.88187238809743,,,,gcp_runs/prod-c4-standard-16-rgb-micro-cpu-r3/results/image-rgb/micro/albumentationsx_micro_results.json
rgb_micro_cpu,CPU micro,albumentationsx,Resize,ok,True,False,3,2462.6859094983897,2467.2298603114955,36.85852189317684,0.014939233058943012,41.709343972436436,,,,gcp_runs/prod-c4-standard-16-rgb-micro-cpu-r3/results/image-rgb/micro/albumentationsx_micro_results.json
rgb_micro_cpu,CPU micro,albumentationsx,Rotate,ok,True,False,3,1407.6146544751714,1415.7090998643691,40.48345026602485,0.02859588192934787,45.81133658127598,,,,gcp_runs/prod-c4-standard-16-rgb-micro-cpu-r3/results/image-rgb/micro/albumentationsx_micro_results.json
rgb_micro_cpu,CPU micro,albumentationsx,SaltAndPepper,ok,True,False,3,737.745045285938,735.7211007259925,9.96620996463847,0.013546179326383388,11.277828251533329,,,,gcp_runs/prod-c4-standard-16-rgb-micro-cpu-r3/results/image-rgb/micro/albumentationsx_micro_results.json
rgb_micro_cpu,CPU micro,albumentationsx,Saturation,ok,True,False,3,846.6102459551875,846.3391257132749,16.89156775724575,0.01995839167072647,19.11460833569405,,,,gcp_runs/prod-c4-standard-16-rgb-micro-cpu-r3/results/image-rgb/micro/albumentationsx_micro_results.json
rgb_micro_cpu,CPU micro,albumentationsx,Sharpen,ok,True,False,3,1387.6136180112503,1387.7266962408937,4.586177456588039,0.0033048131660298693,5.189748346660496,,,,gcp_runs/prod-c4-standard-16-rgb-micro-cpu-r3/results/image-rgb/micro/albumentationsx_micro_results.json
rgb_micro_cpu,CPU micro,albumentationsx,Shear,ok,True,False,3,784.4190209777017,781.991244301092,5.560993170170348,0.007111324085400098,6.292856171368661,,,,gcp_runs/prod-c4-standard-16-rgb-micro-cpu-r3/results/image-rgb/micro/albumentationsx_micro_results.json
rgb_micro_cpu,CPU micro,albumentationsx,SmallestMaxSize,ok,True,False,3,2017.4652898169975,2013.8475024404568,24.59133763555842,0.012211122046608647,27.827718191100356,,,,gcp_runs/prod-c4-standard-16-rgb-micro-cpu-r3/results/image-rgb/micro/albumentationsx_micro_results.json
rgb_micro_cpu,CPU micro,albumentationsx,Snow,ok,True,False,3,489.3329742216671,489.6369385500318,2.900919452391931,0.005924633588679933,3.2826993884023703,,,,gcp_runs/prod-c4-standard-16-rgb-micro-cpu-r3/results/image-rgb/micro/albumentationsx_micro_results.json
rgb_micro_cpu,CPU micro,albumentationsx,Solarize,ok,True,False,3,9759.52558243178,9760.80090286691,34.29150929334339,0.0035131860217814097,38.804495758003505,,,,gcp_runs/prod-c4-standard-16-rgb-micro-cpu-r3/results/image-rgb/micro/albumentationsx_micro_results.json
rgb_micro_cpu,CPU micro,albumentationsx,ThinPlateSpline,ok,True,False,3,51.70549702156602,51.7053168347197,0.05741440325407754,0.0011104158482890146,0.06497051350124265,,,,gcp_runs/prod-c4-standard-16-rgb-micro-cpu-r3/results/image-rgb/micro/albumentationsx_micro_results.json
rgb_micro_cpu,CPU micro,albumentationsx,Transpose,ok,True,False,3,4626.804451422197,4635.845627958227,26.153663009709344,0.005641616461941647,29.595655782742877,,,,gcp_runs/prod-c4-standard-16-rgb-micro-cpu-r3/results/image-rgb/micro/albumentationsx_micro_results.json
rgb_micro_cpu,CPU micro,albumentationsx,UnsharpMask,ok,True,False,3,906.0902007004582,906.7218912778739,1.95193971222039,0.002152743560067195,2.2088277198530313,,,,gcp_runs/prod-c4-standard-16-rgb-micro-cpu-r3/results/image-rgb/micro/albumentationsx_micro_results.json
rgb_micro_cpu,CPU micro,albumentationsx,VerticalFlip,ok,True,False,3,14051.45011527143,14029.800700114938,54.6973241855199,0.0038986529712479664,61.895849091225806,,,,gcp_runs/prod-c4-standard-16-rgb-micro-cpu-r3/results/image-rgb/micro/albumentationsx_micro_results.json
rgb_micro_cpu,CPU micro,kornia,Affine,ok,True,False,3,402.03481018118345,403.4723854511215,2.809421938816075,0.006963108356659569,3.1791602047796945,,,,gcp_runs/prod-c4-standard-16-rgb-micro-cpu-r3/results/image-rgb/micro/kornia_micro_results.json
rgb_micro_cpu,CPU micro,kornia,AutoContrast,ok,True,False,3,231.26192951582954,230.8049932665318,1.22071786157669,0.0052889577660350465,1.3813723005323373,,,,gcp_runs/prod-c4-standard-16-rgb-micro-cpu-r3/results/image-rgb/micro/kornia_micro_results.json
rgb_micro_cpu,CPU micro,kornia,Blur,ok,True,False,3,56.859811739039756,56.87161388372335,0.17387889639895052,0.0030573933905665837,0.1967624941789651,,,,gcp_runs/prod-c4-standard-16-rgb-micro-cpu-r3/results/image-rgb/micro/kornia_micro_results.json
rgb_micro_cpu,CPU micro,kornia,Brightness,ok,True,False,3,766.0634319451342,768.3420720088778,7.081170439854809,0.00921616907081588,8.013098692870477,,,,gcp_runs/prod-c4-standard-16-rgb-micro-cpu-r3/results/image-rgb/micro/kornia_micro_results.json
rgb_micro_cpu,CPU micro,kornia,CLAHE,ok,True,False,3,61.586281186184884,61.60960680863908,0.07500962069211467,0.0012174987729607876,0.0848813764088721,,,,gcp_runs/prod-c4-standard-16-rgb-micro-cpu-r3/results/image-rgb/micro/kornia_micro_results.json
rgb_micro_cpu,CPU micro,kornia,ChannelDropout,ok,True,False,3,827.6049696713839,828.2016390788967,5.890773202665144,0.007112728259288041,6.666037408815759,,,,gcp_runs/prod-c4-standard-16-rgb-micro-cpu-r3/results/image-rgb/micro/kornia_micro_results.json
rgb_micro_cpu,CPU micro,kornia,ChannelShuffle,ok,True,False,3,486.8282780813643,487.42200360187616,1.803812651779142,0.003700720604424102,2.041206171341787,,,,gcp_runs/prod-c4-standard-16-rgb-micro-cpu-r3/results/image-rgb/micro/kornia_micro_results.json
rgb_micro_cpu,CPU micro,kornia,ColorJiggle,ok,True,False,3,33.56104131364356,33.59822815476307,0.10698779606418181,0.003184328517901758,0.12106808840101389,,,,gcp_runs/prod-c4-standard-16-rgb-micro-cpu-r3/results/image-rgb/micro/kornia_micro_results.json
rgb_micro_cpu,CPU micro,kornia,ColorJitter,ok,True,False,3,51.72264158743377,51.93534536107209,0.6016365349533258,0.011584336847488837,0.6808158302028481,,,,gcp_runs/prod-c4-standard-16-rgb-micro-cpu-r3/results/image-rgb/micro/kornia_micro_results.json
rgb_micro_cpu,CPU micro,kornia,Contrast,ok,True,False,3,770.5889957611539,770.2398613236579,9.431546836566485,0.012244947723632951,10.672799965733796,,,,gcp_runs/prod-c4-standard-16-rgb-micro-cpu-r3/results/image-rgb/micro/kornia_micro_results.json
rgb_micro_cpu,CPU micro,kornia,CornerIllumination,ok,True,False,3,156.5913270825259,156.4538583578662,0.4427985022990971,0.0028302178479117962,0.5010736756183278,,,,gcp_runs/prod-c4-standard-16-rgb-micro-cpu-r3/results/image-rgb/micro/kornia_micro_results.json
rgb_micro_cpu,CPU micro,kornia,Elastic,early_stopped,True,True,0,3.7378344361532228,3.7378344361532228,0.0,0.0,0.0,,,Elastic slower than threshold: 0.268 sec/image >= 0.050,gcp_runs/prod-c4-standard-16-rgb-micro-cpu-r3/results/image-rgb/micro/kornia_micro_results.json
rgb_micro_cpu,CPU micro,kornia,Equalize,ok,True,False,3,128.2709175776136,128.2948129269623,0.05338832647496663,0.0004161378410938592,0.060414578737334995,,,,gcp_runs/prod-c4-standard-16-rgb-micro-cpu-r3/results/image-rgb/micro/kornia_micro_results.json
rgb_micro_cpu,CPU micro,kornia,Erasing,ok,True,False,3,298.3273931625874,298.31906899513103,0.5885597434385561,0.00197292028773448,0.6660180475645179,,,,gcp_runs/prod-c4-standard-16-rgb-micro-cpu-r3/results/image-rgb/micro/kornia_micro_results.json
rgb_micro_cpu,CPU micro,kornia,GaussianBlur,ok,True,False,3,57.114232600757475,56.93544331845854,0.3600450780307867,0.0063237424185307025,0.40742936053409007,,,,gcp_runs/prod-c4-standard-16-rgb-micro-cpu-r3/results/image-rgb/micro/kornia_micro_results.json
rgb_micro_cpu,CPU micro,kornia,GaussianIllumination,ok,True,False,3,187.9053088033522,187.86170750046642,0.20453628147276667,0.001088759833997883,0.23145459124799994,,,,gcp_runs/prod-c4-standard-16-rgb-micro-cpu-r3/results/image-rgb/micro/kornia_micro_results.json
rgb_micro_cpu,CPU micro,kornia,GaussianNoise,ok,True,False,3,48.629841218823735,48.61987075352448,0.019125395024573826,0.00039336581377455464,0.02164242185295943,,,,gcp_runs/prod-c4-standard-16-rgb-micro-cpu-r3/results/image-rgb/micro/kornia_micro_results.json
rgb_micro_cpu,CPU micro,kornia,Grayscale,ok,True,False,3,418.2876438757875,418.36290750104814,1.2243616595544224,0.002926554045787042,1.3854956461092376,,,,gcp_runs/prod-c4-standard-16-rgb-micro-cpu-r3/results/image-rgb/micro/kornia_micro_results.json
rgb_micro_cpu,CPU micro,kornia,HorizontalFlip,ok,True,False,3,920.4240527993442,916.101003291601,9.599468826746994,0.010478614030828018,10.862821585951606,,,,gcp_runs/prod-c4-standard-16-rgb-micro-cpu-r3/results/image-rgb/micro/kornia_micro_results.json
rgb_micro_cpu,CPU micro,kornia,Hue,ok,True,False,3,65.55266129259061,65.631082312339,0.2799465748185079,0.004265457233909982,0.31678937144715136,,,,gcp_runs/prod-c4-standard-16-rgb-micro-cpu-r3/results/image-rgb/micro/kornia_micro_results.json
rgb_micro_cpu,CPU micro,kornia,Invert,ok,True,False,3,1015.2969496633222,1016.5933684182783,2.4317082545954163,0.002392016641205245,2.7517369341473454,,,,gcp_runs/prod-c4-standard-16-rgb-micro-cpu-r3/results/image-rgb/micro/kornia_micro_results.json
rgb_micro_cpu,CPU micro,kornia,JpegCompression,ok,True,False,3,42.83552791451952,42.87252151596575,0.09486964097246967,0.002212830914018905,0.10735510499662189,,,,gcp_runs/prod-c4-standard-16-rgb-micro-cpu-r3/results/image-rgb/micro/kornia_micro_results.json
rgb_micro_cpu,CPU micro,kornia,LinearIllumination,ok,True,False,3,327.13709846810787,325.9432350243224,3.0938658737742495,0.009492038923720508,3.5010388183179133,,,,gcp_runs/prod-c4-standard-16-rgb-micro-cpu-r3/results/image-rgb/micro/kornia_micro_results.json
rgb_micro_cpu,CPU micro,kornia,LongestMaxSize,ok,True,False,3,330.1708366575525,330.82657095301585,1.3687092570564505,0.004137241011547514,1.5488403296875939,,,,gcp_runs/prod-c4-standard-16-rgb-micro-cpu-r3/results/image-rgb/micro/kornia_micro_results.json
rgb_micro_cpu,CPU micro,kornia,MedianBlur,early_stopped,True,True,0,2.5119976789703946,2.5119976789703946,0.0,0.0,0.0,,,MedianBlur slower than threshold: 0.398 sec/image >= 0.050,gcp_runs/prod-c4-standard-16-rgb-micro-cpu-r3/results/image-rgb/micro/kornia_micro_results.json
rgb_micro_cpu,CPU micro,kornia,MotionBlur,ok,True,False,3,81.11343919623654,80.74252759253704,0.9583120943012033,0.011868740338886533,1.0844322214004487,,,,gcp_runs/prod-c4-standard-16-rgb-micro-cpu-r3/results/image-rgb/micro/kornia_micro_results.json
rgb_micro_cpu,CPU micro,kornia,OpticalDistortion,ok,True,False,3,201.42861577915383,201.04348681099032,0.6717376386968598,0.0033412554137025557,0.7601426967918137,,,,gcp_runs/prod-c4-standard-16-rgb-micro-cpu-r3/results/image-rgb/micro/kornia_micro_results.json
rgb_micro_cpu,CPU micro,kornia,Perspective,ok,True,False,3,181.25306507995802,181.41858223194208,0.9094648240698419,0.005013074255574872,1.029156331550629,,,,gcp_runs/prod-c4-standard-16-rgb-micro-cpu-r3/results/image-rgb/micro/kornia_micro_results.json
rgb_micro_cpu,CPU micro,kornia,PlankianJitter,ok,True,False,3,580.4429994720748,579.5396875654152,1.570844365463387,0.002710503524033596,1.7775777378203752,,,,gcp_runs/prod-c4-standard-16-rgb-micro-cpu-r3/results/image-rgb/micro/kornia_micro_results.json
rgb_micro_cpu,CPU micro,kornia,PlasmaBrightness,early_stopped,True,True,0,15.286473333167574,15.286473333167574,0.0,0.0,0.0,,,PlasmaBrightness slower than threshold: 0.065 sec/image >= 0.050,gcp_runs/prod-c4-standard-16-rgb-micro-cpu-r3/results/image-rgb/micro/kornia_micro_results.json
rgb_micro_cpu,CPU micro,kornia,PlasmaContrast,early_stopped,True,True,0,15.838775206527329,15.838775206527329,0.0,0.0,0.0,,,PlasmaContrast slower than threshold: 0.063 sec/image >= 0.050,gcp_runs/prod-c4-standard-16-rgb-micro-cpu-r3/results/image-rgb/micro/kornia_micro_results.json
rgb_micro_cpu,CPU micro,kornia,PlasmaShadow,ok,True,False,3,52.855692212131686,52.865609138536804,0.032798499445840526,0.0006204127783695923,0.03711499606878077,,,,gcp_runs/prod-c4-standard-16-rgb-micro-cpu-r3/results/image-rgb/micro/kornia_micro_results.json
rgb_micro_cpu,CPU micro,kornia,Posterize,ok,True,False,3,290.4258733285897,294.76085282542886,8.672581141673659,0.02942243197677938,9.81394943115975,,,,gcp_runs/prod-c4-standard-16-rgb-micro-cpu-r3/results/image-rgb/micro/kornia_micro_results.json
rgb_micro_cpu,CPU micro,kornia,RGBShift,ok,True,False,3,597.340058993706,596.7437678542732,3.1988039702107525,0.005360431298198176,3.6197874532406025,,,,gcp_runs/prod-c4-standard-16-rgb-micro-cpu-r3/results/image-rgb/micro/kornia_micro_results.json
rgb_micro_cpu,CPU micro,kornia,Rain,ok,True,False,3,527.279109396613,525.6747991896481,4.676477540742118,0.00889614177425116,5.291932511333133,,,,gcp_runs/prod-c4-standard-16-rgb-micro-cpu-r3/results/image-rgb/micro/kornia_micro_results.json
rgb_micro_cpu,CPU micro,kornia,RandomCrop224,ok,True,False,3,981.2844214705179,979.5508637144006,5.47043734876172,0.00558463838010222,6.1903826127494215,,,,gcp_runs/prod-c4-standard-16-rgb-micro-cpu-r3/results/image-rgb/micro/kornia_micro_results.json
rgb_micro_cpu,CPU micro,kornia,RandomGamma,ok,True,False,3,307.9009636014686,308.5825742573981,2.1074925512204925,0.006829590284844046,2.384852327854074,,,,gcp_runs/prod-c4-standard-16-rgb-micro-cpu-r3/results/image-rgb/micro/kornia_micro_results.json
rgb_micro_cpu,CPU micro,kornia,RandomJigsaw,ok,True,False,3,218.50970735691982,218.48804319699653,1.8410880493001882,0.00842649337858822,2.0833872544959227,,,,gcp_runs/prod-c4-standard-16-rgb-micro-cpu-r3/results/image-rgb/micro/kornia_micro_results.json
rgb_micro_cpu,CPU micro,kornia,RandomResizedCrop,ok,True,False,3,621.5600305914313,623.1820548913684,3.0325079850244308,0.004866167055392907,3.431605830888148,,,,gcp_runs/prod-c4-standard-16-rgb-micro-cpu-r3/results/image-rgb/micro/kornia_micro_results.json
rgb_micro_cpu,CPU micro,kornia,RandomRotate90,ok,True,False,3,333.4478917461851,331.44473125843507,3.634831228006316,0.010966628475901628,4.1131987443786775,,,,gcp_runs/prod-c4-standard-16-rgb-micro-cpu-r3/results/image-rgb/micro/kornia_micro_results.json
rgb_micro_cpu,CPU micro,kornia,Resize,ok,True,False,3,270.59324649320826,270.75938994350264,0.9147437906735651,0.003378437921818475,1.0351300446184462,,,,gcp_runs/prod-c4-standard-16-rgb-micro-cpu-r3/results/image-rgb/micro/kornia_micro_results.json
rgb_micro_cpu,CPU micro,kornia,Rotate,ok,True,False,3,325.4454487471497,325.382660351055,2.153839694775233,0.006619405264101835,2.437299058036773,,,,gcp_runs/prod-c4-standard-16-rgb-micro-cpu-r3/results/image-rgb/micro/kornia_micro_results.json
rgb_micro_cpu,CPU micro,kornia,SaltAndPepper,ok,True,False,3,153.8762309322086,154.17744363337872,0.6552667875127665,0.004250082061750466,0.7415041740765734,,,,gcp_runs/prod-c4-standard-16-rgb-micro-cpu-r3/results/image-rgb/micro/kornia_micro_results.json
rgb_micro_cpu,CPU micro,kornia,Saturation,ok,True,False,3,67.00549754725486,67.0643277787741,0.11624787870443022,0.0017333787209184962,0.13154685836294247,,,,gcp_runs/prod-c4-standard-16-rgb-micro-cpu-r3/results/image-rgb/micro/kornia_micro_results.json
rgb_micro_cpu,CPU micro,kornia,Sharpen,ok,True,False,3,57.8637534827297,57.96925982243791,0.31752766979317637,0.005477518097794864,0.35931638383528014,,,,gcp_runs/prod-c4-standard-16-rgb-micro-cpu-r3/results/image-rgb/micro/kornia_micro_results.json
rgb_micro_cpu,CPU micro,kornia,Shear,ok,True,False,3,403.26719451184,403.44511180556464,1.094681918829974,0.002713335437206988,1.238749205006463,,,,gcp_runs/prod-c4-standard-16-rgb-micro-cpu-r3/results/image-rgb/micro/kornia_micro_results.json
rgb_micro_cpu,CPU micro,kornia,SmallestMaxSize,ok,True,False,3,214.1245647347979,214.17880507311614,0.8205713957152229,0.003831244624952955,0.9285639477627621,,,,gcp_runs/prod-c4-standard-16-rgb-micro-cpu-r3/results/image-rgb/micro/kornia_micro_results.json
rgb_micro_cpu,CPU micro,kornia,Snow,ok,True,False,3,62.26781156946908,62.231067521717584,0.07372658701533236,0.0011847231608167904,0.08342948712507962,,,,gcp_runs/prod-c4-standard-16-rgb-micro-cpu-r3/results/image-rgb/micro/kornia_micro_results.json
rgb_micro_cpu,CPU micro,kornia,Solarize,ok,True,False,3,213.66694581447865,213.76968909717266,0.7640916395654966,0.0035743684841033087,0.8646510870258168,,,,gcp_runs/prod-c4-standard-16-rgb-micro-cpu-r3/results/image-rgb/micro/kornia_micro_results.json
rgb_micro_cpu,CPU micro,kornia,ThinPlateSpline,ok,True,False,3,36.22547849364228,36.23896417931579,0.0456901974415817,0.001260803074157964,0.05170332567275971,,,,gcp_runs/prod-c4-standard-16-rgb-micro-cpu-r3/results/image-rgb/micro/kornia_micro_results.json
rgb_micro_cpu,CPU micro,kornia,VerticalFlip,ok,True,False,3,1067.2300702274595,1066.33269532904,1.8820164076291572,0.0017649429824979908,2.1297020519454133,,,,gcp_runs/prod-c4-standard-16-rgb-micro-cpu-r3/results/image-rgb/micro/kornia_micro_results.json
rgb_micro_cpu,CPU micro,pillow,Affine,ok,True,False,3,264.0704845972873,264.2134328692789,1.6755131387787565,0.0063415138306299745,1.896021604941153,,,,gcp_runs/prod-c4-standard-16-rgb-micro-cpu-r3/results/image-rgb/micro/pillow_micro_results.json
rgb_micro_cpu,CPU micro,pillow,AutoContrast,ok,True,False,3,898.797151187253,897.2043932035541,3.705987401594927,0.004130594354718154,4.193719534891418,,,,gcp_runs/prod-c4-standard-16-rgb-micro-cpu-r3/results/image-rgb/micro/pillow_micro_results.json
rgb_micro_cpu,CPU micro,pillow,Blur,ok,True,False,3,409.22742246694986,407.91983832336797,2.6769943429656706,0.00656255001955446,3.0293042728794575,,,,gcp_runs/prod-c4-standard-16-rgb-micro-cpu-r3/results/image-rgb/micro/pillow_micro_results.json
rgb_micro_cpu,CPU micro,pillow,Brightness,ok,True,False,3,609.3230182532478,607.0781138073997,3.8992240907724898,0.006422936360393234,4.4123874337388145,,,,gcp_runs/prod-c4-standard-16-rgb-micro-cpu-r3/results/image-rgb/micro/pillow_micro_results.json
rgb_micro_cpu,CPU micro,pillow,Contrast,ok,True,False,3,443.1399066364331,442.9776331418986,0.9725204870610686,0.0021954166854052924,1.1005105313943826,,,,gcp_runs/prod-c4-standard-16-rgb-micro-cpu-r3/results/image-rgb/micro/pillow_micro_results.json
rgb_micro_cpu,CPU micro,pillow,EnhanceDetail,ok,True,False,3,275.34882722095074,275.63340459256034,1.4025484045223595,0.005088455829929606,1.5871329298488301,,,,gcp_runs/prod-c4-standard-16-rgb-micro-cpu-r3/results/image-rgb/micro/pillow_micro_results.json
rgb_micro_cpu,CPU micro,pillow,EnhanceEdge,ok,True,False,3,218.95869735877116,218.856598250263,0.465925290863339,0.0021289067571568137,0.5272441005203188,,,,gcp_runs/prod-c4-standard-16-rgb-micro-cpu-r3/results/image-rgb/micro/pillow_micro_results.json
rgb_micro_cpu,CPU micro,pillow,Equalize,ok,True,False,3,881.6823376096509,875.939629218844,11.735486851498502,0.013397597802446861,13.27995352585659,,,,gcp_runs/prod-c4-standard-16-rgb-micro-cpu-r3/results/image-rgb/micro/pillow_micro_results.json
rgb_micro_cpu,CPU micro,pillow,GaussianBlur,ok,True,False,3,169.12475874872086,169.16430936027587,0.5620112547655649,0.003322280313683825,0.6359756044839365,,,,gcp_runs/prod-c4-standard-16-rgb-micro-cpu-r3/results/image-rgb/micro/pillow_micro_results.json
rgb_micro_cpu,CPU micro,pillow,Grayscale,ok,True,False,3,1590.640285714936,1588.0087125759412,14.564591216434719,0.009171606617201237,16.48138649251307,,,,gcp_runs/prod-c4-standard-16-rgb-micro-cpu-r3/results/image-rgb/micro/pillow_micro_results.json
rgb_micro_cpu,CPU micro,pillow,HorizontalFlip,ok,True,False,3,2612.4825046332653,2617.068178949163,20.688224490382908,0.007905114836820909,23.41092987801284,,,,gcp_runs/prod-c4-standard-16-rgb-micro-cpu-r3/results/image-rgb/micro/pillow_micro_results.json
rgb_micro_cpu,CPU micro,pillow,Invert,ok,True,False,3,1974.2051519649276,1974.1298221044374,26.332359690703317,0.013338717340601654,29.7978701134182,,,,gcp_runs/prod-c4-standard-16-rgb-micro-cpu-r3/results/image-rgb/micro/pillow_micro_results.json
rgb_micro_cpu,CPU micro,pillow,JpegCompression,ok,True,False,3,515.4608873331011,515.7173480096561,1.1265341057820188,0.0021844021926540388,1.2747933476801043,,,,gcp_runs/prod-c4-standard-16-rgb-micro-cpu-r3/results/image-rgb/micro/pillow_micro_results.json
rgb_micro_cpu,CPU micro,pillow,MedianBlur,early_stopped,True,True,0,6.001325167014635,6.001325167014635,0.0,0.0,0.0,,,MedianBlur slower than threshold: 0.167 sec/image >= 0.050,gcp_runs/prod-c4-standard-16-rgb-micro-cpu-r3/results/image-rgb/micro/pillow_micro_results.json
rgb_micro_cpu,CPU micro,pillow,Pad,ok,True,False,3,3167.1103495273055,3147.2080953902873,36.66595701047727,0.011650312244742209,41.49143629418483,,,,gcp_runs/prod-c4-standard-16-rgb-micro-cpu-r3/results/image-rgb/micro/pillow_micro_results.json
rgb_micro_cpu,CPU micro,pillow,Posterize,ok,True,False,3,1977.2574405804992,1976.0267723636125,6.895372013394282,0.003489513456918615,7.80284798066777,,,,gcp_runs/prod-c4-standard-16-rgb-micro-cpu-r3/results/image-rgb/micro/pillow_micro_results.json
rgb_micro_cpu,CPU micro,pillow,Resize,ok,True,False,3,396.29043665935353,395.84976959759496,4.3026854902653415,0.010869490955215862,4.868946987044264,,,,gcp_runs/prod-c4-standard-16-rgb-micro-cpu-r3/results/image-rgb/micro/pillow_micro_results.json
rgb_micro_cpu,CPU micro,pillow,Rotate,ok,True,False,3,1045.4874757910588,1046.3050544501145,12.704993893220054,0.012142724379647732,14.377054022834173,,,,gcp_runs/prod-c4-standard-16-rgb-micro-cpu-r3/results/image-rgb/micro/pillow_micro_results.json
rgb_micro_cpu,CPU micro,pillow,Saturation,ok,True,False,3,499.7040175650121,498.6168757886653,2.899860892963618,0.0058158097605037744,3.2815015156434266,,,,gcp_runs/prod-c4-standard-16-rgb-micro-cpu-r3/results/image-rgb/micro/pillow_micro_results.json
rgb_micro_cpu,CPU micro,pillow,Shear,ok,True,False,3,217.42002534410938,217.50053391434406,0.4947060236019844,0.0022745048699365916,0.5598125655568167,,,,gcp_runs/prod-c4-standard-16-rgb-micro-cpu-r3/results/image-rgb/micro/pillow_micro_results.json
rgb_micro_cpu,CPU micro,pillow,Solarize,ok,True,False,3,1965.6684351380438,1966.1907786091106,6.079404596520029,0.0030919708619631604,6.879493925414434,,,,gcp_runs/prod-c4-standard-16-rgb-micro-cpu-r3/results/image-rgb/micro/pillow_micro_results.json
rgb_micro_cpu,CPU micro,pillow,Transpose,ok,True,False,3,1934.4496792246143,1951.4694826040995,34.52317697402662,0.01769086182580619,39.066652417701306,,,,gcp_runs/prod-c4-standard-16-rgb-micro-cpu-r3/results/image-rgb/micro/pillow_micro_results.json
rgb_micro_cpu,CPU micro,pillow,UnsharpMask,ok,True,False,3,134.11764063506152,134.11611076456973,0.16067209048845432,0.0011980073801163345,0.18181758640174725,,,,gcp_runs/prod-c4-standard-16-rgb-micro-cpu-r3/results/image-rgb/micro/pillow_micro_results.json
rgb_micro_cpu,CPU micro,pillow,VerticalFlip,ok,True,False,3,3670.1405066472907,3676.8427709291204,20.871838172378197,0.00567656532321723,23.618708319117523,,,,gcp_runs/prod-c4-standard-16-rgb-micro-cpu-r3/results/image-rgb/micro/pillow_micro_results.json
rgb_micro_cpu,CPU micro,torchvision,Affine,ok,True,False,3,240.0198572940252,240.3623571815958,0.7776826583346781,0.003235459443206959,0.8800307725819152,,,,gcp_runs/prod-c4-standard-16-rgb-micro-cpu-r3/results/image-rgb/micro/torchvision_micro_results.json
rgb_micro_cpu,CPU micro,torchvision,AutoContrast,ok,True,False,3,159.18722037474961,159.01897163885727,0.41230261166485815,0.0025927888189418366,0.46656432671129155,,,,gcp_runs/prod-c4-standard-16-rgb-micro-cpu-r3/results/image-rgb/micro/torchvision_micro_results.json
rgb_micro_cpu,CPU micro,torchvision,Brightness,ok,True,False,3,803.8742846553,804.5457196696949,14.528251954572044,0.018057708343208384,16.440264746580677,,,,gcp_runs/prod-c4-standard-16-rgb-micro-cpu-r3/results/image-rgb/micro/torchvision_micro_results.json
rgb_micro_cpu,CPU micro,torchvision,ChannelShuffle,ok,True,False,3,1866.2363576011383,1826.9303107487583,72.34431213689318,0.03959883511223984,81.86529584968424,,,,gcp_runs/prod-c4-standard-16-rgb-micro-cpu-r3/results/image-rgb/micro/torchvision_micro_results.json
rgb_micro_cpu,CPU micro,torchvision,ColorJiggle,ok,True,False,3,47.27194486505558,47.19071805879349,0.17470024792780117,0.0037020044431226367,0.19769194093047632,,,,gcp_runs/prod-c4-standard-16-rgb-micro-cpu-r3/results/image-rgb/micro/torchvision_micro_results.json
rgb_micro_cpu,CPU micro,torchvision,ColorJitter,ok,True,False,3,47.14511161872707,47.19797433334073,0.14884923758156635,0.0031537208891700037,0.16843876887732026,,,,gcp_runs/prod-c4-standard-16-rgb-micro-cpu-r3/results/image-rgb/micro/torchvision_micro_results.json
rgb_micro_cpu,CPU micro,torchvision,Contrast,ok,True,False,3,474.78411105336346,473.6634129447763,6.807592177022403,0.014372214511354056,7.7035157448366665,,,,gcp_runs/prod-c4-standard-16-rgb-micro-cpu-r3/results/image-rgb/micro/torchvision_micro_results.json
rgb_micro_cpu,CPU micro,torchvision,Elastic,early_stopped,True,True,0,8.184773012111986,8.184773012111986,0.0,0.0,0.0,,,Elastic slower than threshold: 0.122 sec/image >= 0.050,gcp_runs/prod-c4-standard-16-rgb-micro-cpu-r3/results/image-rgb/micro/torchvision_micro_results.json
rgb_micro_cpu,CPU micro,torchvision,Equalize,ok,True,False,3,313.15391616660816,313.34195957853916,1.3222967872874383,0.004219979951188135,1.4963196759344006,,,,gcp_runs/prod-c4-standard-16-rgb-micro-cpu-r3/results/image-rgb/micro/torchvision_micro_results.json
rgb_micro_cpu,CPU micro,torchvision,Erasing,ok,True,False,3,1872.1331311614863,1843.3048101468032,71.19768256076885,0.0386250185909831,80.56776233658934,,,,gcp_runs/prod-c4-standard-16-rgb-micro-cpu-r3/results/image-rgb/micro/torchvision_micro_results.json
rgb_micro_cpu,CPU micro,torchvision,GaussianBlur,ok,True,False,3,86.28098494010361,86.3167369645643,0.19430647346079424,0.0022510868725327637,0.21987847372543784,,,,gcp_runs/prod-c4-standard-16-rgb-micro-cpu-r3/results/image-rgb/micro/torchvision_micro_results.json
rgb_micro_cpu,CPU micro,torchvision,Grayscale,ok,True,False,3,1198.1445078853967,1182.8903381301213,31.93529860776101,0.02699768319880218,36.138192365770124,,,,gcp_runs/prod-c4-standard-16-rgb-micro-cpu-r3/results/image-rgb/micro/torchvision_micro_results.json
rgb_micro_cpu,CPU micro,torchvision,HorizontalFlip,ok,True,False,3,1999.2151321295719,1991.2830278844958,82.3217723994021,0.04134107067987181,93.15585501172534,,,,gcp_runs/prod-c4-standard-16-rgb-micro-cpu-r3/results/image-rgb/micro/torchvision_micro_results.json
rgb_micro_cpu,CPU micro,torchvision,Invert,ok,True,False,3,2618.5830094756016,2531.8341844950696,151.65605353781652,0.05989967844914839,171.61498013521756,,,,gcp_runs/prod-c4-standard-16-rgb-micro-cpu-r3/results/image-rgb/micro/torchvision_micro_results.json
rgb_micro_cpu,CPU micro,torchvision,JpegCompression,ok,True,False,3,512.1163711938124,511.23478224087825,4.488461519856044,0.008779648169050473,5.07917235480288,,,,gcp_runs/prod-c4-standard-16-rgb-micro-cpu-r3/results/image-rgb/micro/torchvision_micro_results.json
rgb_micro_cpu,CPU micro,torchvision,Pad,ok,True,False,3,2419.810958439968,2355.148420092006,121.58930900855967,0.05162702612339382,137.59125576187813,,,,gcp_runs/prod-c4-standard-16-rgb-micro-cpu-r3/results/image-rgb/micro/torchvision_micro_results.json
rgb_micro_cpu,CPU micro,torchvision,Perspective,ok,True,False,3,201.96276727723819,200.8071993451465,2.4526081595160965,0.012213746158077554,2.7753874029820507,,,,gcp_runs/prod-c4-standard-16-rgb-micro-cpu-r3/results/image-rgb/micro/torchvision_micro_results.json
rgb_micro_cpu,CPU micro,torchvision,PhotoMetricDistort,ok,True,False,3,45.26150289602004,45.25109689436027,0.051946441193564556,0.0011479598232686983,0.05878293194083322,,,,gcp_runs/prod-c4-standard-16-rgb-micro-cpu-r3/results/image-rgb/micro/torchvision_micro_results.json
rgb_micro_cpu,CPU micro,torchvision,Posterize,ok,True,False,3,2598.3294552645357,2519.6164543896753,136.79084550175997,0.054290344573454025,154.79341368731056,,,,gcp_runs/prod-c4-standard-16-rgb-micro-cpu-r3/results/image-rgb/micro/torchvision_micro_results.json
rgb_micro_cpu,CPU micro,torchvision,RandomCrop224,ok,True,False,3,8492.216728388423,7807.696863479691,1207.2420125136666,0.1546220394596147,1366.1229417675104,,,cv_throughput 0.155 > 0.150,gcp_runs/prod-c4-standard-16-rgb-micro-cpu-r3/results/image-rgb/micro/torchvision_micro_results.json
rgb_micro_cpu,CPU micro,torchvision,RandomResizedCrop,ok,True,False,3,2822.9228181248604,2739.897297572215,171.8088597487223,0.06270631380999564,194.42002719317148,,,,gcp_runs/prod-c4-standard-16-rgb-micro-cpu-r3/results/image-rgb/micro/torchvision_micro_results.json
rgb_micro_cpu,CPU micro,torchvision,Resize,ok,True,False,3,978.8928524201257,973.5202444671846,22.74606280508231,0.023364755827477848,25.739593147696077,,,,gcp_runs/prod-c4-standard-16-rgb-micro-cpu-r3/results/image-rgb/micro/torchvision_micro_results.json
rgb_micro_cpu,CPU micro,torchvision,Rotate,ok,True,False,3,222.876755782408,223.26954856333336,1.0782473055598345,0.004829352289633781,1.2201516893511999,,,,gcp_runs/prod-c4-standard-16-rgb-micro-cpu-r3/results/image-rgb/micro/torchvision_micro_results.json
rgb_micro_cpu,CPU micro,torchvision,Sharpen,ok,True,False,3,74.97606115959763,74.88637012601164,0.33892911540505705,0.004525911922753626,0.38353439939001044,,,,gcp_runs/prod-c4-standard-16-rgb-micro-cpu-r3/results/image-rgb/micro/torchvision_micro_results.json
rgb_micro_cpu,CPU micro,torchvision,Solarize,ok,True,False,3,545.42998067663,541.397443818294,9.806778690135074,0.01811382525371964,11.09741478059984,,,,gcp_runs/prod-c4-standard-16-rgb-micro-cpu-r3/results/image-rgb/micro/torchvision_micro_results.json
rgb_micro_cpu,CPU micro,torchvision,VerticalFlip,ok,True,False,3,2490.0475972344707,2452.075962509314,148.94974560510386,0.06074434392834927,168.55250441283266,,,,gcp_runs/prod-c4-standard-16-rgb-micro-cpu-r3/results/image-rgb/micro/torchvision_micro_results.json
rgb_micro_gpu,GPU micro,kornia,Affine,unsupported,False,False,0,0.0,0.0,0.0,0.0,0.0,,,"ValueError: Inputs must have same device Got center (cuda:0, torch.float32), angle (cpu, torch.float32) and scale (cpu, torch.float32)",gcp_runs/prod-g2-standard-16-rgb-micro-gpu-r3/results/image-rgb/micro/kornia_micro_dev-cuda_results.json
rgb_micro_gpu,GPU micro,kornia,AutoContrast,ok,True,False,3,689.187082251171,689.4905878323298,0.9091576266043517,0.0013185932377447341,1.0288087048934147,,,,gcp_runs/prod-g2-standard-16-rgb-micro-gpu-r3/results/image-rgb/micro/kornia_micro_dev-cuda_results.json
rgb_micro_gpu,GPU micro,kornia,Blur,ok,True,False,3,617.0469541184927,618.1442218627799,3.6949698286177406,0.005977520614012917,4.181251977391996,,,,gcp_runs/prod-g2-standard-16-rgb-micro-gpu-r3/results/image-rgb/micro/kornia_micro_dev-cuda_results.json
rgb_micro_gpu,GPU micro,kornia,Brightness,ok,True,False,3,658.1587992452982,658.4432868191186,2.491486485924586,0.003783904454339169,2.819382370928514,,,,gcp_runs/prod-g2-standard-16-rgb-micro-gpu-r3/results/image-rgb/micro/kornia_micro_dev-cuda_results.json
rgb_micro_gpu,GPU micro,kornia,CLAHE,ok,True,False,3,130.43043363838993,130.32322168395578,0.2420155258033423,0.0018570406921818528,0.2738663487824319,,,,gcp_runs/prod-g2-standard-16-rgb-micro-gpu-r3/results/image-rgb/micro/kornia_micro_dev-cuda_results.json
rgb_micro_gpu,GPU micro,kornia,ChannelDropout,ok,True,False,3,613.3500526750965,613.1618477969738,0.9115253016330954,0.001486598203896916,1.0314879814112041,,,,gcp_runs/prod-g2-standard-16-rgb-micro-gpu-r3/results/image-rgb/micro/kornia_micro_dev-cuda_results.json
rgb_micro_gpu,GPU micro,kornia,ChannelShuffle,ok,True,False,3,710.5637824620089,710.4727979356807,0.8124170584238032,0.001143487915067723,0.9193364464554443,,,,gcp_runs/prod-g2-standard-16-rgb-micro-gpu-r3/results/image-rgb/micro/kornia_micro_dev-cuda_results.json
rgb_micro_gpu,GPU micro,kornia,ColorJiggle,ok,True,False,3,247.41138674062358,247.23329166106043,0.30873232983046994,0.0012487490165916668,0.34936351972091784,,,,gcp_runs/prod-g2-standard-16-rgb-micro-gpu-r3/results/image-rgb/micro/kornia_micro_dev-cuda_results.json
rgb_micro_gpu,GPU micro,kornia,ColorJitter,ok,True,False,3,283.30737887150804,283.2428816090508,0.6200258448074227,0.002189025338554564,0.7016252932720176,,,,gcp_runs/prod-g2-standard-16-rgb-micro-gpu-r3/results/image-rgb/micro/kornia_micro_dev-cuda_results.json
rgb_micro_gpu,GPU micro,kornia,Contrast,ok,True,False,3,652.2956975010368,653.1897078629901,1.6934771788847705,0.002592626856331279,1.9163498299873962,,,,gcp_runs/prod-g2-standard-16-rgb-micro-gpu-r3/results/image-rgb/micro/kornia_micro_dev-cuda_results.json
rgb_micro_gpu,GPU micro,kornia,CornerIllumination,unsupported,False,False,0,0.0,0.0,0.0,0.0,0.0,,,"RuntimeError: Expected all tensors to be on the same device, but found at least two devices, cuda:0 and cpu!",gcp_runs/prod-g2-standard-16-rgb-micro-gpu-r3/results/image-rgb/micro/kornia_micro_dev-cuda_results.json
rgb_micro_gpu,GPU micro,kornia,Elastic,ok,True,False,3,202.59814946364196,202.63688626748316,0.2471296946111924,0.0012195691473712155,0.279653575588703,,,,gcp_runs/prod-g2-standard-16-rgb-micro-gpu-r3/results/image-rgb/micro/kornia_micro_dev-cuda_results.json
rgb_micro_gpu,GPU micro,kornia,Equalize,ok,True,False,3,320.8201698859289,320.1157910644295,1.267046891302545,0.003958089312274905,1.4337985329880296,,,,gcp_runs/prod-g2-standard-16-rgb-micro-gpu-r3/results/image-rgb/micro/kornia_micro_dev-cuda_results.json
rgb_micro_gpu,GPU micro,kornia,Erasing,unsupported,False,False,0,0.0,0.0,0.0,0.0,0.0,,,"NotImplementedError: ""check_uniform_bounds"" not implemented for 'Long'",gcp_runs/prod-g2-standard-16-rgb-micro-gpu-r3/results/image-rgb/micro/kornia_micro_dev-cuda_results.json
rgb_micro_gpu,GPU micro,kornia,GaussianBlur,ok,True,False,3,455.59953283453956,456.31441600438797,2.374877940764096,0.005204477126888008,2.687427380049604,,,,gcp_runs/prod-g2-standard-16-rgb-micro-gpu-r3/results/image-rgb/micro/kornia_micro_dev-cuda_results.json
rgb_micro_gpu,GPU micro,kornia,GaussianIllumination,ok,True,False,3,375.2930999000727,375.2936493396267,0.4541094094386062,0.0012100109080920103,0.5138731719706057,,,,gcp_runs/prod-g2-standard-16-rgb-micro-gpu-r3/results/image-rgb/micro/kornia_micro_dev-cuda_results.json
rgb_micro_gpu,GPU micro,kornia,GaussianNoise,ok,True,False,3,771.5859954186185,770.9884884737124,3.716454147166196,0.0048203756641340715,4.205563772502717,,,,gcp_runs/prod-g2-standard-16-rgb-micro-gpu-r3/results/image-rgb/micro/kornia_micro_dev-cuda_results.json
rgb_micro_gpu,GPU micro,kornia,Grayscale,ok,True,False,3,685.6433377708303,685.3640741287164,1.0128952562926645,0.001477893713031762,1.146198883807671,,,,gcp_runs/prod-g2-standard-16-rgb-micro-gpu-r3/results/image-rgb/micro/kornia_micro_dev-cuda_results.json
rgb_micro_gpu,GPU micro,kornia,HorizontalFlip,ok,True,False,3,849.3443574352428,848.3028907517996,5.362390070616801,0.006321315333329159,6.068115607509958,,,,gcp_runs/prod-g2-standard-16-rgb-micro-gpu-r3/results/image-rgb/micro/kornia_micro_dev-cuda_results.json
rgb_micro_gpu,GPU micro,kornia,Hue,ok,True,False,3,410.233600763288,409.3663389529441,1.8426163804529123,0.004501142876490188,2.0851167240046977,,,,gcp_runs/prod-g2-standard-16-rgb-micro-gpu-r3/results/image-rgb/micro/kornia_micro_dev-cuda_results.json
rgb_micro_gpu,GPU micro,kornia,Invert,ok,True,False,3,772.0290034976149,772.5392876450356,2.022580418768506,0.0026180939288330874,2.2887652044979796,,,,gcp_runs/prod-g2-standard-16-rgb-micro-gpu-r3/results/image-rgb/micro/kornia_micro_dev-cuda_results.json
rgb_micro_gpu,GPU micro,kornia,JpegCompression,ok,True,False,3,102.62183822075302,103.02078191739942,0.7488396429166316,0.007268821192961246,0.8473918280588498,,,,gcp_runs/prod-g2-standard-16-rgb-micro-gpu-r3/results/image-rgb/micro/kornia_micro_dev-cuda_results.json
rgb_micro_gpu,GPU micro,kornia,LinearIllumination,unsupported,False,False,0,0.0,0.0,0.0,0.0,0.0,,,"RuntimeError: Expected all tensors to be on the same device, but found at least two devices, cuda:0 and cpu!",gcp_runs/prod-g2-standard-16-rgb-micro-gpu-r3/results/image-rgb/micro/kornia_micro_dev-cuda_results.json
rgb_micro_gpu,GPU micro,kornia,LongestMaxSize,ok,True,False,3,282.4696431971786,282.6075380454338,0.4277041798076466,0.0015134209892833294,0.4839928417571268,,,,gcp_runs/prod-g2-standard-16-rgb-micro-gpu-r3/results/image-rgb/micro/kornia_micro_dev-cuda_results.json
rgb_micro_gpu,GPU micro,kornia,MedianBlur,ok,True,False,3,137.97589425221238,137.9603673398999,0.5805404736106691,0.004208023541865196,0.6569433894806016,,,,gcp_runs/prod-g2-standard-16-rgb-micro-gpu-r3/results/image-rgb/micro/kornia_micro_dev-cuda_results.json
rgb_micro_gpu,GPU micro,kornia,MotionBlur,ok,True,False,3,298.3322045387592,298.52341609864203,0.8674028389016278,0.0029056442212727768,0.9815587145699729,,,,gcp_runs/prod-g2-standard-16-rgb-micro-gpu-r3/results/image-rgb/micro/kornia_micro_dev-cuda_results.json
rgb_micro_gpu,GPU micro,kornia,OpticalDistortion,ok,True,False,3,265.4964263509959,264.9210714323399,1.1412814098233195,0.004308005413283252,1.2914814931979137,,,,gcp_runs/prod-g2-standard-16-rgb-micro-gpu-r3/results/image-rgb/micro/kornia_micro_dev-cuda_results.json
rgb_micro_gpu,GPU micro,kornia,Perspective,unsupported,False,False,0,0.0,0.0,0.0,0.0,0.0,,,"NotImplementedError: ""check_uniform_bounds"" not implemented for 'Long'",gcp_runs/prod-g2-standard-16-rgb-micro-gpu-r3/results/image-rgb/micro/kornia_micro_dev-cuda_results.json
rgb_micro_gpu,GPU micro,kornia,PlankianJitter,ok,True,False,3,607.3772451388661,608.3266443781764,1.6484229813803524,0.002709766203098582,1.8653662059950915,,,,gcp_runs/prod-g2-standard-16-rgb-micro-gpu-r3/results/image-rgb/micro/kornia_micro_dev-cuda_results.json
rgb_micro_gpu,GPU micro,kornia,PlasmaBrightness,early_stopped,True,True,0,6.406566084455531,6.406566084455531,0.0,0.0,0.0,,,PlasmaBrightness slower than threshold: 0.156 sec/image >= 0.050,gcp_runs/prod-g2-standard-16-rgb-micro-gpu-r3/results/image-rgb/micro/kornia_micro_dev-cuda_results.json
rgb_micro_gpu,GPU micro,kornia,PlasmaContrast,early_stopped,True,True,0,6.846193898073568,6.846193898073568,0.0,0.0,0.0,,,PlasmaContrast slower than threshold: 0.146 sec/image >= 0.050,gcp_runs/prod-g2-standard-16-rgb-micro-gpu-r3/results/image-rgb/micro/kornia_micro_dev-cuda_results.json
rgb_micro_gpu,GPU micro,kornia,PlasmaShadow,early_stopped,True,True,0,6.8503896975720915,6.8503896975720915,0.0,0.0,0.0,,,PlasmaShadow slower than threshold: 0.146 sec/image >= 0.050,gcp_runs/prod-g2-standard-16-rgb-micro-gpu-r3/results/image-rgb/micro/kornia_micro_dev-cuda_results.json
rgb_micro_gpu,GPU micro,kornia,Posterize,ok,True,False,3,564.2230357320485,562.1233933374134,3.8330445366131296,0.006818866786268673,4.337498218257653,,,,gcp_runs/prod-g2-standard-16-rgb-micro-gpu-r3/results/image-rgb/micro/kornia_micro_dev-cuda_results.json
rgb_micro_gpu,GPU micro,kornia,RGBShift,ok,True,False,3,592.9072206099205,593.2371231208112,2.540267518310741,0.0042820440921621525,2.8745833056003236,,,,gcp_runs/prod-g2-standard-16-rgb-micro-gpu-r3/results/image-rgb/micro/kornia_micro_dev-cuda_results.json
rgb_micro_gpu,GPU micro,kornia,Rain,ok,True,False,3,284.08131271117105,284.19976400318325,0.4819196826133491,0.0016957075397428945,0.5453434586298084,,,,gcp_runs/prod-g2-standard-16-rgb-micro-gpu-r3/results/image-rgb/micro/kornia_micro_dev-cuda_results.json
rgb_micro_gpu,GPU micro,kornia,RandomCrop224,ok,True,False,3,307.39558190563304,308.63001190209366,2.1445833586099528,0.006948719424247946,2.426824527610374,,,,gcp_runs/prod-g2-standard-16-rgb-micro-gpu-r3/results/image-rgb/micro/kornia_micro_dev-cuda_results.json
rgb_micro_gpu,GPU micro,kornia,RandomGamma,ok,True,False,3,576.3641141836457,576.2317315920235,1.0318139638134312,0.0017906232983086801,1.1676074167321466,,,,gcp_runs/prod-g2-standard-16-rgb-micro-gpu-r3/results/image-rgb/micro/kornia_micro_dev-cuda_results.json
rgb_micro_gpu,GPU micro,kornia,RandomJigsaw,ok,True,False,3,620.7991140868886,621.438358473447,1.181560885766536,0.0019013324003188678,1.3370620111040348,,,,gcp_runs/prod-g2-standard-16-rgb-micro-gpu-r3/results/image-rgb/micro/kornia_micro_dev-cuda_results.json
rgb_micro_gpu,GPU micro,kornia,RandomResizedCrop,ok,True,False,3,293.53517799625143,293.6813642110621,0.48074485231535435,0.0016369607026540983,0.5440140129957616,,,,gcp_runs/prod-g2-standard-16-rgb-micro-gpu-r3/results/image-rgb/micro/kornia_micro_dev-cuda_results.json
rgb_micro_gpu,GPU micro,kornia,RandomRotate90,ok,True,False,3,289.5686289098681,289.38950005080795,0.4263037494366073,0.001473114087974033,0.4824081056077932,,,,gcp_runs/prod-g2-standard-16-rgb-micro-gpu-r3/results/image-rgb/micro/kornia_micro_dev-cuda_results.json
rgb_micro_gpu,GPU micro,kornia,Resize,ok,True,False,3,272.8705960729614,272.9917116814011,0.358568203554547,0.0013134765203898174,0.4057581197363142,,,,gcp_runs/prod-g2-standard-16-rgb-micro-gpu-r3/results/image-rgb/micro/kornia_micro_dev-cuda_results.json
rgb_micro_gpu,GPU micro,kornia,Rotate,ok,True,False,3,290.49729305929185,290.5350328719146,0.8777889672699762,0.0030212844165232173,0.9933117252282087,,,,gcp_runs/prod-g2-standard-16-rgb-micro-gpu-r3/results/image-rgb/micro/kornia_micro_dev-cuda_results.json
rgb_micro_gpu,GPU micro,kornia,SaltAndPepper,ok,True,False,3,152.61907468464406,152.5979445667651,0.10570937078335829,0.0006927312886387405,0.11962141400817022,,,,gcp_runs/prod-g2-standard-16-rgb-micro-gpu-r3/results/image-rgb/micro/kornia_micro_dev-cuda_results.json
rgb_micro_gpu,GPU micro,kornia,Saturation,ok,True,False,3,414.042090429157,414.1708382130776,0.782027035448993,0.0018881750314025372,0.8849468980828806,,,,gcp_runs/prod-g2-standard-16-rgb-micro-gpu-r3/results/image-rgb/micro/kornia_micro_dev-cuda_results.json
rgb_micro_gpu,GPU micro,kornia,Sharpen,ok,True,False,3,525.5464747667793,525.6740909317008,2.0519243636234035,0.0039034154412795736,2.321971004041658,,,,gcp_runs/prod-g2-standard-16-rgb-micro-gpu-r3/results/image-rgb/micro/kornia_micro_dev-cuda_results.json
rgb_micro_gpu,GPU micro,kornia,SmallestMaxSize,ok,True,False,3,258.4406409004114,258.5084481926129,0.32582962968811985,0.0012604215915038351,0.3687109358443685,,,,gcp_runs/prod-g2-standard-16-rgb-micro-gpu-r3/results/image-rgb/micro/kornia_micro_dev-cuda_results.json
rgb_micro_gpu,GPU micro,kornia,Snow,ok,True,False,3,367.2399362926251,366.8819914115106,1.6508297650881347,0.004499620596630738,1.8680897381493673,,,,gcp_runs/prod-g2-standard-16-rgb-micro-gpu-r3/results/image-rgb/micro/kornia_micro_dev-cuda_results.json
rgb_micro_gpu,GPU micro,kornia,Solarize,ok,True,False,3,549.5912899657708,548.7422161378341,3.8444552682382467,0.007005940412779521,4.35041067664946,,,,gcp_runs/prod-g2-standard-16-rgb-micro-gpu-r3/results/image-rgb/micro/kornia_micro_dev-cuda_results.json
rgb_micro_gpu,GPU micro,kornia,ThinPlateSpline,ok,True,False,3,376.07199333449756,376.05340650739817,1.3516890934811627,0.0035944072572962338,1.52958020148478,,,,gcp_runs/prod-g2-standard-16-rgb-micro-gpu-r3/results/image-rgb/micro/kornia_micro_dev-cuda_results.json
rgb_micro_gpu,GPU micro,kornia,VerticalFlip,ok,True,False,3,854.0032103543203,852.6982579741422,3.927668041414495,0.004606164026587704,4.444574793956372,,,,gcp_runs/prod-g2-standard-16-rgb-micro-gpu-r3/results/image-rgb/micro/kornia_micro_dev-cuda_results.json
rgb_micro_gpu,GPU micro,torchvision,Affine,ok,True,False,3,1316.8819095333076,1278.4468246572076,67.96648090721753,0.0531633225538665,76.91131345340105,,,,gcp_runs/prod-g2-standard-16-rgb-micro-gpu-r3/results/image-rgb/micro/torchvision_micro_dev-cuda_results.json
rgb_micro_gpu,GPU micro,torchvision,AutoContrast,ok,True,False,3,3942.248752278044,3676.4397939254045,469.9639868617779,0.12783127514784853,531.8143152751913,,,,gcp_runs/prod-g2-standard-16-rgb-micro-gpu-r3/results/image-rgb/micro/torchvision_micro_dev-cuda_results.json
rgb_micro_gpu,GPU micro,torchvision,Brightness,ok,True,False,3,5706.845846104597,5244.086619954797,845.1205324909289,0.16115685985717254,956.3439111853826,,,cv_throughput 0.161 > 0.150,gcp_runs/prod-g2-standard-16-rgb-micro-gpu-r3/results/image-rgb/micro/torchvision_micro_dev-cuda_results.json
rgb_micro_gpu,GPU micro,torchvision,ChannelShuffle,ok,True,False,3,9557.423300137487,8292.48185842552,2222.3393093734308,0.26799447346579813,2514.8136690549773,,,cv_throughput 0.268 > 0.150,gcp_runs/prod-g2-standard-16-rgb-micro-gpu-r3/results/image-rgb/micro/torchvision_micro_dev-cuda_results.json
rgb_micro_gpu,GPU micro,torchvision,ColorJiggle,ok,True,False,3,679.9759198903604,671.1886481256596,16.487632213214145,0.024564825789674765,18.657512237333517,,,,gcp_runs/prod-g2-standard-16-rgb-micro-gpu-r3/results/image-rgb/micro/torchvision_micro_dev-cuda_results.json
rgb_micro_gpu,GPU micro,torchvision,ColorJitter,ok,True,False,3,686.9721949261277,677.4529388381294,20.71179175032995,0.030573034026321975,23.437598743206834,,,,gcp_runs/prod-g2-standard-16-rgb-micro-gpu-r3/results/image-rgb/micro/torchvision_micro_dev-cuda_results.json
rgb_micro_gpu,GPU micro,torchvision,Contrast,ok,True,False,3,3274.001228274322,3100.93173935583,318.3055474644864,0.10264835675828497,360.19663528581793,,,,gcp_runs/prod-g2-standard-16-rgb-micro-gpu-r3/results/image-rgb/micro/torchvision_micro_dev-cuda_results.json
rgb_micro_gpu,GPU micro,torchvision,Elastic,early_stopped,True,True,0,5.509973312593076,5.509973312593076,0.0,0.0,0.0,,,Elastic slower than threshold: 0.181 sec/image >= 0.050,gcp_runs/prod-g2-standard-16-rgb-micro-gpu-r3/results/image-rgb/micro/torchvision_micro_dev-cuda_results.json
rgb_micro_gpu,GPU micro,torchvision,Equalize,ok,True,False,3,2015.867668512154,1945.9264748341545,131.72903859627107,0.06769476663166214,149.0654399515495,,,,gcp_runs/prod-g2-standard-16-rgb-micro-gpu-r3/results/image-rgb/micro/torchvision_micro_dev-cuda_results.json
rgb_micro_gpu,GPU micro,torchvision,Erasing,ok,True,False,3,2241.97676526237,2178.65783636078,162.54296174713343,0.07460692497663811,183.9346765303896,,,,gcp_runs/prod-g2-standard-16-rgb-micro-gpu-r3/results/image-rgb/micro/torchvision_micro_dev-cuda_results.json
rgb_micro_gpu,GPU micro,torchvision,GaussianBlur,ok,True,False,3,2803.182369409111,2663.1890911787955,246.67521777989023,0.09262399677024266,279.1392866397532,,,,gcp_runs/prod-g2-standard-16-rgb-micro-gpu-r3/results/image-rgb/micro/torchvision_micro_dev-cuda_results.json
rgb_micro_gpu,GPU micro,torchvision,Grayscale,ok,True,False,3,8863.824475146137,7811.718925899525,1875.251478090658,0.24005618940964668,2122.046813520815,,,cv_throughput 0.240 > 0.150,gcp_runs/prod-g2-standard-16-rgb-micro-gpu-r3/results/image-rgb/micro/torchvision_micro_dev-cuda_results.json
rgb_micro_gpu,GPU micro,torchvision,HorizontalFlip,ok,True,False,3,16083.824906623502,13570.24950285093,4475.646154581958,0.32981310724181484,5064.670403804998,,,cv_throughput 0.330 > 0.150,gcp_runs/prod-g2-standard-16-rgb-micro-gpu-r3/results/image-rgb/micro/torchvision_micro_dev-cuda_results.json
rgb_micro_gpu,GPU micro,torchvision,Invert,ok,True,False,3,15936.050668485863,13490.345742512029,4500.180741723821,0.3335852785108712,5092.433902766987,,,cv_throughput 0.334 > 0.150,gcp_runs/prod-g2-standard-16-rgb-micro-gpu-r3/results/image-rgb/micro/torchvision_micro_dev-cuda_results.json
rgb_micro_gpu,GPU micro,torchvision,Pad,ok,True,False,3,16609.59554272865,13972.199259311303,4707.777222027887,0.33693888375450604,5327.351434988274,,,cv_throughput 0.337 > 0.150,gcp_runs/prod-g2-standard-16-rgb-micro-gpu-r3/results/image-rgb/micro/torchvision_micro_dev-cuda_results.json
rgb_micro_gpu,GPU micro,torchvision,Perspective,ok,True,False,3,760.5791032407095,750.2571703729477,20.115827642491272,0.026811909884835665,22.763201868554326,,,,gcp_runs/prod-g2-standard-16-rgb-micro-gpu-r3/results/image-rgb/micro/torchvision_micro_dev-cuda_results.json
rgb_micro_gpu,GPU micro,torchvision,PhotoMetricDistort,ok,True,False,3,619.3910570542689,612.711365333645,13.883727586041802,0.022659490865624105,15.71091676394707,,,,gcp_runs/prod-g2-standard-16-rgb-micro-gpu-r3/results/image-rgb/micro/torchvision_micro_dev-cuda_results.json
rgb_micro_gpu,GPU micro,torchvision,Posterize,ok,True,False,3,15121.973345536915,12763.006030951838,4089.8652701545434,0.3204468649655202,4628.118236759134,,,cv_throughput 0.320 > 0.150,gcp_runs/prod-g2-standard-16-rgb-micro-gpu-r3/results/image-rgb/micro/torchvision_micro_dev-cuda_results.json
rgb_micro_gpu,GPU micro,torchvision,RandomCrop224,ok,True,False,3,15008.33157510807,12634.683909142084,4127.557924090749,0.32668470012963047,4670.771489996351,,,cv_throughput 0.327 > 0.150,gcp_runs/prod-g2-standard-16-rgb-micro-gpu-r3/results/image-rgb/micro/torchvision_micro_dev-cuda_results.json
rgb_micro_gpu,GPU micro,torchvision,RandomResizedCrop,ok,True,False,3,3886.8831869845576,3659.6202942736236,425.3289237169537,0.11622214588286262,481.30498646014934,,,,gcp_runs/prod-g2-standard-16-rgb-micro-gpu-r3/results/image-rgb/micro/torchvision_micro_dev-cuda_results.json
rgb_micro_gpu,GPU micro,torchvision,Resize,ok,True,False,3,6472.709593521548,5894.466062420796,1025.7837636824715,0.17402488246088785,1160.783602901148,,,cv_throughput 0.174 > 0.150,gcp_runs/prod-g2-standard-16-rgb-micro-gpu-r3/results/image-rgb/micro/torchvision_micro_dev-cuda_results.json
rgb_micro_gpu,GPU micro,torchvision,Rotate,ok,True,False,3,1363.9033483367562,1336.822368265696,52.66988218005566,0.0393993124519498,59.60158248348838,,,,gcp_runs/prod-g2-standard-16-rgb-micro-gpu-r3/results/image-rgb/micro/torchvision_micro_dev-cuda_results.json
rgb_micro_gpu,GPU micro,torchvision,Sharpen,ok,True,False,3,3332.525195973645,3135.2810392197566,343.75430312202997,0.10964066660115943,388.9946133074886,,,,gcp_runs/prod-g2-standard-16-rgb-micro-gpu-r3/results/image-rgb/micro/torchvision_micro_dev-cuda_results.json
rgb_micro_gpu,GPU micro,torchvision,Solarize,ok,True,False,3,10111.617443050693,8813.645921338644,2282.403574757539,0.25896247649700005,2582.7827838398334,,,cv_throughput 0.259 > 0.150,gcp_runs/prod-g2-standard-16-rgb-micro-gpu-r3/results/image-rgb/micro/torchvision_micro_dev-cuda_results.json
rgb_micro_gpu,GPU micro,torchvision,VerticalFlip,ok,True,False,3,16368.318327648714,13594.033228075894,4826.314512696629,0.3550318313720753,5461.489006874425,,,cv_throughput 0.355 > 0.150,gcp_runs/prod-g2-standard-16-rgb-micro-gpu-r3/results/image-rgb/micro/torchvision_micro_dev-cuda_results.json
